2026-07-29 21:12:33.558 UTC [INFO    ] MainThread - No .env file found at {Path.cwd() / '.env'}
2026-07-29 21:12:33.746 UTC [INFO    ] MainThread - Loaded local config file
2026-07-29 21:12:33.746 UTC [DEBUG   ] ThreadPoolExecutor-0_0 - Encoding `client_id` "6c6c0bfb-5325-4c7a-8f47-e445e2687a63" with `client_secret` as Basic auth credentials.
2026-07-29 21:12:33.746 UTC [DEBUG   ] ThreadPoolExecutor-0_0 - Requesting url https://login.microsoftonline.com/94c3e67c-9e2d-4800-a6b7-635d97882165/oauth2/v2.0/token using method POST.
2026-07-29 21:12:33.746 UTC [DEBUG   ] ThreadPoolExecutor-0_0 - Supplying headers {'Accept': 'application/json', 'Content-Type': 'application/x-www-form-urlencoded;charset=UTF-8'} and data {'grant_type': 'client_credentials', 'scope': 'https://az-phx-001.cognitedata.com/.default'}
2026-07-29 21:12:33.746 UTC [DEBUG   ] ThreadPoolExecutor-0_0 - Passing through key word arguments {'timeout': None, 'auth': <requests.auth.HTTPBasicAuth object at 0x0000029629637950>, 'verify': False, 'proxies': None, 'cert': None}.
2026-07-29 21:12:33.746 UTC [DEBUG   ] ThreadPoolExecutor-0_0 - Starting new HTTPS connection (1): login.microsoftonline.com:443
2026-07-29 21:12:34.366 UTC [DEBUG   ] ThreadPoolExecutor-0_0 - https://login.microsoftonline.com:443 "POST /94c3e67c-9e2d-4800-a6b7-635d97882165/oauth2/v2.0/token HTTP/1.1" 200 1527
2026-07-29 21:12:34.366 UTC [DEBUG   ] ThreadPoolExecutor-0_0 - Request to fetch token completed with status 200.
2026-07-29 21:12:34.366 UTC [DEBUG   ] ThreadPoolExecutor-0_0 - Request url was https://login.microsoftonline.com/94c3e67c-9e2d-4800-a6b7-635d97882165/oauth2/v2.0/token
2026-07-29 21:12:34.366 UTC [DEBUG   ] ThreadPoolExecutor-0_0 - Request headers were {'User-Agent': 'python-requests/2.32.4', 'Accept-Encoding': 'gzip, deflate', 'Accept': 'application/json', 'Connection': 'keep-alive', 'Content-Type': 'application/x-www-form-urlencoded;charset=UTF-8', 'Content-Length': '87', 'Authorization': 'Basic NmM2YzBiZmItNTMyNS00YzdhLThmNDctZTQ0NWUyNjg3YTYzOjVGTThRfjhLaU45bkNZY0hURmdnMWV5clZEbjZ2M0hGSWNTNVphQm8='}
2026-07-29 21:12:34.366 UTC [DEBUG   ] ThreadPoolExecutor-0_0 - Request body was grant_type=client_credentials&scope=https%3A%2F%2Faz-phx-001.cognitedata.com%2F.default
2026-07-29 21:12:34.366 UTC [DEBUG   ] ThreadPoolExecutor-0_0 - Response headers were {'Cache-Control': 'no-store, no-cache', 'Pragma': 'no-cache', 'Content-Type': 'application/json; charset=utf-8', 'Expires': '-1', 'Strict-Transport-Security': 'max-age=31536000; includeSubDomains', 'X-Content-Type-Options': 'nosniff', 'x-ms-clientdata': 'e|||microsoftonline.com|none', 'P3P': 'CP="DSP CUR OTPi IND OTRi ONL FIN"', 'x-ms-request-id': '283f38f0-80e8-4f09-9c22-5cc293345000', 'x-ms-ests-server': '2.1.24997.8 - EUS ProdSlices', 'x-ms-srs': '1.P', 'Content-Security-Policy-Report-Only': "object-src 'none'; base-uri 'self'; script-src 'self' 'nonce-coM4CS3wvmYoUm0khPQG3w' 'unsafe-inline' 'unsafe-eval' https://*.msauth.net https://*.msftauth.net https://*.msftauthimages.net https://*.msauthimages.net https://*.msidentity.com https://*.microsoftonline-p.com https://*.microsoftazuread-sso.com https://*.azureedge.net https://*.outlook.com https://*.office.com https://*.office365.com https://*.microsoft.com https://*.bing.com 'report-sample'; report-uri https://csp.microsoft.com/report/ESTS-UX-All", 'X-XSS-Protection': '0', 'Set-Cookie': 'fpc=AjNymA3G1uJBv21BMpd0EDBkAo9ZAQAAAMFj_OEOAAAA; expires=Fri, 28-Aug-2026 21:12:34 GMT; path=/; secure; HttpOnly; SameSite=None, x-ms-gateway-slice=estsfd; path=/; secure; samesite=none; httponly, stsservicecookie=estsfd; path=/; secure; samesite=none; httponly', 'Date': 'Wed, 29 Jul 2026 21:12:33 GMT', 'Content-Length': '1527'} and content {"token_type":"Bearer","expires_in":3599,"ext_expires_in":3599,"access_token":"eyJ0eXAiOiJKV1QiLCJhbGciOiJSUzI1NiIsIng1dCI6ImFGa21LVkZjLTRXVjZzWENCdk5aa1hJNTA1WSIsImtpZCI6ImFGa21LVkZjLTRXVjZzWENCdk5aa1hJNTA1WSJ9.eyJhdWQiOiJodHRwczovL2F6LXBoeC0wMDEuY29nbml0ZWRhdGEuY29tIiwiaXNzIjoiaHR0cHM6Ly9zdHMud2luZG93cy5uZXQvOTRjM2U2N2MtOWUyZC00ODAwLWE2YjctNjM1ZDk3ODgyMTY1LyIsImlhdCI6MTc4NTM1OTI1NCwibmJmIjoxNzg1MzU5MjU0LCJleHAiOjE3ODUzNjMxNTQsImFpbyI6IkFTUUEyLzhjQUFBQUxHU1g2cTBLZ1BXak83YVYyMlNTYSt2Nm1RcVh4NnBKSExXem0wM1AzSmM9IiwiYXBwaWQiOiI2YzZjMGJmYi01MzI1LTRjN2EtOGY0Ny1lNDQ1ZTI2ODdhNjMiLCJhcHBpZGFjciI6IjEiLCJncm91cHMiOlsiMGU0YmM3MzUtMmE1Ny00NWY4LWJlZDctNWQ1ZmNhNWQ2ZjliIl0sImlkcCI6Imh0dHBzOi8vc3RzLndpbmRvd3MubmV0Lzk0YzNlNjdjLTllMmQtNDgwMC1hNmI3LTYzNWQ5Nzg4MjE2NS8iLCJvaWQiOiJkZTk0ZDZhNi05NmI4LTQxMjYtODAxYi01OWYyMDA3OWI4NzQiLCJyaCI6IjEuQVFNQWZPYkRsQzJlQUVpbXQyTmRsNGdoWmNPenNyUzkxZ05CbDRKVi1rcjd4QWtBQUFBREFBLiIsInN1YiI6ImRlOTRkNmE2LTk2YjgtNDEyNi04MDFiLTU5ZjIwMDc5Yjg3NCIsInRpZCI6Ijk0YzNlNjdjLTllMmQtNDgwMC1hNmI3LTYzNWQ5Nzg4MjE2NSIsInV0aSI6IjhEZ19LT2lBQ1UtY0lsekNrelJRQUEiLCJ2ZXIiOiIxLjAiLCJ4bXNfZnRkIjoiSDB3OEVYdWxVZWlZT29feWJiZEtONVNnbnRnazBVVEhHeklKWkhjd3FmUUJkWE5sWVhOMExXUnpiWE0ifQ.YslTx5CyY0s-15WZCGOj8qXkwsLlkBk4v6amD5saqSdXNhuaY3ZFfnepd6okXKWDQ9FOUF58J55zaZ1BvztlmKv9FriNTZAXJ_-9qzeiQEySP_-ER4mml7mWj8gqTtNryJcuFplAWauL2fao_edNT-hdVduI1z9dUb6vglOBaWsnjzHAVZSFQM2j_ly6rJH5wkC0kib-kz39IgcFoMpEvMfMeinAscVM6La70a5e36IBWrALWqfdUKT8CCmyRFoIP2qFq1rhhNASOMzTqQoQ_SLpIJmdtLGFqrvNLGuVxawmOXuOvoRggjzoyeBjnM7KDD5rMEDUrU921Chv-1yLXA"}.
2026-07-29 21:12:34.366 UTC [DEBUG   ] ThreadPoolExecutor-0_0 - Invoking 0 token response hooks.
2026-07-29 21:12:34.366 UTC [DEBUG   ] ThreadPoolExecutor-0_0 - Obtained token {'token_type': 'Bearer', 'expires_in': 3599, 'ext_expires_in': 3599, 'access_token': 'eyJ0eXAiOiJKV1QiLCJhbGciOiJSUzI1NiIsIng1dCI6ImFGa21LVkZjLTRXVjZzWENCdk5aa1hJNTA1WSIsImtpZCI6ImFGa21LVkZjLTRXVjZzWENCdk5aa1hJNTA1WSJ9.eyJhdWQiOiJodHRwczovL2F6LXBoeC0wMDEuY29nbml0ZWRhdGEuY29tIiwiaXNzIjoiaHR0cHM6Ly9zdHMud2luZG93cy5uZXQvOTRjM2U2N2MtOWUyZC00ODAwLWE2YjctNjM1ZDk3ODgyMTY1LyIsImlhdCI6MTc4NTM1OTI1NCwibmJmIjoxNzg1MzU5MjU0LCJleHAiOjE3ODUzNjMxNTQsImFpbyI6IkFTUUEyLzhjQUFBQUxHU1g2cTBLZ1BXak83YVYyMlNTYSt2Nm1RcVh4NnBKSExXem0wM1AzSmM9IiwiYXBwaWQiOiI2YzZjMGJmYi01MzI1LTRjN2EtOGY0Ny1lNDQ1ZTI2ODdhNjMiLCJhcHBpZGFjciI6IjEiLCJncm91cHMiOlsiMGU0YmM3MzUtMmE1Ny00NWY4LWJlZDctNWQ1ZmNhNWQ2ZjliIl0sImlkcCI6Imh0dHBzOi8vc3RzLndpbmRvd3MubmV0Lzk0YzNlNjdjLTllMmQtNDgwMC1hNmI3LTYzNWQ5Nzg4MjE2NS8iLCJvaWQiOiJkZTk0ZDZhNi05NmI4LTQxMjYtODAxYi01OWYyMDA3OWI4NzQiLCJyaCI6IjEuQVFNQWZPYkRsQzJlQUVpbXQyTmRsNGdoWmNPenNyUzkxZ05CbDRKVi1rcjd4QWtBQUFBREFBLiIsInN1YiI6ImRlOTRkNmE2LTk2YjgtNDEyNi04MDFiLTU5ZjIwMDc5Yjg3NCIsInRpZCI6Ijk0YzNlNjdjLTllMmQtNDgwMC1hNmI3LTYzNWQ5Nzg4MjE2NSIsInV0aSI6IjhEZ19LT2lBQ1UtY0lsekNrelJRQUEiLCJ2ZXIiOiIxLjAiLCJ4bXNfZnRkIjoiSDB3OEVYdWxVZWlZT29feWJiZEtONVNnbnRnazBVVEhHeklKWkhjd3FmUUJkWE5sWVhOMExXUnpiWE0ifQ.YslTx5CyY0s-15WZCGOj8qXkwsLlkBk4v6amD5saqSdXNhuaY3ZFfnepd6okXKWDQ9FOUF58J55zaZ1BvztlmKv9FriNTZAXJ_-9qzeiQEySP_-ER4mml7mWj8gqTtNryJcuFplAWauL2fao_edNT-hdVduI1z9dUb6vglOBaWsnjzHAVZSFQM2j_ly6rJH5wkC0kib-kz39IgcFoMpEvMfMeinAscVM6La70a5e36IBWrALWqfdUKT8CCmyRFoIP2qFq1rhhNASOMzTqQoQ_SLpIJmdtLGFqrvNLGuVxawmOXuOvoRggjzoyeBjnM7KDD5rMEDUrU921Chv-1yLXA', 'expires_at': 1785363153}.
2026-07-29 21:12:34.382 UTC [DEBUG   ] ThreadPoolExecutor-0_0 - Starting new HTTPS connection (1): az-phx-001.cognitedata.com:443
2026-07-29 21:12:34.616 UTC [DEBUG   ] ThreadPoolExecutor-0_0 - https://az-phx-001.cognitedata.com:443 "POST /api/v1/projects/bdx-dev/extpipes/byids HTTP/1.1" 200 491
2026-07-29 21:12:34.616 UTC [DEBUG   ] ThreadPoolExecutor-0_0 - HTTP/1.1 POST https://az-phx-001.cognitedata.com/api/v1/projects/bdx-dev/extpipes/byids 200
2026-07-29 21:12:34.616 UTC [INFO    ] MainThread - Starting heartbeat loop
2026-07-29 21:12:34.616 UTC [INFO    ] MainThread - Cognite DB Extractor version 3.10.1
2026-07-29 21:12:34.616 UTC [INFO    ] MainThread - Starting extraction of 149 queries
2026-07-29 21:12:34.616 UTC [INFO    ] MainThread - Extraction will run once. To run the extractor continuously use continuous mode
2026-07-29 21:12:35.663 UTC [INFO    ] QueryExecutor_2 - Connected to db-databricks-raw successfully
2026-07-29 21:12:35.663 UTC [INFO    ] QueryExecutor_3 - Connected to db-databricks-raw successfully
2026-07-29 21:12:35.663 UTC [INFO    ] QueryExecutor_2 - Starting extraction of extract-everest-CRHD
2026-07-29 21:12:35.663 UTC [INFO    ] QueryExecutor_1 - Connected to db-databricks-raw successfully
2026-07-29 21:12:35.663 UTC [INFO    ] QueryExecutor_0 - Connected to db-databricks-raw successfully
2026-07-29 21:12:35.663 UTC [INFO    ] QueryExecutor_3 - Starting extraction of extract-everest-CRTX
2026-07-29 21:12:35.663 UTC [INFO    ] QueryExecutor_2 - Getting rows from odbc
2026-07-29 21:12:35.663 UTC [INFO    ] QueryExecutor_1 - Starting extraction of extract-everest-TC25T
2026-07-29 21:12:35.663 UTC [INFO    ] QueryExecutor_0 - Starting extraction of extract-everest-TC25
2026-07-29 21:12:35.663 UTC [INFO    ] QueryExecutor_3 - Getting rows from odbc
2026-07-29 21:12:35.663 UTC [INFO    ] QueryExecutor_1 - Getting rows from odbc
2026-07-29 21:12:35.663 UTC [INFO    ] QueryExecutor_0 - Getting rows from odbc
2026-07-29 21:12:45.975 UTC [INFO    ] QueryExecutor_3 - No more rows for extract-everest-CRTX. 6156 rows extracted in 10.3 seconds
2026-07-29 21:12:45.975 UTC [INFO    ] QueryExecutor_3 - Reporting new success run: No more rows for extract-everest-CRTX. 6156 rows extracted in 10.3 seconds
2026-07-29 21:12:46.116 UTC [DEBUG   ] ThreadPoolExecutor-0_0 - https://az-phx-001.cognitedata.com:443 "POST /api/v1/projects/bdx-dev/extpipes/runs HTTP/1.1" 200 207
2026-07-29 21:12:46.116 UTC [DEBUG   ] ThreadPoolExecutor-0_0 - HTTP/1.1 POST https://az-phx-001.cognitedata.com/api/v1/projects/bdx-dev/extpipes/runs 200
2026-07-29 21:12:46.225 UTC [DEBUG   ] ThreadPoolExecutor-0_0 - Starting new HTTPS connection (2): az-phx-001.cognitedata.com:443
2026-07-29 21:12:46.319 UTC [DEBUG   ] ThreadPoolExecutor-0_1 - https://az-phx-001.cognitedata.com:443 "POST /api/v1/projects/bdx-dev/raw/dbs/db_databricks_everest_raw/tables/tb_CRTX/rows?ensureParent=True HTTP/1.1" 200 6
2026-07-29 21:12:46.319 UTC [DEBUG   ] ThreadPoolExecutor-0_1 - HTTP/1.1 POST https://az-phx-001.cognitedata.com/api/v1/projects/bdx-dev/raw/dbs/db_databricks_everest_raw/tables/tb_CRTX/rows?ensureParent=True 200
2026-07-29 21:12:46.710 UTC [DEBUG   ] ThreadPoolExecutor-0_0 - https://az-phx-001.cognitedata.com:443 "POST /api/v1/projects/bdx-dev/raw/dbs/db_databricks_everest_raw/tables/tb_CRTX/rows?ensureParent=True HTTP/1.1" 200 6
2026-07-29 21:12:46.710 UTC [DEBUG   ] ThreadPoolExecutor-0_0 - HTTP/1.1 POST https://az-phx-001.cognitedata.com/api/v1/projects/bdx-dev/raw/dbs/db_databricks_everest_raw/tables/tb_CRTX/rows?ensureParent=True 200
2026-07-29 21:12:46.944 UTC [DEBUG   ] ThreadPoolExecutor-0_1 - https://az-phx-001.cognitedata.com:443 "POST /api/v1/projects/bdx-dev/raw/dbs/db_databricks_everest_raw/tables/tb_CRHD/rows?ensureParent=True HTTP/1.1" 200 6
2026-07-29 21:12:46.944 UTC [DEBUG   ] ThreadPoolExecutor-0_1 - HTTP/1.1 POST https://az-phx-001.cognitedata.com/api/v1/projects/bdx-dev/raw/dbs/db_databricks_everest_raw/tables/tb_CRHD/rows?ensureParent=True 200
2026-07-29 21:12:46.944 UTC [INFO    ] QueryExecutor_3 - Uploaded 7156 raw rows
2026-07-29 21:12:47.616 UTC [INFO    ] QueryExecutor_2 - No more rows for extract-everest-CRHD. 4786 rows extracted in 12.0 seconds
2026-07-29 21:12:47.616 UTC [INFO    ] QueryExecutor_2 - Reporting new success run: No more rows for extract-everest-CRHD. 4786 rows extracted in 12.0 seconds
2026-07-29 21:12:47.647 UTC [DEBUG   ] ThreadPoolExecutor-0_0 - https://az-phx-001.cognitedata.com:443 "POST /api/v1/projects/bdx-dev/extpipes/runs HTTP/1.1" 200 207
2026-07-29 21:12:47.663 UTC [DEBUG   ] ThreadPoolExecutor-0_0 - HTTP/1.1 POST https://az-phx-001.cognitedata.com/api/v1/projects/bdx-dev/extpipes/runs 200
2026-07-29 21:12:48.278 UTC [DEBUG   ] ThreadPoolExecutor-0_1 - https://az-phx-001.cognitedata.com:443 "POST /api/v1/projects/bdx-dev/raw/dbs/db_databricks_everest_raw/tables/tb_CRHD/rows?ensureParent=True HTTP/1.1" 200 6
2026-07-29 21:12:48.278 UTC [DEBUG   ] ThreadPoolExecutor-0_1 - HTTP/1.1 POST https://az-phx-001.cognitedata.com/api/v1/projects/bdx-dev/raw/dbs/db_databricks_everest_raw/tables/tb_CRHD/rows?ensureParent=True 200
2026-07-29 21:12:48.278 UTC [INFO    ] QueryExecutor_2 - Uploaded 3786 raw rows
2026-07-29 21:12:48.278 UTC [INFO    ] QueryExecutor_0 - No more rows for extract-everest-TC25. 10 rows extracted in 12.6 seconds
2026-07-29 21:12:48.278 UTC [INFO    ] QueryExecutor_0 - Reporting new success run: No more rows for extract-everest-TC25. 10 rows extracted in 12.6 seconds
2026-07-29 21:12:48.310 UTC [DEBUG   ] ThreadPoolExecutor-0_0 - https://az-phx-001.cognitedata.com:443 "POST /api/v1/projects/bdx-dev/extpipes/runs HTTP/1.1" 200 205
2026-07-29 21:12:48.310 UTC [DEBUG   ] ThreadPoolExecutor-0_0 - HTTP/1.1 POST https://az-phx-001.cognitedata.com/api/v1/projects/bdx-dev/extpipes/runs 200
2026-07-29 21:12:48.357 UTC [DEBUG   ] ThreadPoolExecutor-0_1 - https://az-phx-001.cognitedata.com:443 "POST /api/v1/projects/bdx-dev/raw/dbs/db_databricks_everest_raw/tables/tb_TC25/rows?ensureParent=True HTTP/1.1" 200 6
2026-07-29 21:12:48.357 UTC [DEBUG   ] ThreadPoolExecutor-0_1 - HTTP/1.1 POST https://az-phx-001.cognitedata.com/api/v1/projects/bdx-dev/raw/dbs/db_databricks_everest_raw/tables/tb_TC25/rows?ensureParent=True 200
2026-07-29 21:12:48.357 UTC [INFO    ] QueryExecutor_0 - Uploaded 10 raw rows
2026-07-29 21:12:48.357 UTC [INFO    ] QueryExecutor_1 - No more rows for extract-everest-TC25T. 10 rows extracted in 12.7 seconds
2026-07-29 21:12:48.357 UTC [INFO    ] QueryExecutor_1 - Reporting new success run: No more rows for extract-everest-TC25T. 10 rows extracted in 12.7 seconds
2026-07-29 21:12:48.388 UTC [DEBUG   ] ThreadPoolExecutor-0_0 - https://az-phx-001.cognitedata.com:443 "POST /api/v1/projects/bdx-dev/extpipes/runs HTTP/1.1" 200 206
2026-07-29 21:12:48.388 UTC [DEBUG   ] ThreadPoolExecutor-0_0 - HTTP/1.1 POST https://az-phx-001.cognitedata.com/api/v1/projects/bdx-dev/extpipes/runs 200
2026-07-29 21:12:48.419 UTC [DEBUG   ] ThreadPoolExecutor-0_1 - https://az-phx-001.cognitedata.com:443 "POST /api/v1/projects/bdx-dev/raw/dbs/db_databricks_everest_raw/tables/tb_TC25T/rows?ensureParent=True HTTP/1.1" 200 6
2026-07-29 21:12:48.419 UTC [DEBUG   ] ThreadPoolExecutor-0_1 - HTTP/1.1 POST https://az-phx-001.cognitedata.com/api/v1/projects/bdx-dev/raw/dbs/db_databricks_everest_raw/tables/tb_TC25T/rows?ensureParent=True 200
2026-07-29 21:12:48.419 UTC [INFO    ] QueryExecutor_1 - Uploaded 10 raw rows
2026-07-29 21:12:48.606 UTC [INFO    ] QueryExecutor_3 - Connected to db-databricks-raw successfully
2026-07-29 21:12:48.606 UTC [INFO    ] QueryExecutor_3 - Starting extraction of extract-everest-CRCO
2026-07-29 21:12:48.606 UTC [INFO    ] QueryExecutor_3 - Getting rows from odbc
2026-07-29 21:12:49.622 UTC [INFO    ] QueryExecutor_0 - Connected to db-databricks-raw successfully
2026-07-29 21:12:49.622 UTC [INFO    ] QueryExecutor_0 - Starting extraction of extract-everest-KAKO
2026-07-29 21:12:49.622 UTC [INFO    ] QueryExecutor_0 - Getting rows from odbc
2026-07-29 21:12:49.638 UTC [INFO    ] QueryExecutor_2 - Connected to db-databricks-raw successfully
2026-07-29 21:12:49.638 UTC [INFO    ] QueryExecutor_1 - Connected to db-databricks-raw successfully
2026-07-29 21:12:49.638 UTC [INFO    ] QueryExecutor_2 - Starting extraction of extract-everest-CRCA
2026-07-29 21:12:49.638 UTC [INFO    ] QueryExecutor_1 - Starting extraction of extract-everest-KAKT
2026-07-29 21:12:49.638 UTC [INFO    ] QueryExecutor_2 - Getting rows from odbc
2026-07-29 21:12:49.638 UTC [INFO    ] QueryExecutor_1 - Getting rows from odbc
2026-07-29 21:12:51.013 UTC [INFO    ] QueryExecutor_2 - No more rows for extract-everest-CRCA. 4189 rows extracted in 1.37 seconds
2026-07-29 21:12:51.013 UTC [INFO    ] QueryExecutor_2 - Reporting new success run: No more rows for extract-everest-CRCA. 4189 rows extracted in 1.37 seconds
2026-07-29 21:12:51.044 UTC [DEBUG   ] ThreadPoolExecutor-0_0 - https://az-phx-001.cognitedata.com:443 "POST /api/v1/projects/bdx-dev/extpipes/runs HTTP/1.1" 200 207
2026-07-29 21:12:51.044 UTC [DEBUG   ] ThreadPoolExecutor-0_0 - HTTP/1.1 POST https://az-phx-001.cognitedata.com/api/v1/projects/bdx-dev/extpipes/runs 200
2026-07-29 21:12:51.278 UTC [DEBUG   ] ThreadPoolExecutor-0_1 - https://az-phx-001.cognitedata.com:443 "POST /api/v1/projects/bdx-dev/raw/dbs/db_databricks_everest_raw/tables/tb_CRCA/rows?ensureParent=True HTTP/1.1" 200 6
2026-07-29 21:12:51.294 UTC [DEBUG   ] ThreadPoolExecutor-0_1 - HTTP/1.1 POST https://az-phx-001.cognitedata.com/api/v1/projects/bdx-dev/raw/dbs/db_databricks_everest_raw/tables/tb_CRCA/rows?ensureParent=True 200
2026-07-29 21:12:51.294 UTC [INFO    ] QueryExecutor_2 - Uploaded 4189 raw rows
2026-07-29 21:12:52.059 UTC [INFO    ] QueryExecutor_2 - Connected to db-databricks-raw successfully
2026-07-29 21:12:52.059 UTC [INFO    ] QueryExecutor_2 - Starting extraction of extract-everest-KAPA
2026-07-29 21:12:52.059 UTC [INFO    ] QueryExecutor_2 - Getting rows from odbc
2026-07-29 21:12:52.669 UTC [INFO    ] QueryExecutor_3 - Current_row_count for query extract-everest-CRCO: 10000
2026-07-29 21:12:52.747 UTC [INFO    ] QueryExecutor_0 - No more rows for extract-everest-KAKO. 4198 rows extracted in 3.12 seconds
2026-07-29 21:12:52.747 UTC [INFO    ] QueryExecutor_0 - Reporting new success run: No more rows for extract-everest-KAKO. 4198 rows extracted in 3.12 seconds
2026-07-29 21:12:52.794 UTC [DEBUG   ] ThreadPoolExecutor-0_0 - https://az-phx-001.cognitedata.com:443 "POST /api/v1/projects/bdx-dev/extpipes/runs HTTP/1.1" 200 207
2026-07-29 21:12:52.794 UTC [DEBUG   ] ThreadPoolExecutor-0_0 - HTTP/1.1 POST https://az-phx-001.cognitedata.com/api/v1/projects/bdx-dev/extpipes/runs 200
2026-07-29 21:12:53.294 UTC [DEBUG   ] ThreadPoolExecutor-0_1 - https://az-phx-001.cognitedata.com:443 "POST /api/v1/projects/bdx-dev/raw/dbs/db_databricks_everest_raw/tables/tb_KAKO/rows?ensureParent=True HTTP/1.1" 200 6
2026-07-29 21:12:53.294 UTC [DEBUG   ] ThreadPoolExecutor-0_1 - HTTP/1.1 POST https://az-phx-001.cognitedata.com/api/v1/projects/bdx-dev/raw/dbs/db_databricks_everest_raw/tables/tb_KAKO/rows?ensureParent=True 200
2026-07-29 21:12:53.434 UTC [DEBUG   ] ThreadPoolExecutor-0_2 - Starting new HTTPS connection (3): az-phx-001.cognitedata.com:443
2026-07-29 21:12:53.528 UTC [DEBUG   ] ThreadPoolExecutor-0_1 - https://az-phx-001.cognitedata.com:443 "POST /api/v1/projects/bdx-dev/raw/dbs/db_databricks_everest_raw/tables/tb_CRCO/rows?ensureParent=True HTTP/1.1" 200 6
2026-07-29 21:12:53.528 UTC [DEBUG   ] ThreadPoolExecutor-0_1 - HTTP/1.1 POST https://az-phx-001.cognitedata.com/api/v1/projects/bdx-dev/raw/dbs/db_databricks_everest_raw/tables/tb_CRCO/rows?ensureParent=True 200
2026-07-29 21:12:54.107 UTC [DEBUG   ] ThreadPoolExecutor-0_2 - https://az-phx-001.cognitedata.com:443 "POST /api/v1/projects/bdx-dev/raw/dbs/db_databricks_everest_raw/tables/tb_CRCO/rows?ensureParent=True HTTP/1.1" 200 6
2026-07-29 21:12:54.107 UTC [DEBUG   ] ThreadPoolExecutor-0_2 - HTTP/1.1 POST https://az-phx-001.cognitedata.com/api/v1/projects/bdx-dev/raw/dbs/db_databricks_everest_raw/tables/tb_CRCO/rows?ensureParent=True 200
2026-07-29 21:12:54.623 UTC [DEBUG   ] ThreadPoolExecutor-0_0 - https://az-phx-001.cognitedata.com:443 "POST /api/v1/projects/bdx-dev/raw/dbs/db_databricks_everest_raw/tables/tb_CRCO/rows?ensureParent=True HTTP/1.1" 200 6
2026-07-29 21:12:54.623 UTC [DEBUG   ] ThreadPoolExecutor-0_0 - HTTP/1.1 POST https://az-phx-001.cognitedata.com/api/v1/projects/bdx-dev/raw/dbs/db_databricks_everest_raw/tables/tb_CRCO/rows?ensureParent=True 200
2026-07-29 21:12:54.638 UTC [INFO    ] QueryExecutor_0 - Uploaded 16198 raw rows
2026-07-29 21:12:54.654 UTC [INFO    ] QueryExecutor_1 - No more rows for extract-everest-KAKT. 10 rows extracted in 5.02 seconds
2026-07-29 21:12:54.654 UTC [INFO    ] QueryExecutor_1 - Reporting new success run: No more rows for extract-everest-KAKT. 10 rows extracted in 5.02 seconds
2026-07-29 21:12:54.685 UTC [DEBUG   ] ThreadPoolExecutor-0_1 - https://az-phx-001.cognitedata.com:443 "POST /api/v1/projects/bdx-dev/extpipes/runs HTTP/1.1" 200 205
2026-07-29 21:12:54.685 UTC [DEBUG   ] ThreadPoolExecutor-0_1 - HTTP/1.1 POST https://az-phx-001.cognitedata.com/api/v1/projects/bdx-dev/extpipes/runs 200
2026-07-29 21:12:54.732 UTC [DEBUG   ] ThreadPoolExecutor-0_0 - https://az-phx-001.cognitedata.com:443 "POST /api/v1/projects/bdx-dev/raw/dbs/db_databricks_everest_raw/tables/tb_CRCO/rows?ensureParent=True HTTP/1.1" 200 6
2026-07-29 21:12:54.732 UTC [DEBUG   ] ThreadPoolExecutor-0_0 - HTTP/1.1 POST https://az-phx-001.cognitedata.com/api/v1/projects/bdx-dev/raw/dbs/db_databricks_everest_raw/tables/tb_CRCO/rows?ensureParent=True 200
2026-07-29 21:12:54.779 UTC [DEBUG   ] ThreadPoolExecutor-0_1 - https://az-phx-001.cognitedata.com:443 "POST /api/v1/projects/bdx-dev/raw/dbs/db_databricks_everest_raw/tables/tb_KAKT/rows?ensureParent=True HTTP/1.1" 200 6
2026-07-29 21:12:54.779 UTC [DEBUG   ] ThreadPoolExecutor-0_1 - HTTP/1.1 POST https://az-phx-001.cognitedata.com/api/v1/projects/bdx-dev/raw/dbs/db_databricks_everest_raw/tables/tb_KAKT/rows?ensureParent=True 200
2026-07-29 21:12:54.873 UTC [DEBUG   ] ThreadPoolExecutor-0_0 - https://az-phx-001.cognitedata.com:443 "POST /api/v1/projects/bdx-dev/raw/dbs/db_databricks_everest_raw/tables/tb_KAPA/rows?ensureParent=True HTTP/1.1" 200 6
2026-07-29 21:12:54.873 UTC [DEBUG   ] ThreadPoolExecutor-0_0 - HTTP/1.1 POST https://az-phx-001.cognitedata.com/api/v1/projects/bdx-dev/raw/dbs/db_databricks_everest_raw/tables/tb_KAPA/rows?ensureParent=True 200
2026-07-29 21:12:54.873 UTC [INFO    ] QueryExecutor_1 - Uploaded 535 raw rows
2026-07-29 21:12:55.294 UTC [INFO    ] QueryExecutor_0 - Connected to db-databricks-raw successfully
2026-07-29 21:12:55.294 UTC [INFO    ] QueryExecutor_0 - Starting extraction of extract-everest-KAZY
2026-07-29 21:12:55.326 UTC [INFO    ] QueryExecutor_0 - Getting rows from odbc
2026-07-29 21:12:55.654 UTC [INFO    ] QueryExecutor_3 - No more rows for extract-everest-CRCO. 16912 rows extracted in 7.05 seconds
2026-07-29 21:12:55.654 UTC [INFO    ] QueryExecutor_3 - Reporting new success run: No more rows for extract-everest-CRCO. 16912 rows extracted in 7.05 seconds
2026-07-29 21:12:55.701 UTC [DEBUG   ] ThreadPoolExecutor-0_1 - https://az-phx-001.cognitedata.com:443 "POST /api/v1/projects/bdx-dev/extpipes/runs HTTP/1.1" 200 208
2026-07-29 21:12:55.701 UTC [DEBUG   ] ThreadPoolExecutor-0_1 - HTTP/1.1 POST https://az-phx-001.cognitedata.com/api/v1/projects/bdx-dev/extpipes/runs 200
2026-07-29 21:12:56.201 UTC [INFO    ] QueryExecutor_1 - Connected to db-databricks-raw successfully
2026-07-29 21:12:56.201 UTC [INFO    ] QueryExecutor_1 - Starting extraction of extract-everest-TC37A
2026-07-29 21:12:56.201 UTC [INFO    ] QueryExecutor_1 - Getting rows from odbc
2026-07-29 21:12:56.451 UTC [DEBUG   ] ThreadPoolExecutor-0_2 - https://az-phx-001.cognitedata.com:443 "POST /api/v1/projects/bdx-dev/raw/dbs/db_databricks_everest_raw/tables/tb_KAPA/rows?ensureParent=True HTTP/1.1" 200 6
2026-07-29 21:12:56.451 UTC [DEBUG   ] ThreadPoolExecutor-0_2 - HTTP/1.1 POST https://az-phx-001.cognitedata.com/api/v1/projects/bdx-dev/raw/dbs/db_databricks_everest_raw/tables/tb_KAPA/rows?ensureParent=True 200
2026-07-29 21:12:56.716 UTC [DEBUG   ] ThreadPoolExecutor-0_0 - https://az-phx-001.cognitedata.com:443 "POST /api/v1/projects/bdx-dev/raw/dbs/db_databricks_everest_raw/tables/tb_KAPA/rows?ensureParent=True HTTP/1.1" 200 6
2026-07-29 21:12:56.716 UTC [DEBUG   ] ThreadPoolExecutor-0_0 - HTTP/1.1 POST https://az-phx-001.cognitedata.com/api/v1/projects/bdx-dev/raw/dbs/db_databricks_everest_raw/tables/tb_KAPA/rows?ensureParent=True 200
2026-07-29 21:12:57.029 UTC [DEBUG   ] ThreadPoolExecutor-0_1 - https://az-phx-001.cognitedata.com:443 "POST /api/v1/projects/bdx-dev/raw/dbs/db_databricks_everest_raw/tables/tb_CRCO/rows?ensureParent=True HTTP/1.1" 200 6
2026-07-29 21:12:57.029 UTC [DEBUG   ] ThreadPoolExecutor-0_1 - HTTP/1.1 POST https://az-phx-001.cognitedata.com/api/v1/projects/bdx-dev/raw/dbs/db_databricks_everest_raw/tables/tb_CRCO/rows?ensureParent=True 200
2026-07-29 21:12:57.029 UTC [INFO    ] QueryExecutor_3 - Uploaded 12387 raw rows
2026-07-29 21:12:57.263 UTC [INFO    ] QueryExecutor_2 - Current_row_count for query extract-everest-KAPA: 10000
2026-07-29 21:12:57.747 UTC [INFO    ] QueryExecutor_0 - No more rows for extract-everest-KAZY. 6788 rows extracted in 2.42 seconds
2026-07-29 21:12:57.747 UTC [INFO    ] QueryExecutor_0 - Reporting new success run: No more rows for extract-everest-KAZY. 6788 rows extracted in 2.42 seconds
2026-07-29 21:12:57.794 UTC [DEBUG   ] ThreadPoolExecutor-0_0 - https://az-phx-001.cognitedata.com:443 "POST /api/v1/projects/bdx-dev/extpipes/runs HTTP/1.1" 200 207
2026-07-29 21:12:57.794 UTC [DEBUG   ] ThreadPoolExecutor-0_0 - HTTP/1.1 POST https://az-phx-001.cognitedata.com/api/v1/projects/bdx-dev/extpipes/runs 200
2026-07-29 21:12:58.091 UTC [INFO    ] QueryExecutor_3 - Connected to db-databricks-raw successfully
2026-07-29 21:12:58.091 UTC [INFO    ] QueryExecutor_3 - Starting extraction of extract-everest-CSKS
2026-07-29 21:12:58.091 UTC [INFO    ] QueryExecutor_3 - Getting rows from odbc
2026-07-29 21:12:58.154 UTC [DEBUG   ] ThreadPoolExecutor-0_2 - https://az-phx-001.cognitedata.com:443 "POST /api/v1/projects/bdx-dev/raw/dbs/db_databricks_everest_raw/tables/tb_KAPA/rows?ensureParent=True HTTP/1.1" 200 6
2026-07-29 21:12:58.154 UTC [DEBUG   ] ThreadPoolExecutor-0_2 - HTTP/1.1 POST https://az-phx-001.cognitedata.com/api/v1/projects/bdx-dev/raw/dbs/db_databricks_everest_raw/tables/tb_KAPA/rows?ensureParent=True 200
2026-07-29 21:12:58.685 UTC [DEBUG   ] ThreadPoolExecutor-0_1 - https://az-phx-001.cognitedata.com:443 "POST /api/v1/projects/bdx-dev/raw/dbs/db_databricks_everest_raw/tables/tb_KAPA/rows?ensureParent=True HTTP/1.1" 200 6
2026-07-29 21:12:58.685 UTC [DEBUG   ] ThreadPoolExecutor-0_1 - HTTP/1.1 POST https://az-phx-001.cognitedata.com/api/v1/projects/bdx-dev/raw/dbs/db_databricks_everest_raw/tables/tb_KAPA/rows?ensureParent=True 200
2026-07-29 21:12:58.857 UTC [DEBUG   ] ThreadPoolExecutor-0_2 - https://az-phx-001.cognitedata.com:443 "POST /api/v1/projects/bdx-dev/raw/dbs/db_databricks_everest_raw/tables/tb_KAZY/rows?ensureParent=True HTTP/1.1" 200 6
2026-07-29 21:12:58.857 UTC [DEBUG   ] ThreadPoolExecutor-0_2 - HTTP/1.1 POST https://az-phx-001.cognitedata.com/api/v1/projects/bdx-dev/raw/dbs/db_databricks_everest_raw/tables/tb_KAZY/rows?ensureParent=True 200
2026-07-29 21:12:58.951 UTC [DEBUG   ] ThreadPoolExecutor-0_0 - https://az-phx-001.cognitedata.com:443 "POST /api/v1/projects/bdx-dev/raw/dbs/db_databricks_everest_raw/tables/tb_KAZY/rows?ensureParent=True HTTP/1.1" 200 6
2026-07-29 21:12:58.951 UTC [DEBUG   ] ThreadPoolExecutor-0_0 - HTTP/1.1 POST https://az-phx-001.cognitedata.com/api/v1/projects/bdx-dev/raw/dbs/db_databricks_everest_raw/tables/tb_KAZY/rows?ensureParent=True 200
2026-07-29 21:12:58.951 UTC [INFO    ] QueryExecutor_0 - Uploaded 13788 raw rows
2026-07-29 21:12:59.185 UTC [INFO    ] QueryExecutor_2 - Current_row_count for query extract-everest-KAPA: 20000
2026-07-29 21:12:59.685 UTC [INFO    ] QueryExecutor_2 - Current_row_count for query extract-everest-KAPA: 30000
2026-07-29 21:12:59.732 UTC [INFO    ] QueryExecutor_0 - Connected to db-databricks-raw successfully
2026-07-29 21:12:59.732 UTC [INFO    ] QueryExecutor_0 - Starting extraction of extract-everest-CSKT
2026-07-29 21:12:59.732 UTC [INFO    ] QueryExecutor_0 - Getting rows from odbc
2026-07-29 21:13:00.138 UTC [INFO    ] QueryExecutor_1 - No more rows for extract-everest-TC37A. 10 rows extracted in 3.94 seconds
2026-07-29 21:13:00.138 UTC [INFO    ] QueryExecutor_1 - Reporting new success run: No more rows for extract-everest-TC37A. 10 rows extracted in 3.94 seconds
2026-07-29 21:13:00.169 UTC [DEBUG   ] ThreadPoolExecutor-0_1 - https://az-phx-001.cognitedata.com:443 "POST /api/v1/projects/bdx-dev/extpipes/runs HTTP/1.1" 200 206
2026-07-29 21:13:00.185 UTC [DEBUG   ] ThreadPoolExecutor-0_1 - HTTP/1.1 POST https://az-phx-001.cognitedata.com/api/v1/projects/bdx-dev/extpipes/runs 200
2026-07-29 21:13:00.450 UTC [DEBUG   ] ThreadPoolExecutor-0_1 - Starting new HTTPS connection (4): az-phx-001.cognitedata.com:443
2026-07-29 21:13:00.450 UTC [DEBUG   ] ThreadPoolExecutor-0_3 - Starting new HTTPS connection (5): az-phx-001.cognitedata.com:443
2026-07-29 21:13:00.857 UTC [DEBUG   ] ThreadPoolExecutor-0_4 - https://az-phx-001.cognitedata.com:443 "POST /api/v1/projects/bdx-dev/raw/dbs/db_databricks_everest_raw/tables/tb_KAPA/rows?ensureParent=True HTTP/1.1" 200 6
2026-07-29 21:13:00.872 UTC [DEBUG   ] ThreadPoolExecutor-0_4 - HTTP/1.1 POST https://az-phx-001.cognitedata.com/api/v1/projects/bdx-dev/raw/dbs/db_databricks_everest_raw/tables/tb_KAPA/rows?ensureParent=True 200
2026-07-29 21:13:01.091 UTC [DEBUG   ] ThreadPoolExecutor-0_2 - https://az-phx-001.cognitedata.com:443 "POST /api/v1/projects/bdx-dev/raw/dbs/db_databricks_everest_raw/tables/tb_KAPA/rows?ensureParent=True HTTP/1.1" 200 6
2026-07-29 21:13:01.091 UTC [DEBUG   ] ThreadPoolExecutor-0_2 - HTTP/1.1 POST https://az-phx-001.cognitedata.com/api/v1/projects/bdx-dev/raw/dbs/db_databricks_everest_raw/tables/tb_KAPA/rows?ensureParent=True 200
2026-07-29 21:13:01.107 UTC [DEBUG   ] ThreadPoolExecutor-0_0 - https://az-phx-001.cognitedata.com:443 "POST /api/v1/projects/bdx-dev/raw/dbs/db_databricks_everest_raw/tables/tb_KAPA/rows?ensureParent=True HTTP/1.1" 200 6
2026-07-29 21:13:01.107 UTC [DEBUG   ] ThreadPoolExecutor-0_0 - HTTP/1.1 POST https://az-phx-001.cognitedata.com/api/v1/projects/bdx-dev/raw/dbs/db_databricks_everest_raw/tables/tb_KAPA/rows?ensureParent=True 200
2026-07-29 21:13:01.357 UTC [DEBUG   ] ThreadPoolExecutor-0_1 - https://az-phx-001.cognitedata.com:443 "POST /api/v1/projects/bdx-dev/raw/dbs/db_databricks_everest_raw/tables/tb_KAPA/rows?ensureParent=True HTTP/1.1" 200 6
2026-07-29 21:13:01.357 UTC [DEBUG   ] ThreadPoolExecutor-0_1 - HTTP/1.1 POST https://az-phx-001.cognitedata.com/api/v1/projects/bdx-dev/raw/dbs/db_databricks_everest_raw/tables/tb_KAPA/rows?ensureParent=True 200
2026-07-29 21:13:01.372 UTC [DEBUG   ] ThreadPoolExecutor-0_3 - https://az-phx-001.cognitedata.com:443 "POST /api/v1/projects/bdx-dev/raw/dbs/db_databricks_everest_raw/tables/tb_KAPA/rows?ensureParent=True HTTP/1.1" 200 6
2026-07-29 21:13:01.372 UTC [DEBUG   ] ThreadPoolExecutor-0_3 - HTTP/1.1 POST https://az-phx-001.cognitedata.com/api/v1/projects/bdx-dev/raw/dbs/db_databricks_everest_raw/tables/tb_KAPA/rows?ensureParent=True 200
2026-07-29 21:13:01.419 UTC [DEBUG   ] ThreadPoolExecutor-0_4 - https://az-phx-001.cognitedata.com:443 "POST /api/v1/projects/bdx-dev/raw/dbs/db_databricks_everest_raw/tables/tb_TC37A/rows?ensureParent=True HTTP/1.1" 200 6
2026-07-29 21:13:01.419 UTC [DEBUG   ] ThreadPoolExecutor-0_4 - HTTP/1.1 POST https://az-phx-001.cognitedata.com/api/v1/projects/bdx-dev/raw/dbs/db_databricks_everest_raw/tables/tb_TC37A/rows?ensureParent=True 200
2026-07-29 21:13:01.419 UTC [INFO    ] QueryExecutor_1 - Uploaded 22010 raw rows
2026-07-29 21:13:02.154 UTC [INFO    ] QueryExecutor_2 - Current_row_count for query extract-everest-KAPA: 40000
2026-07-29 21:13:02.711 UTC [INFO    ] QueryExecutor_1 - Connected to db-databricks-raw successfully
2026-07-29 21:13:02.711 UTC [INFO    ] QueryExecutor_1 - Starting extraction of extract-everest-IFLOT
2026-07-29 21:13:02.726 UTC [INFO    ] QueryExecutor_1 - Getting rows from odbc
2026-07-29 21:13:03.101 UTC [INFO    ] QueryExecutor_0 - Current_row_count for query extract-everest-CSKT: 10000
2026-07-29 21:13:05.282 UTC [INFO    ] QueryExecutor_0 - Current_row_count for query extract-everest-CSKT: 20000
2026-07-29 21:13:05.454 UTC [INFO    ] QueryExecutor_2 - Current_row_count for query extract-everest-KAPA: 50000
2026-07-29 21:13:07.110 UTC [INFO    ] QueryExecutor_0 - Upload queue reached threshold size 50000/50000, triggering upload
2026-07-29 21:13:07.423 UTC [DEBUG   ] ThreadPoolExecutor-0_2 - https://az-phx-001.cognitedata.com:443 "POST /api/v1/projects/bdx-dev/raw/dbs/db_databricks_everest_raw/tables/tb_KAPA/rows?ensureParent=True HTTP/1.1" 200 6
2026-07-29 21:13:07.423 UTC [DEBUG   ] ThreadPoolExecutor-0_2 - HTTP/1.1 POST https://az-phx-001.cognitedata.com/api/v1/projects/bdx-dev/raw/dbs/db_databricks_everest_raw/tables/tb_KAPA/rows?ensureParent=True 200
2026-07-29 21:13:07.923 UTC [DEBUG   ] ThreadPoolExecutor-0_0 - https://az-phx-001.cognitedata.com:443 "POST /api/v1/projects/bdx-dev/raw/dbs/db_databricks_everest_raw/tables/tb_KAPA/rows?ensureParent=True HTTP/1.1" 200 6
2026-07-29 21:13:07.923 UTC [DEBUG   ] ThreadPoolExecutor-0_0 - HTTP/1.1 POST https://az-phx-001.cognitedata.com/api/v1/projects/bdx-dev/raw/dbs/db_databricks_everest_raw/tables/tb_KAPA/rows?ensureParent=True 200
2026-07-29 21:13:07.938 UTC [DEBUG   ] ThreadPoolExecutor-0_3 - https://az-phx-001.cognitedata.com:443 "POST /api/v1/projects/bdx-dev/raw/dbs/db_databricks_everest_raw/tables/tb_KAPA/rows?ensureParent=True HTTP/1.1" 200 6
2026-07-29 21:13:07.938 UTC [DEBUG   ] ThreadPoolExecutor-0_3 - HTTP/1.1 POST https://az-phx-001.cognitedata.com/api/v1/projects/bdx-dev/raw/dbs/db_databricks_everest_raw/tables/tb_KAPA/rows?ensureParent=True 200
2026-07-29 21:13:07.954 UTC [DEBUG   ] ThreadPoolExecutor-0_1 - https://az-phx-001.cognitedata.com:443 "POST /api/v1/projects/bdx-dev/raw/dbs/db_databricks_everest_raw/tables/tb_KAPA/rows?ensureParent=True HTTP/1.1" 200 6
2026-07-29 21:13:07.954 UTC [DEBUG   ] ThreadPoolExecutor-0_1 - HTTP/1.1 POST https://az-phx-001.cognitedata.com/api/v1/projects/bdx-dev/raw/dbs/db_databricks_everest_raw/tables/tb_KAPA/rows?ensureParent=True 200
2026-07-29 21:13:08.594 UTC [DEBUG   ] ThreadPoolExecutor-0_4 - https://az-phx-001.cognitedata.com:443 "POST /api/v1/projects/bdx-dev/raw/dbs/db_databricks_everest_raw/tables/tb_CSKS/rows?ensureParent=True HTTP/1.1" 200 6
2026-07-29 21:13:08.594 UTC [DEBUG   ] ThreadPoolExecutor-0_4 - HTTP/1.1 POST https://az-phx-001.cognitedata.com/api/v1/projects/bdx-dev/raw/dbs/db_databricks_everest_raw/tables/tb_CSKS/rows?ensureParent=True 200
2026-07-29 21:13:09.469 UTC [DEBUG   ] ThreadPoolExecutor-0_0 - https://az-phx-001.cognitedata.com:443 "POST /api/v1/projects/bdx-dev/raw/dbs/db_databricks_everest_raw/tables/tb_CSKT/rows?ensureParent=True HTTP/1.1" 200 6
2026-07-29 21:13:09.469 UTC [DEBUG   ] ThreadPoolExecutor-0_0 - HTTP/1.1 POST https://az-phx-001.cognitedata.com/api/v1/projects/bdx-dev/raw/dbs/db_databricks_everest_raw/tables/tb_CSKT/rows?ensureParent=True 200
2026-07-29 21:13:09.469 UTC [DEBUG   ] ThreadPoolExecutor-0_3 - https://az-phx-001.cognitedata.com:443 "POST /api/v1/projects/bdx-dev/raw/dbs/db_databricks_everest_raw/tables/tb_CSKT/rows?ensureParent=True HTTP/1.1" 200 6
2026-07-29 21:13:09.469 UTC [DEBUG   ] ThreadPoolExecutor-0_3 - HTTP/1.1 POST https://az-phx-001.cognitedata.com/api/v1/projects/bdx-dev/raw/dbs/db_databricks_everest_raw/tables/tb_CSKT/rows?ensureParent=True 200
2026-07-29 21:13:09.610 UTC [DEBUG   ] ThreadPoolExecutor-0_1 - https://az-phx-001.cognitedata.com:443 "POST /api/v1/projects/bdx-dev/raw/dbs/db_databricks_everest_raw/tables/tb_CSKT/rows?ensureParent=True HTTP/1.1" 200 6
2026-07-29 21:13:09.610 UTC [DEBUG   ] ThreadPoolExecutor-0_1 - HTTP/1.1 POST https://az-phx-001.cognitedata.com/api/v1/projects/bdx-dev/raw/dbs/db_databricks_everest_raw/tables/tb_CSKT/rows?ensureParent=True 200
2026-07-29 21:13:09.610 UTC [DEBUG   ] ThreadPoolExecutor-0_2 - https://az-phx-001.cognitedata.com:443 "POST /api/v1/projects/bdx-dev/raw/dbs/db_databricks_everest_raw/tables/tb_CSKT/rows?ensureParent=True HTTP/1.1" 200 6
2026-07-29 21:13:09.610 UTC [DEBUG   ] ThreadPoolExecutor-0_2 - HTTP/1.1 POST https://az-phx-001.cognitedata.com/api/v1/projects/bdx-dev/raw/dbs/db_databricks_everest_raw/tables/tb_CSKT/rows?ensureParent=True 200
2026-07-29 21:13:09.626 UTC [DEBUG   ] ThreadPoolExecutor-0_4 - https://az-phx-001.cognitedata.com:443 "POST /api/v1/projects/bdx-dev/raw/dbs/db_databricks_everest_raw/tables/tb_CSKT/rows?ensureParent=True HTTP/1.1" 200 6
2026-07-29 21:13:09.626 UTC [DEBUG   ] ThreadPoolExecutor-0_4 - HTTP/1.1 POST https://az-phx-001.cognitedata.com/api/v1/projects/bdx-dev/raw/dbs/db_databricks_everest_raw/tables/tb_CSKT/rows?ensureParent=True 200
2026-07-29 21:13:09.735 UTC [DEBUG   ] ThreadPoolExecutor-0_0 - https://az-phx-001.cognitedata.com:443 "POST /api/v1/projects/bdx-dev/raw/dbs/db_databricks_everest_raw/tables/tb_CSKT/rows?ensureParent=True HTTP/1.1" 200 6
2026-07-29 21:13:09.735 UTC [DEBUG   ] ThreadPoolExecutor-0_0 - HTTP/1.1 POST https://az-phx-001.cognitedata.com/api/v1/projects/bdx-dev/raw/dbs/db_databricks_everest_raw/tables/tb_CSKT/rows?ensureParent=True 200
2026-07-29 21:13:09.965 UTC [DEBUG   ] ThreadPoolExecutor-0_3 - https://az-phx-001.cognitedata.com:443 "POST /api/v1/projects/bdx-dev/raw/dbs/db_databricks_everest_raw/tables/tb_IFLOT/rows?ensureParent=True HTTP/1.1" 200 6
2026-07-29 21:13:09.966 UTC [DEBUG   ] ThreadPoolExecutor-0_3 - HTTP/1.1 POST https://az-phx-001.cognitedata.com/api/v1/projects/bdx-dev/raw/dbs/db_databricks_everest_raw/tables/tb_IFLOT/rows?ensureParent=True 200
2026-07-29 21:13:09.968 UTC [INFO    ] QueryExecutor_0 - Uploaded 50000 raw rows
2026-07-29 21:13:10.772 UTC [INFO    ] QueryExecutor_0 - Current_row_count for query extract-everest-CSKT: 30000
2026-07-29 21:13:11.060 UTC [INFO    ] QueryExecutor_2 - No more rows for extract-everest-KAPA. 55593 rows extracted in 19.0 seconds
2026-07-29 21:13:11.075 UTC [INFO    ] QueryExecutor_2 - Reporting new success run: No more rows for extract-everest-KAPA. 55593 rows extracted in 19.0 seconds
2026-07-29 21:13:11.122 UTC [DEBUG   ] ThreadPoolExecutor-0_2 - https://az-phx-001.cognitedata.com:443 "POST /api/v1/projects/bdx-dev/extpipes/runs HTTP/1.1" 200 208
2026-07-29 21:13:11.122 UTC [DEBUG   ] ThreadPoolExecutor-0_2 - HTTP/1.1 POST https://az-phx-001.cognitedata.com/api/v1/projects/bdx-dev/extpipes/runs 200
2026-07-29 21:13:11.450 UTC [DEBUG   ] ThreadPoolExecutor-0_0 - https://az-phx-001.cognitedata.com:443 "POST /api/v1/projects/bdx-dev/raw/dbs/db_databricks_everest_raw/tables/tb_KAPA/rows?ensureParent=True HTTP/1.1" 200 6
2026-07-29 21:13:11.450 UTC [DEBUG   ] ThreadPoolExecutor-0_0 - HTTP/1.1 POST https://az-phx-001.cognitedata.com/api/v1/projects/bdx-dev/raw/dbs/db_databricks_everest_raw/tables/tb_KAPA/rows?ensureParent=True 200
2026-07-29 21:13:11.622 UTC [DEBUG   ] ThreadPoolExecutor-0_3 - https://az-phx-001.cognitedata.com:443 "POST /api/v1/projects/bdx-dev/raw/dbs/db_databricks_everest_raw/tables/tb_IFLOT/rows?ensureParent=True HTTP/1.1" 200 6
2026-07-29 21:13:11.622 UTC [DEBUG   ] ThreadPoolExecutor-0_3 - HTTP/1.1 POST https://az-phx-001.cognitedata.com/api/v1/projects/bdx-dev/raw/dbs/db_databricks_everest_raw/tables/tb_IFLOT/rows?ensureParent=True 200
2026-07-29 21:13:11.794 UTC [DEBUG   ] ThreadPoolExecutor-0_2 - https://az-phx-001.cognitedata.com:443 "POST /api/v1/projects/bdx-dev/raw/dbs/db_databricks_everest_raw/tables/tb_CSKS/rows?ensureParent=True HTTP/1.1" 200 6
2026-07-29 21:13:11.794 UTC [DEBUG   ] ThreadPoolExecutor-0_2 - HTTP/1.1 POST https://az-phx-001.cognitedata.com/api/v1/projects/bdx-dev/raw/dbs/db_databricks_everest_raw/tables/tb_CSKS/rows?ensureParent=True 200
2026-07-29 21:13:12.216 UTC [DEBUG   ] ThreadPoolExecutor-0_0 - https://az-phx-001.cognitedata.com:443 "POST /api/v1/projects/bdx-dev/raw/dbs/db_databricks_everest_raw/tables/tb_CSKT/rows?ensureParent=True HTTP/1.1" 200 6
2026-07-29 21:13:12.231 UTC [DEBUG   ] ThreadPoolExecutor-0_0 - HTTP/1.1 POST https://az-phx-001.cognitedata.com/api/v1/projects/bdx-dev/raw/dbs/db_databricks_everest_raw/tables/tb_CSKT/rows?ensureParent=True 200
2026-07-29 21:13:12.231 UTC [INFO    ] QueryExecutor_2 - Uploaded 8593 raw rows
2026-07-29 21:13:13.622 UTC [INFO    ] QueryExecutor_0 - Current_row_count for query extract-everest-CSKT: 40000
2026-07-29 21:13:13.700 UTC [INFO    ] QueryExecutor_2 - Connected to db-databricks-raw successfully
2026-07-29 21:13:13.700 UTC [INFO    ] QueryExecutor_2 - Starting extraction of extract-everest-IFLOTX
2026-07-29 21:13:13.700 UTC [INFO    ] QueryExecutor_2 - Getting rows from odbc
2026-07-29 21:13:14.513 UTC [INFO    ] QueryExecutor_0 - No more rows for extract-everest-CSKT. 45827 rows extracted in 14.8 seconds
2026-07-29 21:13:14.513 UTC [INFO    ] QueryExecutor_0 - Reporting new success run: No more rows for extract-everest-CSKT. 45827 rows extracted in 14.8 seconds
2026-07-29 21:13:14.638 UTC [DEBUG   ] ThreadPoolExecutor-0_3 - https://az-phx-001.cognitedata.com:443 "POST /api/v1/projects/bdx-dev/extpipes/runs HTTP/1.1" 200 208
2026-07-29 21:13:14.638 UTC [DEBUG   ] ThreadPoolExecutor-0_3 - HTTP/1.1 POST https://az-phx-001.cognitedata.com/api/v1/projects/bdx-dev/extpipes/runs 200
2026-07-29 21:13:15.169 UTC [DEBUG   ] ThreadPoolExecutor-0_4 - https://az-phx-001.cognitedata.com:443 "POST /api/v1/projects/bdx-dev/raw/dbs/db_databricks_everest_raw/tables/tb_CSKT/rows?ensureParent=True HTTP/1.1" 200 6
2026-07-29 21:13:15.169 UTC [DEBUG   ] ThreadPoolExecutor-0_4 - HTTP/1.1 POST https://az-phx-001.cognitedata.com/api/v1/projects/bdx-dev/raw/dbs/db_databricks_everest_raw/tables/tb_CSKT/rows?ensureParent=True 200
2026-07-29 21:13:15.184 UTC [DEBUG   ] ThreadPoolExecutor-0_2 - https://az-phx-001.cognitedata.com:443 "POST /api/v1/projects/bdx-dev/raw/dbs/db_databricks_everest_raw/tables/tb_CSKT/rows?ensureParent=True HTTP/1.1" 200 6
2026-07-29 21:13:15.184 UTC [DEBUG   ] ThreadPoolExecutor-0_2 - HTTP/1.1 POST https://az-phx-001.cognitedata.com/api/v1/projects/bdx-dev/raw/dbs/db_databricks_everest_raw/tables/tb_CSKT/rows?ensureParent=True 200
2026-07-29 21:13:15.184 UTC [DEBUG   ] ThreadPoolExecutor-0_0 - https://az-phx-001.cognitedata.com:443 "POST /api/v1/projects/bdx-dev/raw/dbs/db_databricks_everest_raw/tables/tb_CSKT/rows?ensureParent=True HTTP/1.1" 200 6
2026-07-29 21:13:15.184 UTC [DEBUG   ] ThreadPoolExecutor-0_0 - HTTP/1.1 POST https://az-phx-001.cognitedata.com/api/v1/projects/bdx-dev/raw/dbs/db_databricks_everest_raw/tables/tb_CSKT/rows?ensureParent=True 200
2026-07-29 21:13:15.606 UTC [DEBUG   ] ThreadPoolExecutor-0_3 - https://az-phx-001.cognitedata.com:443 "POST /api/v1/projects/bdx-dev/raw/dbs/db_databricks_everest_raw/tables/tb_IFLOT/rows?ensureParent=True HTTP/1.1" 200 6
2026-07-29 21:13:15.606 UTC [DEBUG   ] ThreadPoolExecutor-0_3 - HTTP/1.1 POST https://az-phx-001.cognitedata.com/api/v1/projects/bdx-dev/raw/dbs/db_databricks_everest_raw/tables/tb_IFLOT/rows?ensureParent=True 200
2026-07-29 21:13:15.981 UTC [DEBUG   ] ThreadPoolExecutor-0_4 - https://az-phx-001.cognitedata.com:443 "POST /api/v1/projects/bdx-dev/raw/dbs/db_databricks_everest_raw/tables/tb_CSKS/rows?ensureParent=True HTTP/1.1" 200 6
2026-07-29 21:13:15.981 UTC [DEBUG   ] ThreadPoolExecutor-0_4 - HTTP/1.1 POST https://az-phx-001.cognitedata.com/api/v1/projects/bdx-dev/raw/dbs/db_databricks_everest_raw/tables/tb_CSKS/rows?ensureParent=True 200
2026-07-29 21:13:15.981 UTC [INFO    ] QueryExecutor_0 - Uploaded 21827 raw rows
2026-07-29 21:13:16.262 UTC [INFO    ] QueryExecutor_3 - Current_row_count for query extract-everest-CSKS: 10000
2026-07-29 21:13:17.356 UTC [INFO    ] QueryExecutor_0 - Connected to db-databricks-raw successfully
2026-07-29 21:13:17.356 UTC [INFO    ] QueryExecutor_0 - Starting extraction of extract-everest-IFLOS
2026-07-29 21:13:17.356 UTC [INFO    ] QueryExecutor_0 - Getting rows from odbc
2026-07-29 21:13:17.481 UTC [INFO    ] QueryExecutor_2 - Current_row_count for query extract-everest-IFLOTX: 10000
2026-07-29 21:13:17.575 UTC [INFO    ] QueryExecutor_1 - Current_row_count for query extract-everest-IFLOT: 10000
2026-07-29 21:13:17.966 UTC [INFO    ] QueryExecutor_0 - No more rows for extract-everest-IFLOS. 0 rows extracted in 0.609 seconds
2026-07-29 21:13:17.966 UTC [INFO    ] QueryExecutor_0 - Reporting new success run: No more rows for extract-everest-IFLOS. 0 rows extracted in 0.609 seconds
2026-07-29 21:13:18.012 UTC [DEBUG   ] ThreadPoolExecutor-0_0 - https://az-phx-001.cognitedata.com:443 "POST /api/v1/projects/bdx-dev/extpipes/runs HTTP/1.1" 200 206
2026-07-29 21:13:18.012 UTC [DEBUG   ] ThreadPoolExecutor-0_0 - HTTP/1.1 POST https://az-phx-001.cognitedata.com/api/v1/projects/bdx-dev/extpipes/runs 200
2026-07-29 21:13:18.364 UTC [DEBUG   ] ThreadPoolExecutor-0_3 - https://az-phx-001.cognitedata.com:443 "POST /api/v1/projects/bdx-dev/raw/dbs/db_databricks_everest_raw/tables/tb_IFLOT/rows?ensureParent=True HTTP/1.1" 200 6
2026-07-29 21:13:18.364 UTC [DEBUG   ] ThreadPoolExecutor-0_3 - HTTP/1.1 POST https://az-phx-001.cognitedata.com/api/v1/projects/bdx-dev/raw/dbs/db_databricks_everest_raw/tables/tb_IFLOT/rows?ensureParent=True 200
2026-07-29 21:13:18.629 UTC [DEBUG   ] ThreadPoolExecutor-0_4 - https://az-phx-001.cognitedata.com:443 "POST /api/v1/projects/bdx-dev/raw/dbs/db_databricks_everest_raw/tables/tb_CSKS/rows?ensureParent=True HTTP/1.1" 200 6
2026-07-29 21:13:18.629 UTC [DEBUG   ] ThreadPoolExecutor-0_4 - HTTP/1.1 POST https://az-phx-001.cognitedata.com/api/v1/projects/bdx-dev/raw/dbs/db_databricks_everest_raw/tables/tb_CSKS/rows?ensureParent=True 200
2026-07-29 21:13:18.973 UTC [DEBUG   ] ThreadPoolExecutor-0_2 - https://az-phx-001.cognitedata.com:443 "POST /api/v1/projects/bdx-dev/raw/dbs/db_databricks_everest_raw/tables/tb_IFLOTX/rows?ensureParent=True HTTP/1.1" 200 6
2026-07-29 21:13:18.973 UTC [DEBUG   ] ThreadPoolExecutor-0_2 - HTTP/1.1 POST https://az-phx-001.cognitedata.com/api/v1/projects/bdx-dev/raw/dbs/db_databricks_everest_raw/tables/tb_IFLOTX/rows?ensureParent=True 200
2026-07-29 21:13:18.973 UTC [DEBUG   ] ThreadPoolExecutor-0_0 - https://az-phx-001.cognitedata.com:443 "POST /api/v1/projects/bdx-dev/raw/dbs/db_databricks_everest_raw/tables/tb_IFLOTX/rows?ensureParent=True HTTP/1.1" 200 6
2026-07-29 21:13:18.973 UTC [DEBUG   ] ThreadPoolExecutor-0_0 - HTTP/1.1 POST https://az-phx-001.cognitedata.com/api/v1/projects/bdx-dev/raw/dbs/db_databricks_everest_raw/tables/tb_IFLOTX/rows?ensureParent=True 200
2026-07-29 21:13:19.051 UTC [DEBUG   ] ThreadPoolExecutor-0_3 - https://az-phx-001.cognitedata.com:443 "POST /api/v1/projects/bdx-dev/raw/dbs/db_databricks_everest_raw/tables/tb_IFLOTX/rows?ensureParent=True HTTP/1.1" 200 6
2026-07-29 21:13:19.051 UTC [DEBUG   ] ThreadPoolExecutor-0_3 - HTTP/1.1 POST https://az-phx-001.cognitedata.com/api/v1/projects/bdx-dev/raw/dbs/db_databricks_everest_raw/tables/tb_IFLOTX/rows?ensureParent=True 200
2026-07-29 21:13:19.051 UTC [INFO    ] QueryExecutor_0 - Uploaded 18000 raw rows
2026-07-29 21:13:19.426 UTC [INFO    ] QueryExecutor_2 - No more rows for extract-everest-IFLOTX. 14862 rows extracted in 5.73 seconds
2026-07-29 21:13:19.426 UTC [INFO    ] QueryExecutor_2 - Reporting new success run: No more rows for extract-everest-IFLOTX. 14862 rows extracted in 5.73 seconds
2026-07-29 21:13:19.457 UTC [DEBUG   ] ThreadPoolExecutor-0_4 - https://az-phx-001.cognitedata.com:443 "POST /api/v1/projects/bdx-dev/extpipes/runs HTTP/1.1" 200 210
2026-07-29 21:13:19.457 UTC [DEBUG   ] ThreadPoolExecutor-0_4 - HTTP/1.1 POST https://az-phx-001.cognitedata.com/api/v1/projects/bdx-dev/extpipes/runs 200
2026-07-29 21:13:19.598 UTC [DEBUG   ] ThreadPoolExecutor-0_2 - https://az-phx-001.cognitedata.com:443 "POST /api/v1/projects/bdx-dev/raw/dbs/db_databricks_everest_raw/tables/tb_IFLOTX/rows?ensureParent=True HTTP/1.1" 200 6
2026-07-29 21:13:19.598 UTC [DEBUG   ] ThreadPoolExecutor-0_2 - HTTP/1.1 POST https://az-phx-001.cognitedata.com/api/v1/projects/bdx-dev/raw/dbs/db_databricks_everest_raw/tables/tb_IFLOTX/rows?ensureParent=True 200
2026-07-29 21:13:19.739 UTC [INFO    ] QueryExecutor_0 - Connected to db-databricks-raw successfully
2026-07-29 21:13:19.739 UTC [INFO    ] QueryExecutor_0 - Starting extraction of extract-everest-ILOA
2026-07-29 21:13:19.739 UTC [INFO    ] QueryExecutor_0 - Getting rows from odbc
2026-07-29 21:13:19.770 UTC [DEBUG   ] ThreadPoolExecutor-0_3 - https://az-phx-001.cognitedata.com:443 "POST /api/v1/projects/bdx-dev/raw/dbs/db_databricks_everest_raw/tables/tb_CSKS/rows?ensureParent=True HTTP/1.1" 200 6
2026-07-29 21:13:19.770 UTC [DEBUG   ] ThreadPoolExecutor-0_3 - HTTP/1.1 POST https://az-phx-001.cognitedata.com/api/v1/projects/bdx-dev/raw/dbs/db_databricks_everest_raw/tables/tb_CSKS/rows?ensureParent=True 200
2026-07-29 21:13:19.895 UTC [DEBUG   ] ThreadPoolExecutor-0_4 - https://az-phx-001.cognitedata.com:443 "POST /api/v1/projects/bdx-dev/raw/dbs/db_databricks_everest_raw/tables/tb_IFLOT/rows?ensureParent=True HTTP/1.1" 200 6
2026-07-29 21:13:19.895 UTC [DEBUG   ] ThreadPoolExecutor-0_4 - HTTP/1.1 POST https://az-phx-001.cognitedata.com/api/v1/projects/bdx-dev/raw/dbs/db_databricks_everest_raw/tables/tb_IFLOT/rows?ensureParent=True 200
2026-07-29 21:13:19.895 UTC [INFO    ] QueryExecutor_2 - Uploaded 3862 raw rows
2026-07-29 21:13:20.395 UTC [INFO    ] QueryExecutor_1 - No more rows for extract-everest-IFLOT. 13490 rows extracted in 17.7 seconds
2026-07-29 21:13:20.395 UTC [INFO    ] QueryExecutor_1 - Reporting new success run: No more rows for extract-everest-IFLOT. 13490 rows extracted in 17.7 seconds
2026-07-29 21:13:20.457 UTC [DEBUG   ] ThreadPoolExecutor-0_2 - https://az-phx-001.cognitedata.com:443 "POST /api/v1/projects/bdx-dev/extpipes/runs HTTP/1.1" 200 209
2026-07-29 21:13:20.473 UTC [DEBUG   ] ThreadPoolExecutor-0_2 - HTTP/1.1 POST https://az-phx-001.cognitedata.com/api/v1/projects/bdx-dev/extpipes/runs 200
2026-07-29 21:13:20.801 UTC [DEBUG   ] ThreadPoolExecutor-0_3 - https://az-phx-001.cognitedata.com:443 "POST /api/v1/projects/bdx-dev/raw/dbs/db_databricks_everest_raw/tables/tb_IFLOT/rows?ensureParent=True HTTP/1.1" 200 6
2026-07-29 21:13:20.801 UTC [DEBUG   ] ThreadPoolExecutor-0_3 - HTTP/1.1 POST https://az-phx-001.cognitedata.com/api/v1/projects/bdx-dev/raw/dbs/db_databricks_everest_raw/tables/tb_IFLOT/rows?ensureParent=True 200
2026-07-29 21:13:21.082 UTC [DEBUG   ] ThreadPoolExecutor-0_4 - https://az-phx-001.cognitedata.com:443 "POST /api/v1/projects/bdx-dev/raw/dbs/db_databricks_everest_raw/tables/tb_CSKS/rows?ensureParent=True HTTP/1.1" 200 6
2026-07-29 21:13:21.082 UTC [DEBUG   ] ThreadPoolExecutor-0_4 - HTTP/1.1 POST https://az-phx-001.cognitedata.com/api/v1/projects/bdx-dev/raw/dbs/db_databricks_everest_raw/tables/tb_CSKS/rows?ensureParent=True 200
2026-07-29 21:13:21.082 UTC [INFO    ] QueryExecutor_1 - Uploaded 4490 raw rows
2026-07-29 21:13:21.176 UTC [INFO    ] QueryExecutor_0 - No more rows for extract-everest-ILOA. 10 rows extracted in 1.44 seconds
2026-07-29 21:13:21.176 UTC [INFO    ] QueryExecutor_0 - Reporting new success run: No more rows for extract-everest-ILOA. 10 rows extracted in 1.44 seconds
2026-07-29 21:13:21.192 UTC [INFO    ] QueryExecutor_2 - Connected to db-databricks-raw successfully
2026-07-29 21:13:21.207 UTC [INFO    ] QueryExecutor_2 - Starting extraction of extract-everest-TPST
2026-07-29 21:13:21.207 UTC [INFO    ] QueryExecutor_2 - Getting rows from odbc
2026-07-29 21:13:21.207 UTC [DEBUG   ] ThreadPoolExecutor-0_2 - https://az-phx-001.cognitedata.com:443 "POST /api/v1/projects/bdx-dev/extpipes/runs HTTP/1.1" 200 205
2026-07-29 21:13:21.207 UTC [DEBUG   ] ThreadPoolExecutor-0_2 - HTTP/1.1 POST https://az-phx-001.cognitedata.com/api/v1/projects/bdx-dev/extpipes/runs 200
2026-07-29 21:13:21.395 UTC [DEBUG   ] ThreadPoolExecutor-0_3 - https://az-phx-001.cognitedata.com:443 "POST /api/v1/projects/bdx-dev/raw/dbs/db_databricks_everest_raw/tables/tb_CSKS/rows?ensureParent=True HTTP/1.1" 200 6
2026-07-29 21:13:21.395 UTC [DEBUG   ] ThreadPoolExecutor-0_3 - HTTP/1.1 POST https://az-phx-001.cognitedata.com/api/v1/projects/bdx-dev/raw/dbs/db_databricks_everest_raw/tables/tb_CSKS/rows?ensureParent=True 200
2026-07-29 21:13:21.442 UTC [DEBUG   ] ThreadPoolExecutor-0_4 - https://az-phx-001.cognitedata.com:443 "POST /api/v1/projects/bdx-dev/raw/dbs/db_databricks_everest_raw/tables/tb_ILOA/rows?ensureParent=True HTTP/1.1" 200 6
2026-07-29 21:13:21.442 UTC [DEBUG   ] ThreadPoolExecutor-0_4 - HTTP/1.1 POST https://az-phx-001.cognitedata.com/api/v1/projects/bdx-dev/raw/dbs/db_databricks_everest_raw/tables/tb_ILOA/rows?ensureParent=True 200
2026-07-29 21:13:21.442 UTC [INFO    ] QueryExecutor_0 - Uploaded 1010 raw rows
2026-07-29 21:13:21.879 UTC [INFO    ] QueryExecutor_2 - No more rows for extract-everest-TPST. 25 rows extracted in 0.672 seconds
2026-07-29 21:13:21.879 UTC [INFO    ] QueryExecutor_2 - Reporting new success run: No more rows for extract-everest-TPST. 25 rows extracted in 0.672 seconds
2026-07-29 21:13:21.910 UTC [DEBUG   ] ThreadPoolExecutor-0_2 - https://az-phx-001.cognitedata.com:443 "POST /api/v1/projects/bdx-dev/extpipes/runs HTTP/1.1" 200 206
2026-07-29 21:13:21.910 UTC [DEBUG   ] ThreadPoolExecutor-0_2 - HTTP/1.1 POST https://az-phx-001.cognitedata.com/api/v1/projects/bdx-dev/extpipes/runs 200
2026-07-29 21:13:22.332 UTC [INFO    ] QueryExecutor_1 - Connected to db-databricks-raw successfully
2026-07-29 21:13:22.332 UTC [INFO    ] QueryExecutor_1 - Starting extraction of extract-everest-EQUI
2026-07-29 21:13:22.348 UTC [INFO    ] QueryExecutor_1 - Getting rows from odbc
2026-07-29 21:13:22.379 UTC [INFO    ] QueryExecutor_0 - Connected to db-databricks-raw successfully
2026-07-29 21:13:22.379 UTC [INFO    ] QueryExecutor_0 - Starting extraction of extract-everest-EQUZ
2026-07-29 21:13:22.379 UTC [INFO    ] QueryExecutor_0 - Getting rows from odbc
2026-07-29 21:13:22.489 UTC [DEBUG   ] ThreadPoolExecutor-0_3 - https://az-phx-001.cognitedata.com:443 "POST /api/v1/projects/bdx-dev/raw/dbs/db_databricks_everest_raw/tables/tb_CSKS/rows?ensureParent=True HTTP/1.1" 200 6
2026-07-29 21:13:22.489 UTC [DEBUG   ] ThreadPoolExecutor-0_3 - HTTP/1.1 POST https://az-phx-001.cognitedata.com/api/v1/projects/bdx-dev/raw/dbs/db_databricks_everest_raw/tables/tb_CSKS/rows?ensureParent=True 200
2026-07-29 21:13:22.535 UTC [DEBUG   ] ThreadPoolExecutor-0_4 - https://az-phx-001.cognitedata.com:443 "POST /api/v1/projects/bdx-dev/raw/dbs/db_databricks_everest_raw/tables/tb_TPST/rows?ensureParent=True HTTP/1.1" 200 6
2026-07-29 21:13:22.535 UTC [DEBUG   ] ThreadPoolExecutor-0_4 - HTTP/1.1 POST https://az-phx-001.cognitedata.com/api/v1/projects/bdx-dev/raw/dbs/db_databricks_everest_raw/tables/tb_TPST/rows?ensureParent=True 200
2026-07-29 21:13:22.535 UTC [INFO    ] QueryExecutor_2 - Uploaded 4025 raw rows
2026-07-29 21:13:22.614 UTC [INFO    ] QueryExecutor_3 - Current_row_count for query extract-everest-CSKS: 20000
2026-07-29 21:13:23.473 UTC [INFO    ] QueryExecutor_0 - No more rows for extract-everest-EQUZ. 10 rows extracted in 1.09 seconds
2026-07-29 21:13:23.473 UTC [INFO    ] QueryExecutor_0 - Reporting new success run: No more rows for extract-everest-EQUZ. 10 rows extracted in 1.09 seconds
2026-07-29 21:13:23.504 UTC [DEBUG   ] ThreadPoolExecutor-0_2 - https://az-phx-001.cognitedata.com:443 "POST /api/v1/projects/bdx-dev/extpipes/runs HTTP/1.1" 200 205
2026-07-29 21:13:23.504 UTC [DEBUG   ] ThreadPoolExecutor-0_2 - HTTP/1.1 POST https://az-phx-001.cognitedata.com/api/v1/projects/bdx-dev/extpipes/runs 200
2026-07-29 21:13:23.613 UTC [INFO    ] QueryExecutor_2 - Connected to db-databricks-raw successfully
2026-07-29 21:13:23.613 UTC [INFO    ] QueryExecutor_2 - Starting extraction of extract-everest-EQKT
2026-07-29 21:13:23.613 UTC [INFO    ] QueryExecutor_2 - Getting rows from odbc
2026-07-29 21:13:24.082 UTC [DEBUG   ] ThreadPoolExecutor-0_1 - https://az-phx-001.cognitedata.com:443 "POST /api/v1/projects/bdx-dev/raw/dbs/db_databricks_everest_raw/tables/tb_CSKS/rows?ensureParent=True HTTP/1.1" 200 6
2026-07-29 21:13:24.082 UTC [DEBUG   ] ThreadPoolExecutor-0_1 - HTTP/1.1 POST https://az-phx-001.cognitedata.com/api/v1/projects/bdx-dev/raw/dbs/db_databricks_everest_raw/tables/tb_CSKS/rows?ensureParent=True 200
2026-07-29 21:13:24.145 UTC [DEBUG   ] ThreadPoolExecutor-0_3 - https://az-phx-001.cognitedata.com:443 "POST /api/v1/projects/bdx-dev/raw/dbs/db_databricks_everest_raw/tables/tb_CSKS/rows?ensureParent=True HTTP/1.1" 200 6
2026-07-29 21:13:24.145 UTC [DEBUG   ] ThreadPoolExecutor-0_3 - HTTP/1.1 POST https://az-phx-001.cognitedata.com/api/v1/projects/bdx-dev/raw/dbs/db_databricks_everest_raw/tables/tb_CSKS/rows?ensureParent=True 200
2026-07-29 21:13:24.207 UTC [DEBUG   ] ThreadPoolExecutor-0_0 - https://az-phx-001.cognitedata.com:443 "POST /api/v1/projects/bdx-dev/raw/dbs/db_databricks_everest_raw/tables/tb_EQUZ/rows?ensureParent=True HTTP/1.1" 200 6
2026-07-29 21:13:24.207 UTC [DEBUG   ] ThreadPoolExecutor-0_0 - HTTP/1.1 POST https://az-phx-001.cognitedata.com/api/v1/projects/bdx-dev/raw/dbs/db_databricks_everest_raw/tables/tb_EQUZ/rows?ensureParent=True 200
2026-07-29 21:13:24.207 UTC [INFO    ] QueryExecutor_0 - Uploaded 8010 raw rows
2026-07-29 21:13:24.238 UTC [INFO    ] QueryExecutor_1 - No more rows for extract-everest-EQUI. 10 rows extracted in 1.89 seconds
2026-07-29 21:13:24.270 UTC [INFO    ] QueryExecutor_1 - Reporting new success run: No more rows for extract-everest-EQUI. 10 rows extracted in 1.89 seconds
2026-07-29 21:13:24.348 UTC [DEBUG   ] ThreadPoolExecutor-0_4 - https://az-phx-001.cognitedata.com:443 "POST /api/v1/projects/bdx-dev/extpipes/runs HTTP/1.1" 200 205
2026-07-29 21:13:24.348 UTC [DEBUG   ] ThreadPoolExecutor-0_4 - HTTP/1.1 POST https://az-phx-001.cognitedata.com/api/v1/projects/bdx-dev/extpipes/runs 200
2026-07-29 21:13:24.488 UTC [DEBUG   ] ThreadPoolExecutor-0_3 - https://az-phx-001.cognitedata.com:443 "POST /api/v1/projects/bdx-dev/raw/dbs/db_databricks_everest_raw/tables/tb_CSKS/rows?ensureParent=True HTTP/1.1" 200 6
2026-07-29 21:13:24.488 UTC [DEBUG   ] ThreadPoolExecutor-0_3 - HTTP/1.1 POST https://az-phx-001.cognitedata.com/api/v1/projects/bdx-dev/raw/dbs/db_databricks_everest_raw/tables/tb_CSKS/rows?ensureParent=True 200
2026-07-29 21:13:24.535 UTC [DEBUG   ] ThreadPoolExecutor-0_0 - https://az-phx-001.cognitedata.com:443 "POST /api/v1/projects/bdx-dev/raw/dbs/db_databricks_everest_raw/tables/tb_EQUI/rows?ensureParent=True HTTP/1.1" 200 6
2026-07-29 21:13:24.535 UTC [DEBUG   ] ThreadPoolExecutor-0_0 - HTTP/1.1 POST https://az-phx-001.cognitedata.com/api/v1/projects/bdx-dev/raw/dbs/db_databricks_everest_raw/tables/tb_EQUI/rows?ensureParent=True 200
2026-07-29 21:13:24.535 UTC [INFO    ] QueryExecutor_1 - Uploaded 1010 raw rows
2026-07-29 21:13:24.551 UTC [INFO    ] QueryExecutor_2 - No more rows for extract-everest-EQKT. 10 rows extracted in 0.937 seconds
2026-07-29 21:13:24.582 UTC [INFO    ] QueryExecutor_2 - Reporting new success run: No more rows for extract-everest-EQKT. 10 rows extracted in 0.937 seconds
2026-07-29 21:13:24.660 UTC [DEBUG   ] ThreadPoolExecutor-0_4 - https://az-phx-001.cognitedata.com:443 "POST /api/v1/projects/bdx-dev/extpipes/runs HTTP/1.1" 200 206
2026-07-29 21:13:24.660 UTC [DEBUG   ] ThreadPoolExecutor-0_4 - HTTP/1.1 POST https://az-phx-001.cognitedata.com/api/v1/projects/bdx-dev/extpipes/runs 200
2026-07-29 21:13:24.785 UTC [DEBUG   ] ThreadPoolExecutor-0_3 - https://az-phx-001.cognitedata.com:443 "POST /api/v1/projects/bdx-dev/raw/dbs/db_databricks_everest_raw/tables/tb_CSKS/rows?ensureParent=True HTTP/1.1" 200 6
2026-07-29 21:13:24.785 UTC [DEBUG   ] ThreadPoolExecutor-0_3 - HTTP/1.1 POST https://az-phx-001.cognitedata.com/api/v1/projects/bdx-dev/raw/dbs/db_databricks_everest_raw/tables/tb_CSKS/rows?ensureParent=True 200
2026-07-29 21:13:24.848 UTC [DEBUG   ] ThreadPoolExecutor-0_0 - https://az-phx-001.cognitedata.com:443 "POST /api/v1/projects/bdx-dev/raw/dbs/db_databricks_everest_raw/tables/tb_EQKT/rows?ensureParent=True HTTP/1.1" 200 6
2026-07-29 21:13:24.848 UTC [DEBUG   ] ThreadPoolExecutor-0_0 - HTTP/1.1 POST https://az-phx-001.cognitedata.com/api/v1/projects/bdx-dev/raw/dbs/db_databricks_everest_raw/tables/tb_EQKT/rows?ensureParent=True 200
2026-07-29 21:13:24.848 UTC [INFO    ] QueryExecutor_2 - Uploaded 1010 raw rows
2026-07-29 21:13:24.926 UTC [INFO    ] QueryExecutor_0 - Connected to db-databricks-raw successfully
2026-07-29 21:13:24.926 UTC [INFO    ] QueryExecutor_3 - Current_row_count for query extract-everest-CSKS: 30000
2026-07-29 21:13:24.926 UTC [INFO    ] QueryExecutor_0 - Starting extraction of extract-everest-EQST
2026-07-29 21:13:24.926 UTC [INFO    ] QueryExecutor_0 - Getting rows from odbc
2026-07-29 21:13:24.957 UTC [INFO    ] QueryExecutor_3 - No more rows for extract-everest-CSKS. 30246 rows extracted in 26.9 seconds
2026-07-29 21:13:24.957 UTC [INFO    ] QueryExecutor_3 - Reporting new success run: No more rows for extract-everest-CSKS. 30246 rows extracted in 26.9 seconds
2026-07-29 21:13:25.004 UTC [DEBUG   ] ThreadPoolExecutor-0_4 - https://az-phx-001.cognitedata.com:443 "POST /api/v1/projects/bdx-dev/extpipes/runs HTTP/1.1" 200 208
2026-07-29 21:13:25.004 UTC [DEBUG   ] ThreadPoolExecutor-0_4 - HTTP/1.1 POST https://az-phx-001.cognitedata.com/api/v1/projects/bdx-dev/extpipes/runs 200
2026-07-29 21:13:25.145 UTC [DEBUG   ] ThreadPoolExecutor-0_3 - https://az-phx-001.cognitedata.com:443 "POST /api/v1/projects/bdx-dev/raw/dbs/db_databricks_everest_raw/tables/tb_CSKS/rows?ensureParent=True HTTP/1.1" 200 6
2026-07-29 21:13:25.145 UTC [DEBUG   ] ThreadPoolExecutor-0_3 - HTTP/1.1 POST https://az-phx-001.cognitedata.com/api/v1/projects/bdx-dev/raw/dbs/db_databricks_everest_raw/tables/tb_CSKS/rows?ensureParent=True 200
2026-07-29 21:13:25.145 UTC [INFO    ] QueryExecutor_3 - Uploaded 1246 raw rows
2026-07-29 21:13:25.973 UTC [INFO    ] QueryExecutor_2 - Connected to db-databricks-raw successfully
2026-07-29 21:13:25.973 UTC [INFO    ] QueryExecutor_2 - Starting extraction of extract-everest-IMRG
2026-07-29 21:13:25.973 UTC [INFO    ] QueryExecutor_2 - Getting rows from odbc
2026-07-29 21:13:25.988 UTC [INFO    ] QueryExecutor_1 - Connected to db-databricks-raw successfully
2026-07-29 21:13:25.988 UTC [INFO    ] QueryExecutor_1 - Starting extraction of extract-everest-IMPTT
2026-07-29 21:13:25.988 UTC [INFO    ] QueryExecutor_1 - Getting rows from odbc
2026-07-29 21:13:26.379 UTC [INFO    ] QueryExecutor_0 - Current_row_count for query extract-everest-EQST: 10000
2026-07-29 21:13:26.676 UTC [INFO    ] QueryExecutor_0 - Current_row_count for query extract-everest-EQST: 20000
2026-07-29 21:13:26.723 UTC [INFO    ] QueryExecutor_0 - No more rows for extract-everest-EQST. 21650 rows extracted in 1.8 seconds
2026-07-29 21:13:26.723 UTC [INFO    ] QueryExecutor_0 - Reporting new success run: No more rows for extract-everest-EQST. 21650 rows extracted in 1.8 seconds
2026-07-29 21:13:26.770 UTC [DEBUG   ] ThreadPoolExecutor-0_0 - https://az-phx-001.cognitedata.com:443 "POST /api/v1/projects/bdx-dev/extpipes/runs HTTP/1.1" 200 207
2026-07-29 21:13:26.770 UTC [DEBUG   ] ThreadPoolExecutor-0_0 - HTTP/1.1 POST https://az-phx-001.cognitedata.com/api/v1/projects/bdx-dev/extpipes/runs 200
2026-07-29 21:13:26.863 UTC [INFO    ] QueryExecutor_3 - Connected to db-databricks-raw successfully
2026-07-29 21:13:26.863 UTC [INFO    ] QueryExecutor_3 - Starting extraction of extract-everest-MPLA
2026-07-29 21:13:26.863 UTC [INFO    ] QueryExecutor_3 - Getting rows from odbc
2026-07-29 21:13:27.082 UTC [DEBUG   ] ThreadPoolExecutor-0_0 - https://az-phx-001.cognitedata.com:443 "POST /api/v1/projects/bdx-dev/raw/dbs/db_databricks_everest_raw/tables/tb_EQST/rows?ensureParent=True HTTP/1.1" 200 6
2026-07-29 21:13:27.082 UTC [DEBUG   ] ThreadPoolExecutor-0_0 - HTTP/1.1 POST https://az-phx-001.cognitedata.com/api/v1/projects/bdx-dev/raw/dbs/db_databricks_everest_raw/tables/tb_EQST/rows?ensureParent=True 200
2026-07-29 21:13:27.332 UTC [DEBUG   ] ThreadPoolExecutor-0_2 - https://az-phx-001.cognitedata.com:443 "POST /api/v1/projects/bdx-dev/raw/dbs/db_databricks_everest_raw/tables/tb_EQST/rows?ensureParent=True HTTP/1.1" 200 6
2026-07-29 21:13:27.332 UTC [DEBUG   ] ThreadPoolExecutor-0_2 - HTTP/1.1 POST https://az-phx-001.cognitedata.com/api/v1/projects/bdx-dev/raw/dbs/db_databricks_everest_raw/tables/tb_EQST/rows?ensureParent=True 200
2026-07-29 21:13:27.348 UTC [DEBUG   ] ThreadPoolExecutor-0_3 - https://az-phx-001.cognitedata.com:443 "POST /api/v1/projects/bdx-dev/raw/dbs/db_databricks_everest_raw/tables/tb_EQST/rows?ensureParent=True HTTP/1.1" 200 6
2026-07-29 21:13:27.348 UTC [DEBUG   ] ThreadPoolExecutor-0_1 - https://az-phx-001.cognitedata.com:443 "POST /api/v1/projects/bdx-dev/raw/dbs/db_databricks_everest_raw/tables/tb_EQST/rows?ensureParent=True HTTP/1.1" 200 6
2026-07-29 21:13:27.348 UTC [DEBUG   ] ThreadPoolExecutor-0_3 - HTTP/1.1 POST https://az-phx-001.cognitedata.com/api/v1/projects/bdx-dev/raw/dbs/db_databricks_everest_raw/tables/tb_EQST/rows?ensureParent=True 200
2026-07-29 21:13:27.348 UTC [DEBUG   ] ThreadPoolExecutor-0_1 - HTTP/1.1 POST https://az-phx-001.cognitedata.com/api/v1/projects/bdx-dev/raw/dbs/db_databricks_everest_raw/tables/tb_EQST/rows?ensureParent=True 200
2026-07-29 21:13:27.348 UTC [DEBUG   ] ThreadPoolExecutor-0_4 - https://az-phx-001.cognitedata.com:443 "POST /api/v1/projects/bdx-dev/raw/dbs/db_databricks_everest_raw/tables/tb_EQST/rows?ensureParent=True HTTP/1.1" 200 6
2026-07-29 21:13:27.348 UTC [DEBUG   ] ThreadPoolExecutor-0_4 - HTTP/1.1 POST https://az-phx-001.cognitedata.com/api/v1/projects/bdx-dev/raw/dbs/db_databricks_everest_raw/tables/tb_EQST/rows?ensureParent=True 200
2026-07-29 21:13:27.348 UTC [INFO    ] QueryExecutor_0 - Uploaded 21650 raw rows
2026-07-29 21:13:27.363 UTC [INFO    ] QueryExecutor_2 - No more rows for extract-everest-IMRG. 10 rows extracted in 1.39 seconds
2026-07-29 21:13:27.363 UTC [INFO    ] QueryExecutor_1 - No more rows for extract-everest-IMPTT. 10 rows extracted in 1.37 seconds
2026-07-29 21:13:27.363 UTC [INFO    ] QueryExecutor_2 - Reporting new success run: No more rows for extract-everest-IMRG. 10 rows extracted in 1.39 seconds
2026-07-29 21:13:27.363 UTC [INFO    ] QueryExecutor_1 - Reporting new success run: No more rows for extract-everest-IMPTT. 10 rows extracted in 1.37 seconds
2026-07-29 21:13:27.395 UTC [DEBUG   ] ThreadPoolExecutor-0_0 - https://az-phx-001.cognitedata.com:443 "POST /api/v1/projects/bdx-dev/extpipes/runs HTTP/1.1" 200 205
2026-07-29 21:13:27.395 UTC [DEBUG   ] ThreadPoolExecutor-0_0 - HTTP/1.1 POST https://az-phx-001.cognitedata.com/api/v1/projects/bdx-dev/extpipes/runs 200
2026-07-29 21:13:27.395 UTC [DEBUG   ] ThreadPoolExecutor-0_3 - https://az-phx-001.cognitedata.com:443 "POST /api/v1/projects/bdx-dev/extpipes/runs HTTP/1.1" 200 206
2026-07-29 21:13:27.395 UTC [DEBUG   ] ThreadPoolExecutor-0_3 - HTTP/1.1 POST https://az-phx-001.cognitedata.com/api/v1/projects/bdx-dev/extpipes/runs 200
2026-07-29 21:13:27.426 UTC [DEBUG   ] ThreadPoolExecutor-0_4 - https://az-phx-001.cognitedata.com:443 "POST /api/v1/projects/bdx-dev/raw/dbs/db_databricks_everest_raw/tables/tb_IMPTT/rows?ensureParent=True HTTP/1.1" 200 6
2026-07-29 21:13:27.426 UTC [DEBUG   ] ThreadPoolExecutor-0_4 - HTTP/1.1 POST https://az-phx-001.cognitedata.com/api/v1/projects/bdx-dev/raw/dbs/db_databricks_everest_raw/tables/tb_IMPTT/rows?ensureParent=True 200
2026-07-29 21:13:27.473 UTC [DEBUG   ] ThreadPoolExecutor-0_1 - https://az-phx-001.cognitedata.com:443 "POST /api/v1/projects/bdx-dev/raw/dbs/db_databricks_everest_raw/tables/tb_IMRG/rows?ensureParent=True HTTP/1.1" 200 6
2026-07-29 21:13:27.473 UTC [DEBUG   ] ThreadPoolExecutor-0_1 - HTTP/1.1 POST https://az-phx-001.cognitedata.com/api/v1/projects/bdx-dev/raw/dbs/db_databricks_everest_raw/tables/tb_IMRG/rows?ensureParent=True 200
2026-07-29 21:13:27.473 UTC [INFO    ] QueryExecutor_2 - Uploaded 20 raw rows
2026-07-29 21:13:27.473 UTC [INFO    ] QueryExecutor_1 - Uploaded 0 raw rows
2026-07-29 21:13:28.441 UTC [INFO    ] QueryExecutor_1 - Connected to db-databricks-raw successfully
2026-07-29 21:13:28.441 UTC [INFO    ] QueryExecutor_2 - Connected to db-databricks-raw successfully
2026-07-29 21:13:28.441 UTC [INFO    ] QueryExecutor_1 - Starting extraction of extract-everest-MHIO
2026-07-29 21:13:28.441 UTC [INFO    ] QueryExecutor_2 - Starting extraction of extract-everest-MPOS
2026-07-29 21:13:28.441 UTC [INFO    ] QueryExecutor_1 - Getting rows from odbc
2026-07-29 21:13:28.441 UTC [INFO    ] QueryExecutor_2 - Getting rows from odbc
2026-07-29 21:13:28.535 UTC [INFO    ] QueryExecutor_0 - Connected to db-databricks-raw successfully
2026-07-29 21:13:28.535 UTC [INFO    ] QueryExecutor_0 - Starting extraction of extract-everest-MHIS
2026-07-29 21:13:28.535 UTC [INFO    ] QueryExecutor_0 - Getting rows from odbc
2026-07-29 21:13:29.145 UTC [INFO    ] QueryExecutor_3 - Current_row_count for query extract-everest-MPLA: 10000
2026-07-29 21:13:29.254 UTC [ERROR   ] QueryExecutor_1 - DB error in extract-everest-MHIO: ('42703', '[42703] [Databricks][Hardy] (80) Syntax or semantic analysis error thrown in server while executing query. Error message from server: org.apache.hive.service.cli.HiveSQLException: Error running query: [UNRESOLVED_COLUMN.WITH_SUGGESTION] org.apache.spark.sql.catalyst.ExtendedAnalysisException: [UNRESOLVED_COLUMN.WITH_SUGGESTION] A column, variable, or function parameter with name `LFDAT` cannot be resolved. Did you mean one of the following? [`ADDAT`, `TSTAT`, `AUFNR`, `LBLNI`, `MANDT`]. SQLSTATE: 42703; line 1 pos 62\n\tat org.apache.spark.sql.hive.thriftserver.HiveThriftServerErrors$.runningQueryError(HiveThriftServerErrors.scala:58)\n\tat org.apache.spark.sql.hive.thriftserver.SparkExecuteStatementOperation.$anonfun$execute$1(SparkExecuteStatementOperation.scala:1205)\n\tat scala.runtime.java8.JFunction0$mcV$sp.apply(JFunction0$mcV$sp.scala:18)\n\tat com.databricks.unity.UCSEphemeralState$Handle.runWith(UCSEphemeralState.scala:51)\n\tat com.databricks.unity.HandleImpl.runWith(UCSHandle.scala:128)\n\tat org.apache.spark.sql.hive.thriftserver.SparkExecuteStatementOperation.org$apache$spark$sql$hive$thriftserver$SparkExecuteStatementOperation$$execute(SparkExecuteStatementOperation.scala:898)\n\tat org.apache.spark.sql.hive.thriftserver.SparkExecuteStatementOperation$$anon$2$$anon$3.$anonfun$run$6(SparkExecuteStatementOperation.scala:647)\n\tat scala.runtime.java8.JFunction0$mcV$sp.apply(JFunction0$mcV$sp.scala:18)\n\tat org.apache.spark.sql.execution.SQLExecution$.withRootExecution(SQLExecution.scala:1498)\n\tat org.apache.spark.sql.hive.thriftserver.SparkExecuteStatementOperation$$anon$2$$anon$3.$anonfun$run$3(SparkExecuteStatementOperation.scala:647)\n\tat scala.runtime.java8.JFunction0$mcV$sp.apply(JFunction0$mcV$sp.scala:18)\n\tat com.databricks.util.TracingSpanUtils$.withTracing(TracingSpanUtils.scala:251)\n\tat com.databricks.spark.util.DatabricksTracingHelper.withSpan(DatabricksSparkTracingHelper.scala:154)\n\tat com.databricks.spark.util.DBRTracing$.withSpan(DBRTracing.scala:87)\n\tat org.apache.spark.sql.hive.thriftserver.ThriftLocalProperties.$anonfun$withLocalProperties$18(ThriftLocalProperties.scala:366)\n\tat com.databricks.logging.AttributionContextTracing.$anonfun$withAttributionContext$1(AttributionContextTracing.scala:146)\n\tat com.databricks.logging.AttributionContext$.$anonfun$withValue$1(AttributionContext.scala:349)\n\tat scala.util.DynamicVariable.withValue(DynamicVariable.scala:59)\n\tat com.databricks.logging.AttributionContext$.withValue(AttributionContext.scala:345)\n\tat com.databricks.logging.AttributionContextTracing.withAttributionContext(AttributionContextTracing.scala:144)\n\tat com.databricks.logging.AttributionContextTracing.withAttributionContext$(AttributionContextTracing.scala:141)\n\tat com.databricks.spark.util.PublicDBLogging.withAttributionContext(DatabricksSparkUsageLogger.scala:29)\n\tat com.databricks.logging.AttributionContextTracing.withAttributionTags(AttributionContextTracing.scala:201)\n\tat com.databricks.logging.AttributionContextTracing.withAttributionTags$(AttributionContextTracing.scala:182)\n\tat com.databricks.spark.util.PublicDBLogging.withAttributionTags(DatabricksSparkUsageLogger.scala:29)\n\tat com.databricks.spark.util.PublicDBLogging.withAttributionTags0(DatabricksSparkUsageLogger.scala:108)\n\tat com.databricks.spark.util.DatabricksSparkUsageLogger.withAttributionTags(DatabricksSparkUsageLogger.scala:215)\n\tat com.databricks.spark.util.UsageLogging.$anonfun$withAttributionTags$1(UsageLogger.scala:668)\n\tat com.databricks.spark.util.UsageLogging$.withAttributionTags(UsageLogger.scala:780)\n\tat com.databricks.spark.util.UsageLogging$.withAttributionTags(UsageLogger.scala:789)\n\tat com.databricks.spark.util.UsageLogging.withAttributionTags(UsageLogger.scala:668)\n\tat com.databricks.spark.util.UsageLogging.withAttributionTags$(UsageLogger.scala:666)\n\tat org.apache.spark.sql.hive.thriftserver.SparkExecuteStatementOperation.withAttributionTags(SparkExecuteStatementOperation.scala:79)\n\tat org.apache.spark.sql.hive.thriftserver.ThriftLocalProperties.$anonfun$withLocalProperties$15(ThriftLocalProperties.scala:365)\n\tat com.databricks.spark.util.IdentityClaim$.withClaim(IdentityClaim.scala:48)\n\tat org.apache.spark.sql.hive.thriftserver.ThriftLocalProperties.withLocalProperties(ThriftLocalProperties.scala:360)\n\tat org.apache.spark.sql.hive.thriftserver.ThriftLocalProperties.withLocalProperties$(ThriftLocalProperties.scala:180)\n\tat org.apache.spark.sql.hive.thriftserver.SparkExecuteStatementOperation.withLocalProperties(SparkExecuteStatementOperation.scala:79)\n\tat org.apache.spark.sql.hive.thriftserver.SparkExecuteStatementOperation$$anon$2$$anon$3.$anonfun$run$2(SparkExecuteStatementOperation.scala:623)\n\tat scala.runtime.java8.JFunction0$mcV$sp.apply(JFunction0$mcV$sp.scala:18)\n\tat com.databricks.spark.util.DBRTracing$.withSpanFromParent(DBRTracing.scala:70)\n\tat org.apache.spark.sql.hive.thriftserver.SparkExecuteStatementOperation$$anon$2$$anon$3.run(SparkExecuteStatementOperation.scala:623)\n\tat org.apache.spark.sql.hive.thriftserver.SparkExecuteStatementOperation$$anon$2$$anon$3.run(SparkExecuteStatementOperation.scala:596)\n\tat java.base/java.security.AccessController.doPrivileged(AccessController.java:712)\n\tat java.base/javax.security.auth.Subject.doAs(Subject.java:439)\n\tat org.apache.hadoop.security.UserGroupInformation.doAs(UserGroupInformation.java:1953)\n\tat org.apache.spark.sql.hive.thriftserver.SparkExecuteStatementOperation$$anon$2.run(SparkExecuteStatementOperation.scala:661)\n\tat java.base/java.util.concurrent.Executors$RunnableAdapter.call(Executors.java:539)\n\tat java.base/java.util.concurrent.FutureTask.run(FutureTask.java:264)\n\tat java.base/java.util.concurrent.ThreadPoolExecutor.runWorker(ThreadPoolExecutor.java:1136)\n\tat java.base/java.util.concurrent.ThreadPoolExecutor$Worker.run(ThreadPoolExecutor.java:635)\n\tat java.base/java.lang.Thread.run(Thread.java:840)\nCaused by: org.apache.spark.sql.catalyst.ExtendedAnalysisException: [UNRESOLVED_COLUMN.WITH_SUGGESTION] A column, variable, or function parameter with name `LFDAT` cannot be resolved. Did you mean one of the following? [`ADDAT`, `TSTAT`, `AUFNR`, `LBLNI`, `MANDT`]. SQLSTATE: 42703; line 1 pos 62\n\tat org.apache.spark.sql.catalyst.ExtendedAnalysisException.copyPlan(ExtendedAnalysisException.scala:97)\n\tat org.apache.spark.sql.hive.thriftserver.SparkExecuteStatementOperation.$anonfun$execute$1(SparkExecuteStatementOperation.scala:1158)\n\t... 50 more\n (80) (SQLExecDirectW)')
2026-07-29 21:13:29.504 UTC [INFO    ] QueryExecutor_0 - No more rows for extract-everest-MHIS. 0 rows extracted in 0.969 seconds
2026-07-29 21:13:29.504 UTC [INFO    ] QueryExecutor_0 - Reporting new success run: No more rows for extract-everest-MHIS. 0 rows extracted in 0.969 seconds
2026-07-29 21:13:29.519 UTC [DEBUG   ] ThreadPoolExecutor-0_4 - https://az-phx-001.cognitedata.com:443 "POST /api/v1/projects/bdx-dev/raw/dbs/db_databricks_everest_raw/tables/tb_MPLA/rows?ensureParent=True HTTP/1.1" 200 6
2026-07-29 21:13:29.519 UTC [DEBUG   ] ThreadPoolExecutor-0_4 - HTTP/1.1 POST https://az-phx-001.cognitedata.com/api/v1/projects/bdx-dev/raw/dbs/db_databricks_everest_raw/tables/tb_MPLA/rows?ensureParent=True 200
2026-07-29 21:13:29.535 UTC [DEBUG   ] ThreadPoolExecutor-0_1 - https://az-phx-001.cognitedata.com:443 "POST /api/v1/projects/bdx-dev/extpipes/runs HTTP/1.1" 200 205
2026-07-29 21:13:29.535 UTC [DEBUG   ] ThreadPoolExecutor-0_1 - HTTP/1.1 POST https://az-phx-001.cognitedata.com/api/v1/projects/bdx-dev/extpipes/runs 200
2026-07-29 21:13:29.801 UTC [DEBUG   ] ThreadPoolExecutor-0_2 - https://az-phx-001.cognitedata.com:443 "POST /api/v1/projects/bdx-dev/raw/dbs/db_databricks_everest_raw/tables/tb_MPLA/rows?ensureParent=True HTTP/1.1" 200 6
2026-07-29 21:13:29.801 UTC [DEBUG   ] ThreadPoolExecutor-0_2 - HTTP/1.1 POST https://az-phx-001.cognitedata.com/api/v1/projects/bdx-dev/raw/dbs/db_databricks_everest_raw/tables/tb_MPLA/rows?ensureParent=True 200
2026-07-29 21:13:29.957 UTC [DEBUG   ] ThreadPoolExecutor-0_3 - https://az-phx-001.cognitedata.com:443 "POST /api/v1/projects/bdx-dev/raw/dbs/db_databricks_everest_raw/tables/tb_MPLA/rows?ensureParent=True HTTP/1.1" 200 6
2026-07-29 21:13:29.957 UTC [DEBUG   ] ThreadPoolExecutor-0_3 - HTTP/1.1 POST https://az-phx-001.cognitedata.com/api/v1/projects/bdx-dev/raw/dbs/db_databricks_everest_raw/tables/tb_MPLA/rows?ensureParent=True 200
2026-07-29 21:13:29.957 UTC [INFO    ] QueryExecutor_1 - Uploaded 11000 raw rows
2026-07-29 21:13:30.004 UTC [DEBUG   ] ThreadPoolExecutor-0_0 - https://az-phx-001.cognitedata.com:443 "POST /api/v1/projects/bdx-dev/raw/dbs/db_databricks_everest_raw/tables/tb_MPLA/rows?ensureParent=True HTTP/1.1" 200 6
2026-07-29 21:13:30.004 UTC [DEBUG   ] ThreadPoolExecutor-0_0 - HTTP/1.1 POST https://az-phx-001.cognitedata.com/api/v1/projects/bdx-dev/raw/dbs/db_databricks_everest_raw/tables/tb_MPLA/rows?ensureParent=True 200
2026-07-29 21:13:30.004 UTC [INFO    ] QueryExecutor_0 - Uploaded 1 raw rows
2026-07-29 21:13:30.426 UTC [ERROR   ] QueryExecutor_1 - Error in extraction of extract-everest-MHIO: 
2026-07-29 21:13:30.426 UTC [INFO    ] QueryExecutor_1 - Reporting new failure run: Error in extraction of extract-everest-MHIO: 
2026-07-29 21:13:30.489 UTC [DEBUG   ] ThreadPoolExecutor-0_1 - https://az-phx-001.cognitedata.com:443 "POST /api/v1/projects/bdx-dev/extpipes/runs HTTP/1.1" 200 177
2026-07-29 21:13:30.489 UTC [DEBUG   ] ThreadPoolExecutor-0_1 - HTTP/1.1 POST https://az-phx-001.cognitedata.com/api/v1/projects/bdx-dev/extpipes/runs 200
2026-07-29 21:13:30.910 UTC [INFO    ] QueryExecutor_0 - Connected to db-databricks-raw successfully
2026-07-29 21:13:30.910 UTC [INFO    ] QueryExecutor_1 - Connected to db-databricks-raw successfully
2026-07-29 21:13:30.910 UTC [INFO    ] QueryExecutor_0 - Starting extraction of extract-everest-AFIH
2026-07-29 21:13:30.910 UTC [INFO    ] QueryExecutor_1 - Starting extraction of extract-everest-AUFK
2026-07-29 21:13:30.910 UTC [INFO    ] QueryExecutor_0 - Getting rows from odbc
2026-07-29 21:13:30.910 UTC [INFO    ] QueryExecutor_1 - Getting rows from odbc
2026-07-29 21:13:32.082 UTC [INFO    ] QueryExecutor_3 - No more rows for extract-everest-MPLA. 19772 rows extracted in 5.22 seconds
2026-07-29 21:13:32.082 UTC [INFO    ] QueryExecutor_3 - Reporting new success run: No more rows for extract-everest-MPLA. 19772 rows extracted in 5.22 seconds
2026-07-29 21:13:32.192 UTC [DEBUG   ] ThreadPoolExecutor-0_3 - https://az-phx-001.cognitedata.com:443 "POST /api/v1/projects/bdx-dev/extpipes/runs HTTP/1.1" 200 208
2026-07-29 21:13:32.223 UTC [DEBUG   ] ThreadPoolExecutor-0_3 - HTTP/1.1 POST https://az-phx-001.cognitedata.com/api/v1/projects/bdx-dev/extpipes/runs 200
2026-07-29 21:13:32.754 UTC [DEBUG   ] ThreadPoolExecutor-0_2 - https://az-phx-001.cognitedata.com:443 "POST /api/v1/projects/bdx-dev/raw/dbs/db_databricks_everest_raw/tables/tb_MPLA/rows?ensureParent=True HTTP/1.1" 200 6
2026-07-29 21:13:32.754 UTC [DEBUG   ] ThreadPoolExecutor-0_2 - HTTP/1.1 POST https://az-phx-001.cognitedata.com/api/v1/projects/bdx-dev/raw/dbs/db_databricks_everest_raw/tables/tb_MPLA/rows?ensureParent=True 200
2026-07-29 21:13:32.864 UTC [DEBUG   ] ThreadPoolExecutor-0_0 - https://az-phx-001.cognitedata.com:443 "POST /api/v1/projects/bdx-dev/raw/dbs/db_databricks_everest_raw/tables/tb_MPLA/rows?ensureParent=True HTTP/1.1" 200 6
2026-07-29 21:13:32.864 UTC [DEBUG   ] ThreadPoolExecutor-0_0 - HTTP/1.1 POST https://az-phx-001.cognitedata.com/api/v1/projects/bdx-dev/raw/dbs/db_databricks_everest_raw/tables/tb_MPLA/rows?ensureParent=True 200
2026-07-29 21:13:33.160 UTC [DEBUG   ] ThreadPoolExecutor-0_3 - https://az-phx-001.cognitedata.com:443 "POST /api/v1/projects/bdx-dev/raw/dbs/db_databricks_everest_raw/tables/tb_MPOS/rows?ensureParent=True HTTP/1.1" 200 6
2026-07-29 21:13:33.160 UTC [DEBUG   ] ThreadPoolExecutor-0_3 - HTTP/1.1 POST https://az-phx-001.cognitedata.com/api/v1/projects/bdx-dev/raw/dbs/db_databricks_everest_raw/tables/tb_MPOS/rows?ensureParent=True 200
2026-07-29 21:13:33.711 UTC [DEBUG   ] ThreadPoolExecutor-0_4 - https://az-phx-001.cognitedata.com:443 "POST /api/v1/projects/bdx-dev/raw/dbs/db_databricks_everest_raw/tables/tb_MPOS/rows?ensureParent=True HTTP/1.1" 200 6
2026-07-29 21:13:33.711 UTC [DEBUG   ] ThreadPoolExecutor-0_4 - HTTP/1.1 POST https://az-phx-001.cognitedata.com/api/v1/projects/bdx-dev/raw/dbs/db_databricks_everest_raw/tables/tb_MPOS/rows?ensureParent=True 200
2026-07-29 21:13:33.711 UTC [INFO    ] QueryExecutor_3 - Uploaded 14771 raw rows
2026-07-29 21:13:33.726 UTC [INFO    ] QueryExecutor_1 - No more rows for extract-everest-AUFK. 10 rows extracted in 2.82 seconds
2026-07-29 21:13:33.742 UTC [INFO    ] QueryExecutor_0 - No more rows for extract-everest-AFIH. 10 rows extracted in 2.83 seconds
2026-07-29 21:13:33.758 UTC [INFO    ] QueryExecutor_1 - Reporting new success run: No more rows for extract-everest-AUFK. 10 rows extracted in 2.82 seconds
2026-07-29 21:13:33.789 UTC [INFO    ] QueryExecutor_0 - Reporting new success run: No more rows for extract-everest-AFIH. 10 rows extracted in 2.83 seconds
2026-07-29 21:13:33.836 UTC [DEBUG   ] ThreadPoolExecutor-0_2 - https://az-phx-001.cognitedata.com:443 "POST /api/v1/projects/bdx-dev/extpipes/runs HTTP/1.1" 200 205
2026-07-29 21:13:33.836 UTC [DEBUG   ] ThreadPoolExecutor-0_2 - HTTP/1.1 POST https://az-phx-001.cognitedata.com/api/v1/projects/bdx-dev/extpipes/runs 200
2026-07-29 21:13:33.836 UTC [DEBUG   ] ThreadPoolExecutor-0_1 - https://az-phx-001.cognitedata.com:443 "POST /api/v1/projects/bdx-dev/extpipes/runs HTTP/1.1" 200 205
2026-07-29 21:13:33.836 UTC [DEBUG   ] ThreadPoolExecutor-0_1 - HTTP/1.1 POST https://az-phx-001.cognitedata.com/api/v1/projects/bdx-dev/extpipes/runs 200
2026-07-29 21:13:33.883 UTC [DEBUG   ] ThreadPoolExecutor-0_4 - https://az-phx-001.cognitedata.com:443 "POST /api/v1/projects/bdx-dev/raw/dbs/db_databricks_everest_raw/tables/tb_AUFK/rows?ensureParent=True HTTP/1.1" 200 6
2026-07-29 21:13:33.898 UTC [DEBUG   ] ThreadPoolExecutor-0_4 - HTTP/1.1 POST https://az-phx-001.cognitedata.com/api/v1/projects/bdx-dev/raw/dbs/db_databricks_everest_raw/tables/tb_AUFK/rows?ensureParent=True 200
2026-07-29 21:13:34.117 UTC [DEBUG   ] ThreadPoolExecutor-0_3 - https://az-phx-001.cognitedata.com:443 "POST /api/v1/projects/bdx-dev/raw/dbs/db_databricks_everest_raw/tables/tb_MPOS/rows?ensureParent=True HTTP/1.1" 200 6
2026-07-29 21:13:34.117 UTC [DEBUG   ] ThreadPoolExecutor-0_3 - HTTP/1.1 POST https://az-phx-001.cognitedata.com/api/v1/projects/bdx-dev/raw/dbs/db_databricks_everest_raw/tables/tb_MPOS/rows?ensureParent=True 200
2026-07-29 21:13:34.148 UTC [DEBUG   ] ThreadPoolExecutor-0_0 - https://az-phx-001.cognitedata.com:443 "POST /api/v1/projects/bdx-dev/raw/dbs/db_databricks_everest_raw/tables/tb_AFIH/rows?ensureParent=True HTTP/1.1" 200 6
2026-07-29 21:13:34.148 UTC [DEBUG   ] ThreadPoolExecutor-0_0 - HTTP/1.1 POST https://az-phx-001.cognitedata.com/api/v1/projects/bdx-dev/raw/dbs/db_databricks_everest_raw/tables/tb_AFIH/rows?ensureParent=True 200
2026-07-29 21:13:34.164 UTC [INFO    ] QueryExecutor_1 - Uploaded 1020 raw rows
2026-07-29 21:13:34.164 UTC [INFO    ] QueryExecutor_0 - Uploaded 0 raw rows
2026-07-29 21:13:34.461 UTC [INFO    ] QueryExecutor_2 - Current_row_count for query extract-everest-MPOS: 10000
2026-07-29 21:13:34.601 UTC [INFO    ] QueryExecutor_3 - Connected to db-databricks-raw successfully
2026-07-29 21:13:34.601 UTC [INFO    ] QueryExecutor_3 - Starting extraction of extract-everest-AFKO
2026-07-29 21:13:34.601 UTC [INFO    ] QueryExecutor_3 - Getting rows from odbc
2026-07-29 21:13:35.323 UTC [INFO    ] QueryExecutor_0 - Connected to db-databricks-raw successfully
2026-07-29 21:13:35.323 UTC [INFO    ] QueryExecutor_0 - Starting extraction of extract-everest-AFVC
2026-07-29 21:13:35.324 UTC [INFO    ] QueryExecutor_0 - Getting rows from odbc
2026-07-29 21:13:35.354 UTC [INFO    ] QueryExecutor_1 - Connected to db-databricks-raw successfully
2026-07-29 21:13:35.355 UTC [INFO    ] QueryExecutor_1 - Starting extraction of extract-everest-AFPO
2026-07-29 21:13:35.356 UTC [INFO    ] QueryExecutor_1 - Getting rows from odbc
2026-07-29 21:13:35.667 UTC [INFO    ] QueryExecutor_2 - Current_row_count for query extract-everest-MPOS: 20000
2026-07-29 21:13:36.073 UTC [INFO    ] QueryExecutor_3 - No more rows for extract-everest-AFKO. 10 rows extracted in 1.47 seconds
2026-07-29 21:13:36.073 UTC [INFO    ] QueryExecutor_3 - Reporting new success run: No more rows for extract-everest-AFKO. 10 rows extracted in 1.47 seconds
2026-07-29 21:13:36.135 UTC [DEBUG   ] ThreadPoolExecutor-0_4 - https://az-phx-001.cognitedata.com:443 "POST /api/v1/projects/bdx-dev/extpipes/runs HTTP/1.1" 200 205
2026-07-29 21:13:36.151 UTC [DEBUG   ] ThreadPoolExecutor-0_4 - HTTP/1.1 POST https://az-phx-001.cognitedata.com/api/v1/projects/bdx-dev/extpipes/runs 200
2026-07-29 21:13:37.134 UTC [DEBUG   ] ThreadPoolExecutor-0_2 - https://az-phx-001.cognitedata.com:443 "POST /api/v1/projects/bdx-dev/raw/dbs/db_databricks_everest_raw/tables/tb_MPOS/rows?ensureParent=True HTTP/1.1" 200 6
2026-07-29 21:13:37.134 UTC [DEBUG   ] ThreadPoolExecutor-0_2 - HTTP/1.1 POST https://az-phx-001.cognitedata.com/api/v1/projects/bdx-dev/raw/dbs/db_databricks_everest_raw/tables/tb_MPOS/rows?ensureParent=True 200
2026-07-29 21:13:37.228 UTC [DEBUG   ] ThreadPoolExecutor-0_3 - https://az-phx-001.cognitedata.com:443 "POST /api/v1/projects/bdx-dev/raw/dbs/db_databricks_everest_raw/tables/tb_MPOS/rows?ensureParent=True HTTP/1.1" 200 6
2026-07-29 21:13:37.228 UTC [DEBUG   ] ThreadPoolExecutor-0_3 - HTTP/1.1 POST https://az-phx-001.cognitedata.com/api/v1/projects/bdx-dev/raw/dbs/db_databricks_everest_raw/tables/tb_MPOS/rows?ensureParent=True 200
2026-07-29 21:13:37.259 UTC [DEBUG   ] ThreadPoolExecutor-0_0 - https://az-phx-001.cognitedata.com:443 "POST /api/v1/projects/bdx-dev/raw/dbs/db_databricks_everest_raw/tables/tb_MPOS/rows?ensureParent=True HTTP/1.1" 200 6
2026-07-29 21:13:37.259 UTC [DEBUG   ] ThreadPoolExecutor-0_0 - HTTP/1.1 POST https://az-phx-001.cognitedata.com/api/v1/projects/bdx-dev/raw/dbs/db_databricks_everest_raw/tables/tb_MPOS/rows?ensureParent=True 200
2026-07-29 21:13:37.259 UTC [DEBUG   ] ThreadPoolExecutor-0_1 - https://az-phx-001.cognitedata.com:443 "POST /api/v1/projects/bdx-dev/raw/dbs/db_databricks_everest_raw/tables/tb_MPOS/rows?ensureParent=True HTTP/1.1" 200 6
2026-07-29 21:13:37.259 UTC [DEBUG   ] ThreadPoolExecutor-0_1 - HTTP/1.1 POST https://az-phx-001.cognitedata.com/api/v1/projects/bdx-dev/raw/dbs/db_databricks_everest_raw/tables/tb_MPOS/rows?ensureParent=True 200
2026-07-29 21:13:37.312 UTC [DEBUG   ] ThreadPoolExecutor-0_4 - https://az-phx-001.cognitedata.com:443 "POST /api/v1/projects/bdx-dev/raw/dbs/db_databricks_everest_raw/tables/tb_AFKO/rows?ensureParent=True HTTP/1.1" 200 6
2026-07-29 21:13:37.313 UTC [DEBUG   ] ThreadPoolExecutor-0_4 - HTTP/1.1 POST https://az-phx-001.cognitedata.com/api/v1/projects/bdx-dev/raw/dbs/db_databricks_everest_raw/tables/tb_AFKO/rows?ensureParent=True 200
2026-07-29 21:13:37.315 UTC [INFO    ] QueryExecutor_3 - Uploaded 17010 raw rows
2026-07-29 21:13:37.336 UTC [INFO    ] QueryExecutor_1 - No more rows for extract-everest-AFPO. 10 rows extracted in 1.98 seconds
2026-07-29 21:13:37.367 UTC [INFO    ] QueryExecutor_1 - Reporting new success run: No more rows for extract-everest-AFPO. 10 rows extracted in 1.98 seconds
2026-07-29 21:13:37.430 UTC [DEBUG   ] ThreadPoolExecutor-0_3 - https://az-phx-001.cognitedata.com:443 "POST /api/v1/projects/bdx-dev/extpipes/runs HTTP/1.1" 200 205
2026-07-29 21:13:37.430 UTC [DEBUG   ] ThreadPoolExecutor-0_3 - HTTP/1.1 POST https://az-phx-001.cognitedata.com/api/v1/projects/bdx-dev/extpipes/runs 200
2026-07-29 21:13:37.492 UTC [DEBUG   ] ThreadPoolExecutor-0_1 - https://az-phx-001.cognitedata.com:443 "POST /api/v1/projects/bdx-dev/raw/dbs/db_databricks_everest_raw/tables/tb_AFPO/rows?ensureParent=True HTTP/1.1" 200 6
2026-07-29 21:13:37.492 UTC [DEBUG   ] ThreadPoolExecutor-0_1 - HTTP/1.1 POST https://az-phx-001.cognitedata.com/api/v1/projects/bdx-dev/raw/dbs/db_databricks_everest_raw/tables/tb_AFPO/rows?ensureParent=True 200
2026-07-29 21:13:37.664 UTC [DEBUG   ] ThreadPoolExecutor-0_4 - https://az-phx-001.cognitedata.com:443 "POST /api/v1/projects/bdx-dev/raw/dbs/db_databricks_everest_raw/tables/tb_MPOS/rows?ensureParent=True HTTP/1.1" 200 6
2026-07-29 21:13:37.664 UTC [DEBUG   ] ThreadPoolExecutor-0_4 - HTTP/1.1 POST https://az-phx-001.cognitedata.com/api/v1/projects/bdx-dev/raw/dbs/db_databricks_everest_raw/tables/tb_MPOS/rows?ensureParent=True 200
2026-07-29 21:13:37.664 UTC [INFO    ] QueryExecutor_1 - Uploaded 1010 raw rows
2026-07-29 21:13:37.867 UTC [INFO    ] QueryExecutor_0 - No more rows for extract-everest-AFVC. 10 rows extracted in 2.54 seconds
2026-07-29 21:13:37.867 UTC [INFO    ] QueryExecutor_0 - Reporting new success run: No more rows for extract-everest-AFVC. 10 rows extracted in 2.54 seconds
2026-07-29 21:13:37.898 UTC [DEBUG   ] ThreadPoolExecutor-0_3 - https://az-phx-001.cognitedata.com:443 "POST /api/v1/projects/bdx-dev/extpipes/runs HTTP/1.1" 200 205
2026-07-29 21:13:37.898 UTC [DEBUG   ] ThreadPoolExecutor-0_3 - HTTP/1.1 POST https://az-phx-001.cognitedata.com/api/v1/projects/bdx-dev/extpipes/runs 200
2026-07-29 21:13:38.117 UTC [INFO    ] QueryExecutor_3 - Connected to db-databricks-raw successfully
2026-07-29 21:13:38.117 UTC [INFO    ] QueryExecutor_3 - Starting extraction of extract-everest-AFVV
2026-07-29 21:13:38.117 UTC [INFO    ] QueryExecutor_3 - Getting rows from odbc
2026-07-29 21:13:38.226 UTC [DEBUG   ] ThreadPoolExecutor-0_1 - https://az-phx-001.cognitedata.com:443 "POST /api/v1/projects/bdx-dev/raw/dbs/db_databricks_everest_raw/tables/tb_MPOS/rows?ensureParent=True HTTP/1.1" 200 6
2026-07-29 21:13:38.226 UTC [DEBUG   ] ThreadPoolExecutor-0_1 - HTTP/1.1 POST https://az-phx-001.cognitedata.com/api/v1/projects/bdx-dev/raw/dbs/db_databricks_everest_raw/tables/tb_MPOS/rows?ensureParent=True 200
2026-07-29 21:13:38.273 UTC [DEBUG   ] ThreadPoolExecutor-0_4 - https://az-phx-001.cognitedata.com:443 "POST /api/v1/projects/bdx-dev/raw/dbs/db_databricks_everest_raw/tables/tb_AFVC/rows?ensureParent=True HTTP/1.1" 200 6
2026-07-29 21:13:38.273 UTC [DEBUG   ] ThreadPoolExecutor-0_4 - HTTP/1.1 POST https://az-phx-001.cognitedata.com/api/v1/projects/bdx-dev/raw/dbs/db_databricks_everest_raw/tables/tb_AFVC/rows?ensureParent=True 200
2026-07-29 21:13:38.273 UTC [INFO    ] QueryExecutor_0 - Uploaded 2010 raw rows
2026-07-29 21:13:38.570 UTC [INFO    ] QueryExecutor_2 - Current_row_count for query extract-everest-MPOS: 30000
2026-07-29 21:13:38.820 UTC [INFO    ] QueryExecutor_1 - Connected to db-databricks-raw successfully
2026-07-29 21:13:38.820 UTC [INFO    ] QueryExecutor_1 - Starting extraction of extract-everest-AFRU
2026-07-29 21:13:38.820 UTC [INFO    ] QueryExecutor_1 - Getting rows from odbc
2026-07-29 21:13:38.929 UTC [INFO    ] QueryExecutor_0 - Connected to db-databricks-raw successfully
2026-07-29 21:13:38.929 UTC [INFO    ] QueryExecutor_0 - Starting extraction of extract-everest-AFRC
2026-07-29 21:13:38.929 UTC [INFO    ] QueryExecutor_0 - Getting rows from odbc
2026-07-29 21:13:39.742 UTC [INFO    ] QueryExecutor_2 - Current_row_count for query extract-everest-MPOS: 40000
2026-07-29 21:13:39.758 UTC [INFO    ] QueryExecutor_0 - No more rows for extract-everest-AFRC. 10 rows extracted in 0.828 seconds
2026-07-29 21:13:39.758 UTC [INFO    ] QueryExecutor_0 - Reporting new success run: No more rows for extract-everest-AFRC. 10 rows extracted in 0.828 seconds
2026-07-29 21:13:39.758 UTC [INFO    ] QueryExecutor_3 - No more rows for extract-everest-AFVV. 10 rows extracted in 1.64 seconds
2026-07-29 21:13:39.758 UTC [INFO    ] QueryExecutor_3 - Reporting new success run: No more rows for extract-everest-AFVV. 10 rows extracted in 1.64 seconds
2026-07-29 21:13:39.789 UTC [DEBUG   ] ThreadPoolExecutor-0_3 - https://az-phx-001.cognitedata.com:443 "POST /api/v1/projects/bdx-dev/extpipes/runs HTTP/1.1" 200 206
2026-07-29 21:13:39.789 UTC [DEBUG   ] ThreadPoolExecutor-0_3 - HTTP/1.1 POST https://az-phx-001.cognitedata.com/api/v1/projects/bdx-dev/extpipes/runs 200
2026-07-29 21:13:39.867 UTC [DEBUG   ] ThreadPoolExecutor-0_1 - https://az-phx-001.cognitedata.com:443 "POST /api/v1/projects/bdx-dev/extpipes/runs HTTP/1.1" 200 205
2026-07-29 21:13:39.976 UTC [DEBUG   ] ThreadPoolExecutor-0_1 - HTTP/1.1 POST https://az-phx-001.cognitedata.com/api/v1/projects/bdx-dev/extpipes/runs 200
2026-07-29 21:13:40.492 UTC [DEBUG   ] ThreadPoolExecutor-0_2 - https://az-phx-001.cognitedata.com:443 "POST /api/v1/projects/bdx-dev/raw/dbs/db_databricks_everest_raw/tables/tb_MPOS/rows?ensureParent=True HTTP/1.1" 200 6
2026-07-29 21:13:40.492 UTC [DEBUG   ] ThreadPoolExecutor-0_2 - HTTP/1.1 POST https://az-phx-001.cognitedata.com/api/v1/projects/bdx-dev/raw/dbs/db_databricks_everest_raw/tables/tb_MPOS/rows?ensureParent=True 200
2026-07-29 21:13:40.633 UTC [DEBUG   ] ThreadPoolExecutor-0_0 - https://az-phx-001.cognitedata.com:443 "POST /api/v1/projects/bdx-dev/raw/dbs/db_databricks_everest_raw/tables/tb_MPOS/rows?ensureParent=True HTTP/1.1" 200 6
2026-07-29 21:13:40.633 UTC [DEBUG   ] ThreadPoolExecutor-0_0 - HTTP/1.1 POST https://az-phx-001.cognitedata.com/api/v1/projects/bdx-dev/raw/dbs/db_databricks_everest_raw/tables/tb_MPOS/rows?ensureParent=True 200
2026-07-29 21:13:40.664 UTC [DEBUG   ] ThreadPoolExecutor-0_4 - https://az-phx-001.cognitedata.com:443 "POST /api/v1/projects/bdx-dev/raw/dbs/db_databricks_everest_raw/tables/tb_MPOS/rows?ensureParent=True HTTP/1.1" 200 6
2026-07-29 21:13:40.664 UTC [DEBUG   ] ThreadPoolExecutor-0_4 - HTTP/1.1 POST https://az-phx-001.cognitedata.com/api/v1/projects/bdx-dev/raw/dbs/db_databricks_everest_raw/tables/tb_MPOS/rows?ensureParent=True 200
2026-07-29 21:13:40.695 UTC [DEBUG   ] ThreadPoolExecutor-0_3 - https://az-phx-001.cognitedata.com:443 "POST /api/v1/projects/bdx-dev/raw/dbs/db_databricks_everest_raw/tables/tb_AFRC/rows?ensureParent=True HTTP/1.1" 200 6
2026-07-29 21:13:40.711 UTC [DEBUG   ] ThreadPoolExecutor-0_3 - HTTP/1.1 POST https://az-phx-001.cognitedata.com/api/v1/projects/bdx-dev/raw/dbs/db_databricks_everest_raw/tables/tb_AFRC/rows?ensureParent=True 200
2026-07-29 21:13:40.742 UTC [DEBUG   ] ThreadPoolExecutor-0_2 - https://az-phx-001.cognitedata.com:443 "POST /api/v1/projects/bdx-dev/raw/dbs/db_databricks_everest_raw/tables/tb_AFVV/rows?ensureParent=True HTTP/1.1" 200 6
2026-07-29 21:13:40.742 UTC [DEBUG   ] ThreadPoolExecutor-0_2 - HTTP/1.1 POST https://az-phx-001.cognitedata.com/api/v1/projects/bdx-dev/raw/dbs/db_databricks_everest_raw/tables/tb_AFVV/rows?ensureParent=True 200
2026-07-29 21:13:40.742 UTC [INFO    ] QueryExecutor_0 - Uploaded 13020 raw rows
2026-07-29 21:13:40.758 UTC [INFO    ] QueryExecutor_3 - Uploaded 0 raw rows
2026-07-29 21:13:40.789 UTC [INFO    ] QueryExecutor_1 - No more rows for extract-everest-AFRU. 10 rows extracted in 1.97 seconds
2026-07-29 21:13:40.820 UTC [INFO    ] QueryExecutor_1 - Reporting new success run: No more rows for extract-everest-AFRU. 10 rows extracted in 1.97 seconds
2026-07-29 21:13:40.867 UTC [DEBUG   ] ThreadPoolExecutor-0_4 - https://az-phx-001.cognitedata.com:443 "POST /api/v1/projects/bdx-dev/extpipes/runs HTTP/1.1" 200 205
2026-07-29 21:13:40.867 UTC [DEBUG   ] ThreadPoolExecutor-0_4 - HTTP/1.1 POST https://az-phx-001.cognitedata.com/api/v1/projects/bdx-dev/extpipes/runs 200
2026-07-29 21:13:41.054 UTC [DEBUG   ] ThreadPoolExecutor-0_3 - https://az-phx-001.cognitedata.com:443 "POST /api/v1/projects/bdx-dev/raw/dbs/db_databricks_everest_raw/tables/tb_MPOS/rows?ensureParent=True HTTP/1.1" 200 6
2026-07-29 21:13:41.054 UTC [DEBUG   ] ThreadPoolExecutor-0_3 - HTTP/1.1 POST https://az-phx-001.cognitedata.com/api/v1/projects/bdx-dev/raw/dbs/db_databricks_everest_raw/tables/tb_MPOS/rows?ensureParent=True 200
2026-07-29 21:13:41.101 UTC [DEBUG   ] ThreadPoolExecutor-0_2 - https://az-phx-001.cognitedata.com:443 "POST /api/v1/projects/bdx-dev/raw/dbs/db_databricks_everest_raw/tables/tb_AFRU/rows?ensureParent=True HTTP/1.1" 200 6
2026-07-29 21:13:41.101 UTC [DEBUG   ] ThreadPoolExecutor-0_2 - HTTP/1.1 POST https://az-phx-001.cognitedata.com/api/v1/projects/bdx-dev/raw/dbs/db_databricks_everest_raw/tables/tb_AFRU/rows?ensureParent=True 200
2026-07-29 21:13:41.101 UTC [INFO    ] QueryExecutor_1 - Uploaded 1010 raw rows
2026-07-29 21:13:41.414 UTC [INFO    ] QueryExecutor_0 - Connected to db-databricks-raw successfully
2026-07-29 21:13:41.414 UTC [INFO    ] QueryExecutor_0 - Starting extraction of extract-everest-AFFW
2026-07-29 21:13:41.414 UTC [INFO    ] QueryExecutor_0 - Getting rows from odbc
2026-07-29 21:13:41.554 UTC [INFO    ] QueryExecutor_3 - Connected to db-databricks-raw successfully
2026-07-29 21:13:41.554 UTC [INFO    ] QueryExecutor_3 - Starting extraction of extract-everest-AFWI
2026-07-29 21:13:41.554 UTC [INFO    ] QueryExecutor_3 - Getting rows from odbc
2026-07-29 21:13:42.131 UTC [INFO    ] QueryExecutor_2 - Current_row_count for query extract-everest-MPOS: 50000
2026-07-29 21:13:42.261 UTC [INFO    ] QueryExecutor_1 - Connected to db-databricks-raw successfully
2026-07-29 21:13:42.261 UTC [INFO    ] QueryExecutor_1 - Starting extraction of extract-everest-AUFM
2026-07-29 21:13:42.262 UTC [INFO    ] QueryExecutor_1 - Getting rows from odbc
2026-07-29 21:13:42.839 UTC [INFO    ] QueryExecutor_3 - No more rows for extract-everest-AFWI. 10 rows extracted in 1.28 seconds
2026-07-29 21:13:42.839 UTC [INFO    ] QueryExecutor_3 - Reporting new success run: No more rows for extract-everest-AFWI. 10 rows extracted in 1.28 seconds
2026-07-29 21:13:42.870 UTC [DEBUG   ] ThreadPoolExecutor-0_4 - https://az-phx-001.cognitedata.com:443 "POST /api/v1/projects/bdx-dev/extpipes/runs HTTP/1.1" 200 205
2026-07-29 21:13:42.870 UTC [DEBUG   ] ThreadPoolExecutor-0_4 - HTTP/1.1 POST https://az-phx-001.cognitedata.com/api/v1/projects/bdx-dev/extpipes/runs 200
2026-07-29 21:13:43.910 UTC [DEBUG   ] ThreadPoolExecutor-0_2 - https://az-phx-001.cognitedata.com:443 "POST /api/v1/projects/bdx-dev/raw/dbs/db_databricks_everest_raw/tables/tb_MPOS/rows?ensureParent=True HTTP/1.1" 200 6
2026-07-29 21:13:43.911 UTC [DEBUG   ] ThreadPoolExecutor-0_2 - HTTP/1.1 POST https://az-phx-001.cognitedata.com/api/v1/projects/bdx-dev/raw/dbs/db_databricks_everest_raw/tables/tb_MPOS/rows?ensureParent=True 200
2026-07-29 21:13:43.927 UTC [DEBUG   ] ThreadPoolExecutor-0_1 - https://az-phx-001.cognitedata.com:443 "POST /api/v1/projects/bdx-dev/raw/dbs/db_databricks_everest_raw/tables/tb_MPOS/rows?ensureParent=True HTTP/1.1" 200 6
2026-07-29 21:13:43.928 UTC [DEBUG   ] ThreadPoolExecutor-0_1 - HTTP/1.1 POST https://az-phx-001.cognitedata.com/api/v1/projects/bdx-dev/raw/dbs/db_databricks_everest_raw/tables/tb_MPOS/rows?ensureParent=True 200
2026-07-29 21:13:43.929 UTC [DEBUG   ] ThreadPoolExecutor-0_3 - https://az-phx-001.cognitedata.com:443 "POST /api/v1/projects/bdx-dev/raw/dbs/db_databricks_everest_raw/tables/tb_MPOS/rows?ensureParent=True HTTP/1.1" 200 6
2026-07-29 21:13:43.930 UTC [DEBUG   ] ThreadPoolExecutor-0_3 - HTTP/1.1 POST https://az-phx-001.cognitedata.com/api/v1/projects/bdx-dev/raw/dbs/db_databricks_everest_raw/tables/tb_MPOS/rows?ensureParent=True 200
2026-07-29 21:13:43.990 UTC [DEBUG   ] ThreadPoolExecutor-0_4 - https://az-phx-001.cognitedata.com:443 "POST /api/v1/projects/bdx-dev/raw/dbs/db_databricks_everest_raw/tables/tb_AFWI/rows?ensureParent=True HTTP/1.1" 200 6
2026-07-29 21:13:43.990 UTC [DEBUG   ] ThreadPoolExecutor-0_4 - HTTP/1.1 POST https://az-phx-001.cognitedata.com/api/v1/projects/bdx-dev/raw/dbs/db_databricks_everest_raw/tables/tb_AFWI/rows?ensureParent=True 200
2026-07-29 21:13:43.991 UTC [INFO    ] QueryExecutor_3 - Uploaded 15010 raw rows
2026-07-29 21:13:44.022 UTC [INFO    ] QueryExecutor_0 - No more rows for extract-everest-AFFW. 10 rows extracted in 2.61 seconds
2026-07-29 21:13:44.022 UTC [INFO    ] QueryExecutor_1 - No more rows for extract-everest-AUFM. 10 rows extracted in 1.76 seconds
2026-07-29 21:13:44.033 UTC [INFO    ] QueryExecutor_0 - Reporting new success run: No more rows for extract-everest-AFFW. 10 rows extracted in 2.61 seconds
2026-07-29 21:13:44.044 UTC [INFO    ] QueryExecutor_1 - Reporting new success run: No more rows for extract-everest-AUFM. 10 rows extracted in 1.76 seconds
2026-07-29 21:13:44.160 UTC [DEBUG   ] ThreadPoolExecutor-0_2 - https://az-phx-001.cognitedata.com:443 "POST /api/v1/projects/bdx-dev/extpipes/runs HTTP/1.1" 200 205
2026-07-29 21:13:44.160 UTC [DEBUG   ] ThreadPoolExecutor-0_3 - https://az-phx-001.cognitedata.com:443 "POST /api/v1/projects/bdx-dev/extpipes/runs HTTP/1.1" 200 205
2026-07-29 21:13:44.160 UTC [DEBUG   ] ThreadPoolExecutor-0_2 - HTTP/1.1 POST https://az-phx-001.cognitedata.com/api/v1/projects/bdx-dev/extpipes/runs 200
2026-07-29 21:13:44.160 UTC [DEBUG   ] ThreadPoolExecutor-0_3 - HTTP/1.1 POST https://az-phx-001.cognitedata.com/api/v1/projects/bdx-dev/extpipes/runs 200
2026-07-29 21:13:44.394 UTC [DEBUG   ] ThreadPoolExecutor-0_4 - https://az-phx-001.cognitedata.com:443 "POST /api/v1/projects/bdx-dev/raw/dbs/db_databricks_everest_raw/tables/tb_MPOS/rows?ensureParent=True HTTP/1.1" 200 6
2026-07-29 21:13:44.394 UTC [DEBUG   ] ThreadPoolExecutor-0_4 - HTTP/1.1 POST https://az-phx-001.cognitedata.com/api/v1/projects/bdx-dev/raw/dbs/db_databricks_everest_raw/tables/tb_MPOS/rows?ensureParent=True 200
2026-07-29 21:13:44.441 UTC [DEBUG   ] ThreadPoolExecutor-0_0 - https://az-phx-001.cognitedata.com:443 "POST /api/v1/projects/bdx-dev/raw/dbs/db_databricks_everest_raw/tables/tb_AFFW/rows?ensureParent=True HTTP/1.1" 200 6
2026-07-29 21:13:44.441 UTC [DEBUG   ] ThreadPoolExecutor-0_0 - HTTP/1.1 POST https://az-phx-001.cognitedata.com/api/v1/projects/bdx-dev/raw/dbs/db_databricks_everest_raw/tables/tb_AFFW/rows?ensureParent=True 200
2026-07-29 21:13:44.473 UTC [DEBUG   ] ThreadPoolExecutor-0_3 - https://az-phx-001.cognitedata.com:443 "POST /api/v1/projects/bdx-dev/raw/dbs/db_databricks_everest_raw/tables/tb_AUFM/rows?ensureParent=True HTTP/1.1" 200 6
2026-07-29 21:13:44.473 UTC [DEBUG   ] ThreadPoolExecutor-0_3 - HTTP/1.1 POST https://az-phx-001.cognitedata.com/api/v1/projects/bdx-dev/raw/dbs/db_databricks_everest_raw/tables/tb_AUFM/rows?ensureParent=True 200
2026-07-29 21:13:44.473 UTC [INFO    ] QueryExecutor_0 - Uploaded 1020 raw rows
2026-07-29 21:13:44.473 UTC [INFO    ] QueryExecutor_1 - Uploaded 0 raw rows
2026-07-29 21:13:44.785 UTC [INFO    ] QueryExecutor_2 - Current_row_count for query extract-everest-MPOS: 60000
2026-07-29 21:13:44.941 UTC [INFO    ] QueryExecutor_3 - Connected to db-databricks-raw successfully
2026-07-29 21:13:44.941 UTC [INFO    ] QueryExecutor_3 - Starting extraction of extract-everest-AUSP
2026-07-29 21:13:44.941 UTC [INFO    ] QueryExecutor_3 - Getting rows from odbc
2026-07-29 21:13:45.863 UTC [INFO    ] QueryExecutor_0 - Connected to db-databricks-raw successfully
2026-07-29 21:13:45.863 UTC [INFO    ] QueryExecutor_0 - Starting extraction of extract-everest-JEST
2026-07-29 21:13:45.863 UTC [INFO    ] QueryExecutor_0 - Getting rows from odbc
2026-07-29 21:13:45.863 UTC [INFO    ] QueryExecutor_1 - Connected to db-databricks-raw successfully
2026-07-29 21:13:45.863 UTC [INFO    ] QueryExecutor_1 - Starting extraction of extract-everest-KSSK
2026-07-29 21:13:45.879 UTC [INFO    ] QueryExecutor_1 - Getting rows from odbc
2026-07-29 21:13:45.957 UTC [INFO    ] QueryExecutor_2 - Current_row_count for query extract-everest-MPOS: 70000
2026-07-29 21:13:46.191 UTC [INFO    ] QueryExecutor_3 - No more rows for extract-everest-AUSP. 10 rows extracted in 1.25 seconds
2026-07-29 21:13:46.191 UTC [INFO    ] QueryExecutor_3 - Reporting new success run: No more rows for extract-everest-AUSP. 10 rows extracted in 1.25 seconds
2026-07-29 21:13:46.222 UTC [DEBUG   ] ThreadPoolExecutor-0_4 - https://az-phx-001.cognitedata.com:443 "POST /api/v1/projects/bdx-dev/extpipes/runs HTTP/1.1" 200 205
2026-07-29 21:13:46.238 UTC [DEBUG   ] ThreadPoolExecutor-0_4 - HTTP/1.1 POST https://az-phx-001.cognitedata.com/api/v1/projects/bdx-dev/extpipes/runs 200
2026-07-29 21:13:47.222 UTC [DEBUG   ] ThreadPoolExecutor-0_0 - https://az-phx-001.cognitedata.com:443 "POST /api/v1/projects/bdx-dev/raw/dbs/db_databricks_everest_raw/tables/tb_MPOS/rows?ensureParent=True HTTP/1.1" 200 6
2026-07-29 21:13:47.222 UTC [DEBUG   ] ThreadPoolExecutor-0_3 - https://az-phx-001.cognitedata.com:443 "POST /api/v1/projects/bdx-dev/raw/dbs/db_databricks_everest_raw/tables/tb_MPOS/rows?ensureParent=True HTTP/1.1" 200 6
2026-07-29 21:13:47.222 UTC [DEBUG   ] ThreadPoolExecutor-0_0 - HTTP/1.1 POST https://az-phx-001.cognitedata.com/api/v1/projects/bdx-dev/raw/dbs/db_databricks_everest_raw/tables/tb_MPOS/rows?ensureParent=True 200
2026-07-29 21:13:47.222 UTC [DEBUG   ] ThreadPoolExecutor-0_1 - https://az-phx-001.cognitedata.com:443 "POST /api/v1/projects/bdx-dev/raw/dbs/db_databricks_everest_raw/tables/tb_MPOS/rows?ensureParent=True HTTP/1.1" 200 6
2026-07-29 21:13:47.238 UTC [DEBUG   ] ThreadPoolExecutor-0_3 - HTTP/1.1 POST https://az-phx-001.cognitedata.com/api/v1/projects/bdx-dev/raw/dbs/db_databricks_everest_raw/tables/tb_MPOS/rows?ensureParent=True 200
2026-07-29 21:13:47.238 UTC [DEBUG   ] ThreadPoolExecutor-0_1 - HTTP/1.1 POST https://az-phx-001.cognitedata.com/api/v1/projects/bdx-dev/raw/dbs/db_databricks_everest_raw/tables/tb_MPOS/rows?ensureParent=True 200
2026-07-29 21:13:47.347 UTC [DEBUG   ] ThreadPoolExecutor-0_4 - https://az-phx-001.cognitedata.com:443 "POST /api/v1/projects/bdx-dev/raw/dbs/db_databricks_everest_raw/tables/tb_AUSP/rows?ensureParent=True HTTP/1.1" 200 6
2026-07-29 21:13:47.347 UTC [DEBUG   ] ThreadPoolExecutor-0_4 - HTTP/1.1 POST https://az-phx-001.cognitedata.com/api/v1/projects/bdx-dev/raw/dbs/db_databricks_everest_raw/tables/tb_AUSP/rows?ensureParent=True 200
2026-07-29 21:13:47.347 UTC [INFO    ] QueryExecutor_3 - Uploaded 15010 raw rows
2026-07-29 21:13:47.379 UTC [INFO    ] QueryExecutor_1 - No more rows for extract-everest-KSSK. 10 rows extracted in 1.5 seconds
2026-07-29 21:13:47.410 UTC [INFO    ] QueryExecutor_1 - Reporting new success run: No more rows for extract-everest-KSSK. 10 rows extracted in 1.5 seconds
2026-07-29 21:13:47.441 UTC [INFO    ] QueryExecutor_0 - No more rows for extract-everest-JEST. 10 rows extracted in 1.58 seconds
2026-07-29 21:13:47.441 UTC [INFO    ] QueryExecutor_0 - Reporting new success run: No more rows for extract-everest-JEST. 10 rows extracted in 1.58 seconds
2026-07-29 21:13:47.472 UTC [DEBUG   ] ThreadPoolExecutor-0_0 - https://az-phx-001.cognitedata.com:443 "POST /api/v1/projects/bdx-dev/extpipes/runs HTTP/1.1" 200 204
2026-07-29 21:13:47.472 UTC [DEBUG   ] ThreadPoolExecutor-0_0 - HTTP/1.1 POST https://az-phx-001.cognitedata.com/api/v1/projects/bdx-dev/extpipes/runs 200
2026-07-29 21:13:47.488 UTC [DEBUG   ] ThreadPoolExecutor-0_1 - https://az-phx-001.cognitedata.com:443 "POST /api/v1/projects/bdx-dev/extpipes/runs HTTP/1.1" 200 205
2026-07-29 21:13:47.488 UTC [DEBUG   ] ThreadPoolExecutor-0_1 - HTTP/1.1 POST https://az-phx-001.cognitedata.com/api/v1/projects/bdx-dev/extpipes/runs 200
2026-07-29 21:13:47.691 UTC [DEBUG   ] ThreadPoolExecutor-0_4 - https://az-phx-001.cognitedata.com:443 "POST /api/v1/projects/bdx-dev/raw/dbs/db_databricks_everest_raw/tables/tb_MPOS/rows?ensureParent=True HTTP/1.1" 200 6
2026-07-29 21:13:47.691 UTC [DEBUG   ] ThreadPoolExecutor-0_4 - HTTP/1.1 POST https://az-phx-001.cognitedata.com/api/v1/projects/bdx-dev/raw/dbs/db_databricks_everest_raw/tables/tb_MPOS/rows?ensureParent=True 200
2026-07-29 21:13:47.738 UTC [DEBUG   ] ThreadPoolExecutor-0_2 - https://az-phx-001.cognitedata.com:443 "POST /api/v1/projects/bdx-dev/raw/dbs/db_databricks_everest_raw/tables/tb_KSSK/rows?ensureParent=True HTTP/1.1" 200 6
2026-07-29 21:13:47.738 UTC [DEBUG   ] ThreadPoolExecutor-0_2 - HTTP/1.1 POST https://az-phx-001.cognitedata.com/api/v1/projects/bdx-dev/raw/dbs/db_databricks_everest_raw/tables/tb_KSSK/rows?ensureParent=True 200
2026-07-29 21:13:47.785 UTC [DEBUG   ] ThreadPoolExecutor-0_3 - https://az-phx-001.cognitedata.com:443 "POST /api/v1/projects/bdx-dev/raw/dbs/db_databricks_everest_raw/tables/tb_JEST/rows?ensureParent=True HTTP/1.1" 200 6
2026-07-29 21:13:47.801 UTC [DEBUG   ] ThreadPoolExecutor-0_3 - HTTP/1.1 POST https://az-phx-001.cognitedata.com/api/v1/projects/bdx-dev/raw/dbs/db_databricks_everest_raw/tables/tb_JEST/rows?ensureParent=True 200
2026-07-29 21:13:47.801 UTC [INFO    ] QueryExecutor_1 - Uploaded 1020 raw rows
2026-07-29 21:13:47.801 UTC [INFO    ] QueryExecutor_0 - Uploaded 0 raw rows
2026-07-29 21:13:48.200 UTC [INFO    ] QueryExecutor_2 - No more rows for extract-everest-MPOS. 76527 rows extracted in 19.8 seconds
2026-07-29 21:13:48.200 UTC [INFO    ] QueryExecutor_2 - Reporting new success run: No more rows for extract-everest-MPOS. 76527 rows extracted in 19.8 seconds
2026-07-29 21:13:48.231 UTC [DEBUG   ] ThreadPoolExecutor-0_4 - https://az-phx-001.cognitedata.com:443 "POST /api/v1/projects/bdx-dev/extpipes/runs HTTP/1.1" 200 208
2026-07-29 21:13:48.231 UTC [DEBUG   ] ThreadPoolExecutor-0_4 - HTTP/1.1 POST https://az-phx-001.cognitedata.com/api/v1/projects/bdx-dev/extpipes/runs 200
2026-07-29 21:13:48.372 UTC [INFO    ] QueryExecutor_3 - Connected to db-databricks-raw successfully
2026-07-29 21:13:48.372 UTC [INFO    ] QueryExecutor_3 - Starting extraction of extract-everest-TJ30T
2026-07-29 21:13:48.372 UTC [INFO    ] QueryExecutor_3 - Getting rows from odbc
2026-07-29 21:13:48.450 UTC [INFO    ] QueryExecutor_1 - Connected to db-databricks-raw successfully
2026-07-29 21:13:48.450 UTC [INFO    ] QueryExecutor_1 - Starting extraction of extract-everest-COEP
2026-07-29 21:13:48.450 UTC [INFO    ] QueryExecutor_1 - Getting rows from odbc
2026-07-29 21:13:48.465 UTC [INFO    ] QueryExecutor_0 - Connected to db-databricks-raw successfully
2026-07-29 21:13:48.465 UTC [INFO    ] QueryExecutor_0 - Starting extraction of extract-everest-CKIS
2026-07-29 21:13:48.465 UTC [INFO    ] QueryExecutor_0 - Getting rows from odbc
2026-07-29 21:13:48.778 UTC [DEBUG   ] ThreadPoolExecutor-0_2 - https://az-phx-001.cognitedata.com:443 "POST /api/v1/projects/bdx-dev/raw/dbs/db_databricks_everest_raw/tables/tb_MPOS/rows?ensureParent=True HTTP/1.1" 200 6
2026-07-29 21:13:48.778 UTC [DEBUG   ] ThreadPoolExecutor-0_2 - HTTP/1.1 POST https://az-phx-001.cognitedata.com/api/v1/projects/bdx-dev/raw/dbs/db_databricks_everest_raw/tables/tb_MPOS/rows?ensureParent=True 200
2026-07-29 21:13:48.778 UTC [INFO    ] QueryExecutor_2 - Uploaded 3527 raw rows
2026-07-29 21:13:49.559 UTC [INFO    ] QueryExecutor_3 - No more rows for extract-everest-TJ30T. 7212 rows extracted in 1.19 seconds
2026-07-29 21:13:49.559 UTC [INFO    ] QueryExecutor_3 - Reporting new success run: No more rows for extract-everest-TJ30T. 7212 rows extracted in 1.19 seconds
2026-07-29 21:13:49.590 UTC [DEBUG   ] ThreadPoolExecutor-0_3 - https://az-phx-001.cognitedata.com:443 "POST /api/v1/projects/bdx-dev/extpipes/runs HTTP/1.1" 200 208
2026-07-29 21:13:49.590 UTC [DEBUG   ] ThreadPoolExecutor-0_3 - HTTP/1.1 POST https://az-phx-001.cognitedata.com/api/v1/projects/bdx-dev/extpipes/runs 200
2026-07-29 21:13:49.762 UTC [DEBUG   ] ThreadPoolExecutor-0_1 - https://az-phx-001.cognitedata.com:443 "POST /api/v1/projects/bdx-dev/raw/dbs/db_databricks_everest_raw/tables/tb_TJ30T/rows?ensureParent=True HTTP/1.1" 200 6
2026-07-29 21:13:49.762 UTC [DEBUG   ] ThreadPoolExecutor-0_1 - HTTP/1.1 POST https://az-phx-001.cognitedata.com/api/v1/projects/bdx-dev/raw/dbs/db_databricks_everest_raw/tables/tb_TJ30T/rows?ensureParent=True 200
2026-07-29 21:13:49.872 UTC [DEBUG   ] ThreadPoolExecutor-0_4 - https://az-phx-001.cognitedata.com:443 "POST /api/v1/projects/bdx-dev/raw/dbs/db_databricks_everest_raw/tables/tb_TJ30T/rows?ensureParent=True HTTP/1.1" 200 6
2026-07-29 21:13:49.872 UTC [DEBUG   ] ThreadPoolExecutor-0_4 - HTTP/1.1 POST https://az-phx-001.cognitedata.com/api/v1/projects/bdx-dev/raw/dbs/db_databricks_everest_raw/tables/tb_TJ30T/rows?ensureParent=True 200
2026-07-29 21:13:49.872 UTC [INFO    ] QueryExecutor_3 - Uploaded 7212 raw rows
2026-07-29 21:13:49.887 UTC [INFO    ] QueryExecutor_1 - No more rows for extract-everest-COEP. 10 rows extracted in 1.44 seconds
2026-07-29 21:13:49.887 UTC [INFO    ] QueryExecutor_1 - Reporting new success run: No more rows for extract-everest-COEP. 10 rows extracted in 1.44 seconds
2026-07-29 21:13:49.903 UTC [DEBUG   ] ThreadPoolExecutor-0_0 - https://az-phx-001.cognitedata.com:443 "POST /api/v1/projects/bdx-dev/extpipes/runs HTTP/1.1" 200 205
2026-07-29 21:13:49.919 UTC [DEBUG   ] ThreadPoolExecutor-0_0 - HTTP/1.1 POST https://az-phx-001.cognitedata.com/api/v1/projects/bdx-dev/extpipes/runs 200
2026-07-29 21:13:49.997 UTC [INFO    ] QueryExecutor_2 - Connected to db-databricks-raw successfully
2026-07-29 21:13:50.012 UTC [INFO    ] QueryExecutor_2 - Starting extraction of extract-everest-COSP
2026-07-29 21:13:50.012 UTC [INFO    ] QueryExecutor_2 - Getting rows from odbc
2026-07-29 21:13:50.012 UTC [DEBUG   ] ThreadPoolExecutor-0_2 - https://az-phx-001.cognitedata.com:443 "POST /api/v1/projects/bdx-dev/raw/dbs/db_databricks_everest_raw/tables/tb_COEP/rows?ensureParent=True HTTP/1.1" 200 6
2026-07-29 21:13:50.012 UTC [DEBUG   ] ThreadPoolExecutor-0_2 - HTTP/1.1 POST https://az-phx-001.cognitedata.com/api/v1/projects/bdx-dev/raw/dbs/db_databricks_everest_raw/tables/tb_COEP/rows?ensureParent=True 200
2026-07-29 21:13:50.012 UTC [INFO    ] QueryExecutor_1 - Uploaded 10 raw rows
2026-07-29 21:13:50.419 UTC [INFO    ] QueryExecutor_0 - No more rows for extract-everest-CKIS. 10 rows extracted in 1.95 seconds
2026-07-29 21:13:50.419 UTC [INFO    ] QueryExecutor_0 - Reporting new success run: No more rows for extract-everest-CKIS. 10 rows extracted in 1.95 seconds
2026-07-29 21:13:50.465 UTC [DEBUG   ] ThreadPoolExecutor-0_4 - https://az-phx-001.cognitedata.com:443 "POST /api/v1/projects/bdx-dev/extpipes/runs HTTP/1.1" 200 205
2026-07-29 21:13:50.465 UTC [DEBUG   ] ThreadPoolExecutor-0_4 - HTTP/1.1 POST https://az-phx-001.cognitedata.com/api/v1/projects/bdx-dev/extpipes/runs 200
2026-07-29 21:13:50.528 UTC [DEBUG   ] ThreadPoolExecutor-0_0 - https://az-phx-001.cognitedata.com:443 "POST /api/v1/projects/bdx-dev/raw/dbs/db_databricks_everest_raw/tables/tb_CKIS/rows?ensureParent=True HTTP/1.1" 200 6
2026-07-29 21:13:50.528 UTC [DEBUG   ] ThreadPoolExecutor-0_0 - HTTP/1.1 POST https://az-phx-001.cognitedata.com/api/v1/projects/bdx-dev/raw/dbs/db_databricks_everest_raw/tables/tb_CKIS/rows?ensureParent=True 200
2026-07-29 21:13:50.544 UTC [INFO    ] QueryExecutor_0 - Uploaded 10 raw rows
2026-07-29 21:13:50.840 UTC [INFO    ] QueryExecutor_1 - Connected to db-databricks-raw successfully
2026-07-29 21:13:50.840 UTC [INFO    ] QueryExecutor_1 - Starting extraction of extract-everest-PMCO
2026-07-29 21:13:50.840 UTC [INFO    ] QueryExecutor_1 - Getting rows from odbc
2026-07-29 21:13:51.106 UTC [INFO    ] QueryExecutor_3 - Connected to db-databricks-raw successfully
2026-07-29 21:13:51.106 UTC [INFO    ] QueryExecutor_3 - Starting extraction of extract-everest-KEKO
2026-07-29 21:13:51.106 UTC [INFO    ] QueryExecutor_3 - Getting rows from odbc
2026-07-29 21:13:51.465 UTC [ERROR   ] QueryExecutor_1 - DB error in extract-everest-PMCO: ('42703', '[42703] [Databricks][Hardy] (80) Syntax or semantic analysis error thrown in server while executing query. Error message from server: org.apache.hive.service.cli.HiveSQLException: Error running query: [UNRESOLVED_COLUMN.WITH_SUGGESTION] org.apache.spark.sql.catalyst.ExtendedAnalysisException: [UNRESOLVED_COLUMN.WITH_SUGGESTION] A column, variable, or function parameter with name `F_OBJNR` cannot be resolved. Did you mean one of the following? [`OBJNR`, `COCUR`, `VERSN`, `VORGA`, `ABKAT`]. SQLSTATE: 42703; line 1 pos 86\n\tat org.apache.spark.sql.hive.thriftserver.HiveThriftServerErrors$.runningQueryError(HiveThriftServerErrors.scala:58)\n\tat org.apache.spark.sql.hive.thriftserver.SparkExecuteStatementOperation.$anonfun$execute$1(SparkExecuteStatementOperation.scala:1205)\n\tat scala.runtime.java8.JFunction0$mcV$sp.apply(JFunction0$mcV$sp.scala:18)\n\tat com.databricks.unity.UCSEphemeralState$Handle.runWith(UCSEphemeralState.scala:51)\n\tat com.databricks.unity.HandleImpl.runWith(UCSHandle.scala:128)\n\tat org.apache.spark.sql.hive.thriftserver.SparkExecuteStatementOperation.org$apache$spark$sql$hive$thriftserver$SparkExecuteStatementOperation$$execute(SparkExecuteStatementOperation.scala:898)\n\tat org.apache.spark.sql.hive.thriftserver.SparkExecuteStatementOperation$$anon$2$$anon$3.$anonfun$run$6(SparkExecuteStatementOperation.scala:647)\n\tat scala.runtime.java8.JFunction0$mcV$sp.apply(JFunction0$mcV$sp.scala:18)\n\tat org.apache.spark.sql.execution.SQLExecution$.withRootExecution(SQLExecution.scala:1498)\n\tat org.apache.spark.sql.hive.thriftserver.SparkExecuteStatementOperation$$anon$2$$anon$3.$anonfun$run$3(SparkExecuteStatementOperation.scala:647)\n\tat scala.runtime.java8.JFunction0$mcV$sp.apply(JFunction0$mcV$sp.scala:18)\n\tat com.databricks.util.TracingSpanUtils$.withTracing(TracingSpanUtils.scala:251)\n\tat com.databricks.spark.util.DatabricksTracingHelper.withSpan(DatabricksSparkTracingHelper.scala:154)\n\tat com.databricks.spark.util.DBRTracing$.withSpan(DBRTracing.scala:87)\n\tat org.apache.spark.sql.hive.thriftserver.ThriftLocalProperties.$anonfun$withLocalProperties$18(ThriftLocalProperties.scala:366)\n\tat com.databricks.logging.AttributionContextTracing.$anonfun$withAttributionContext$1(AttributionContextTracing.scala:146)\n\tat com.databricks.logging.AttributionContext$.$anonfun$withValue$1(AttributionContext.scala:349)\n\tat scala.util.DynamicVariable.withValue(DynamicVariable.scala:59)\n\tat com.databricks.logging.AttributionContext$.withValue(AttributionContext.scala:345)\n\tat com.databricks.logging.AttributionContextTracing.withAttributionContext(AttributionContextTracing.scala:144)\n\tat com.databricks.logging.AttributionContextTracing.withAttributionContext$(AttributionContextTracing.scala:141)\n\tat com.databricks.spark.util.PublicDBLogging.withAttributionContext(DatabricksSparkUsageLogger.scala:29)\n\tat com.databricks.logging.AttributionContextTracing.withAttributionTags(AttributionContextTracing.scala:201)\n\tat com.databricks.logging.AttributionContextTracing.withAttributionTags$(AttributionContextTracing.scala:182)\n\tat com.databricks.spark.util.PublicDBLogging.withAttributionTags(DatabricksSparkUsageLogger.scala:29)\n\tat com.databricks.spark.util.PublicDBLogging.withAttributionTags0(DatabricksSparkUsageLogger.scala:108)\n\tat com.databricks.spark.util.DatabricksSparkUsageLogger.withAttributionTags(DatabricksSparkUsageLogger.scala:215)\n\tat com.databricks.spark.util.UsageLogging.$anonfun$withAttributionTags$1(UsageLogger.scala:668)\n\tat com.databricks.spark.util.UsageLogging$.withAttributionTags(UsageLogger.scala:780)\n\tat com.databricks.spark.util.UsageLogging$.withAttributionTags(UsageLogger.scala:789)\n\tat com.databricks.spark.util.UsageLogging.withAttributionTags(UsageLogger.scala:668)\n\tat com.databricks.spark.util.UsageLogging.withAttributionTags$(UsageLogger.scala:666)\n\tat org.apache.spark.sql.hive.thriftserver.SparkExecuteStatementOperation.withAttributionTags(SparkExecuteStatementOperation.scala:79)\n\tat org.apache.spark.sql.hive.thriftserver.ThriftLocalProperties.$anonfun$withLocalProperties$15(ThriftLocalProperties.scala:365)\n\tat com.databricks.spark.util.IdentityClaim$.withClaim(IdentityClaim.scala:48)\n\tat org.apache.spark.sql.hive.thriftserver.ThriftLocalProperties.withLocalProperties(ThriftLocalProperties.scala:360)\n\tat org.apache.spark.sql.hive.thriftserver.ThriftLocalProperties.withLocalProperties$(ThriftLocalProperties.scala:180)\n\tat org.apache.spark.sql.hive.thriftserver.SparkExecuteStatementOperation.withLocalProperties(SparkExecuteStatementOperation.scala:79)\n\tat org.apache.spark.sql.hive.thriftserver.SparkExecuteStatementOperation$$anon$2$$anon$3.$anonfun$run$2(SparkExecuteStatementOperation.scala:623)\n\tat scala.runtime.java8.JFunction0$mcV$sp.apply(JFunction0$mcV$sp.scala:18)\n\tat com.databricks.spark.util.DBRTracing$.withSpanFromParent(DBRTracing.scala:70)\n\tat org.apache.spark.sql.hive.thriftserver.SparkExecuteStatementOperation$$anon$2$$anon$3.run(SparkExecuteStatementOperation.scala:623)\n\tat org.apache.spark.sql.hive.thriftserver.SparkExecuteStatementOperation$$anon$2$$anon$3.run(SparkExecuteStatementOperation.scala:596)\n\tat java.base/java.security.AccessController.doPrivileged(AccessController.java:712)\n\tat java.base/javax.security.auth.Subject.doAs(Subject.java:439)\n\tat org.apache.hadoop.security.UserGroupInformation.doAs(UserGroupInformation.java:1953)\n\tat org.apache.spark.sql.hive.thriftserver.SparkExecuteStatementOperation$$anon$2.run(SparkExecuteStatementOperation.scala:661)\n\tat java.base/java.util.concurrent.Executors$RunnableAdapter.call(Executors.java:539)\n\tat java.base/java.util.concurrent.FutureTask.run(FutureTask.java:264)\n\tat java.base/java.util.concurrent.ThreadPoolExecutor.runWorker(ThreadPoolExecutor.java:1136)\n\tat java.base/java.util.concurrent.ThreadPoolExecutor$Worker.run(ThreadPoolExecutor.java:635)\n\tat java.base/java.lang.Thread.run(Thread.java:840)\nCaused by: org.apache.spark.sql.catalyst.ExtendedAnalysisException: [UNRESOLVED_COLUMN.WITH_SUGGESTION] A column, variable, or function parameter with name `F_OBJNR` cannot be resolved. Did you mean one of the following? [`OBJNR`, `COCUR`, `VERSN`, `VORGA`, `ABKAT`]. SQLSTATE: 42703; line 1 pos 86\n\tat org.apache.spark.sql.catalyst.ExtendedAnalysisException.copyPlan(ExtendedAnalysisException.scala:97)\n\tat org.apache.spark.sql.hive.thriftserver.SparkExecuteStatementOperation.$anonfun$execute$1(SparkExecuteStatementOperation.scala:1158)\n\t... 50 more\n (80) (SQLExecDirectW)')
2026-07-29 21:13:51.512 UTC [INFO    ] QueryExecutor_2 - No more rows for extract-everest-COSP. 10 rows extracted in 1.5 seconds
2026-07-29 21:13:51.512 UTC [INFO    ] QueryExecutor_2 - Reporting new success run: No more rows for extract-everest-COSP. 10 rows extracted in 1.5 seconds
2026-07-29 21:13:51.543 UTC [DEBUG   ] ThreadPoolExecutor-0_2 - https://az-phx-001.cognitedata.com:443 "POST /api/v1/projects/bdx-dev/extpipes/runs HTTP/1.1" 200 204
2026-07-29 21:13:51.543 UTC [DEBUG   ] ThreadPoolExecutor-0_2 - HTTP/1.1 POST https://az-phx-001.cognitedata.com/api/v1/projects/bdx-dev/extpipes/runs 200
2026-07-29 21:13:51.668 UTC [DEBUG   ] ThreadPoolExecutor-0_4 - https://az-phx-001.cognitedata.com:443 "POST /api/v1/projects/bdx-dev/raw/dbs/db_databricks_everest_raw/tables/tb_COSP/rows?ensureParent=True HTTP/1.1" 200 6
2026-07-29 21:13:51.668 UTC [DEBUG   ] ThreadPoolExecutor-0_4 - HTTP/1.1 POST https://az-phx-001.cognitedata.com/api/v1/projects/bdx-dev/raw/dbs/db_databricks_everest_raw/tables/tb_COSP/rows?ensureParent=True 200
2026-07-29 21:13:51.684 UTC [INFO    ] QueryExecutor_2 - Uploaded 10 raw rows
2026-07-29 21:13:51.856 UTC [ERROR   ] QueryExecutor_1 - Error in extraction of extract-everest-PMCO: 
2026-07-29 21:13:51.856 UTC [INFO    ] QueryExecutor_1 - Reporting new failure run: Error in extraction of extract-everest-PMCO: 
2026-07-29 21:13:51.903 UTC [INFO    ] QueryExecutor_0 - Connected to db-databricks-raw successfully
2026-07-29 21:13:51.903 UTC [INFO    ] QueryExecutor_0 - Starting extraction of extract-everest-PLKO
2026-07-29 21:13:51.903 UTC [DEBUG   ] ThreadPoolExecutor-0_0 - https://az-phx-001.cognitedata.com:443 "POST /api/v1/projects/bdx-dev/extpipes/runs HTTP/1.1" 200 177
2026-07-29 21:13:51.903 UTC [INFO    ] QueryExecutor_0 - Getting rows from odbc
2026-07-29 21:13:51.903 UTC [DEBUG   ] ThreadPoolExecutor-0_0 - HTTP/1.1 POST https://az-phx-001.cognitedata.com/api/v1/projects/bdx-dev/extpipes/runs 200
2026-07-29 21:13:52.278 UTC [INFO    ] QueryExecutor_1 - Connected to db-databricks-raw successfully
2026-07-29 21:13:52.293 UTC [INFO    ] QueryExecutor_1 - Starting extraction of extract-everest-PLAS
2026-07-29 21:13:52.293 UTC [INFO    ] QueryExecutor_1 - Getting rows from odbc
2026-07-29 21:13:52.325 UTC [INFO    ] QueryExecutor_3 - No more rows for extract-everest-KEKO. 10 rows extracted in 1.22 seconds
2026-07-29 21:13:52.325 UTC [INFO    ] QueryExecutor_3 - Reporting new success run: No more rows for extract-everest-KEKO. 10 rows extracted in 1.22 seconds
2026-07-29 21:13:52.387 UTC [INFO    ] QueryExecutor_2 - Connected to db-databricks-raw successfully
2026-07-29 21:13:52.387 UTC [INFO    ] QueryExecutor_2 - Starting extraction of extract-everest-PLPO
2026-07-29 21:13:52.403 UTC [INFO    ] QueryExecutor_2 - Getting rows from odbc
2026-07-29 21:13:52.403 UTC [DEBUG   ] ThreadPoolExecutor-0_2 - https://az-phx-001.cognitedata.com:443 "POST /api/v1/projects/bdx-dev/extpipes/runs HTTP/1.1" 200 205
2026-07-29 21:13:52.403 UTC [DEBUG   ] ThreadPoolExecutor-0_2 - HTTP/1.1 POST https://az-phx-001.cognitedata.com/api/v1/projects/bdx-dev/extpipes/runs 200
2026-07-29 21:13:52.465 UTC [DEBUG   ] ThreadPoolExecutor-0_4 - https://az-phx-001.cognitedata.com:443 "POST /api/v1/projects/bdx-dev/raw/dbs/db_databricks_everest_raw/tables/tb_KEKO/rows?ensureParent=True HTTP/1.1" 200 6
2026-07-29 21:13:52.465 UTC [DEBUG   ] ThreadPoolExecutor-0_4 - HTTP/1.1 POST https://az-phx-001.cognitedata.com/api/v1/projects/bdx-dev/raw/dbs/db_databricks_everest_raw/tables/tb_KEKO/rows?ensureParent=True 200
2026-07-29 21:13:52.465 UTC [INFO    ] QueryExecutor_3 - Uploaded 10 raw rows
2026-07-29 21:13:53.090 UTC [INFO    ] QueryExecutor_1 - No more rows for extract-everest-PLAS. 10 rows extracted in 0.797 seconds
2026-07-29 21:13:53.090 UTC [INFO    ] QueryExecutor_1 - Reporting new success run: No more rows for extract-everest-PLAS. 10 rows extracted in 0.797 seconds
2026-07-29 21:13:53.137 UTC [DEBUG   ] ThreadPoolExecutor-0_0 - https://az-phx-001.cognitedata.com:443 "POST /api/v1/projects/bdx-dev/extpipes/runs HTTP/1.1" 200 206
2026-07-29 21:13:53.137 UTC [DEBUG   ] ThreadPoolExecutor-0_0 - HTTP/1.1 POST https://az-phx-001.cognitedata.com/api/v1/projects/bdx-dev/extpipes/runs 200
2026-07-29 21:13:53.200 UTC [DEBUG   ] ThreadPoolExecutor-0_2 - https://az-phx-001.cognitedata.com:443 "POST /api/v1/projects/bdx-dev/raw/dbs/db_databricks_everest_raw/tables/tb_PLAS/rows?ensureParent=True HTTP/1.1" 200 6
2026-07-29 21:13:53.200 UTC [DEBUG   ] ThreadPoolExecutor-0_2 - HTTP/1.1 POST https://az-phx-001.cognitedata.com/api/v1/projects/bdx-dev/raw/dbs/db_databricks_everest_raw/tables/tb_PLAS/rows?ensureParent=True 200
2026-07-29 21:13:53.200 UTC [INFO    ] QueryExecutor_1 - Uploaded 10 raw rows
2026-07-29 21:13:53.512 UTC [INFO    ] QueryExecutor_3 - Connected to db-databricks-raw successfully
2026-07-29 21:13:53.512 UTC [INFO    ] QueryExecutor_3 - Starting extraction of extract-everest-PLFL
2026-07-29 21:13:53.512 UTC [INFO    ] QueryExecutor_3 - Getting rows from odbc
2026-07-29 21:13:53.575 UTC [INFO    ] QueryExecutor_2 - No more rows for extract-everest-PLPO. 10 rows extracted in 1.17 seconds
2026-07-29 21:13:53.575 UTC [INFO    ] QueryExecutor_2 - Reporting new success run: No more rows for extract-everest-PLPO. 10 rows extracted in 1.17 seconds
2026-07-29 21:13:53.653 UTC [DEBUG   ] ThreadPoolExecutor-0_4 - https://az-phx-001.cognitedata.com:443 "POST /api/v1/projects/bdx-dev/extpipes/runs HTTP/1.1" 200 205
2026-07-29 21:13:53.668 UTC [DEBUG   ] ThreadPoolExecutor-0_4 - HTTP/1.1 POST https://az-phx-001.cognitedata.com/api/v1/projects/bdx-dev/extpipes/runs 200
2026-07-29 21:13:53.903 UTC [INFO    ] QueryExecutor_1 - Connected to db-databricks-raw successfully
2026-07-29 21:13:53.903 UTC [INFO    ] QueryExecutor_1 - Starting extraction of extract-everest-PLMZ
2026-07-29 21:13:53.903 UTC [INFO    ] QueryExecutor_1 - Getting rows from odbc
2026-07-29 21:13:54.483 UTC [DEBUG   ] ThreadPoolExecutor-0_0 - https://az-phx-001.cognitedata.com:443 "POST /api/v1/projects/bdx-dev/raw/dbs/db_databricks_everest_raw/tables/tb_PLKO/rows?ensureParent=True HTTP/1.1" 200 6
2026-07-29 21:13:54.483 UTC [DEBUG   ] ThreadPoolExecutor-0_0 - HTTP/1.1 POST https://az-phx-001.cognitedata.com/api/v1/projects/bdx-dev/raw/dbs/db_databricks_everest_raw/tables/tb_PLKO/rows?ensureParent=True 200
2026-07-29 21:13:54.546 UTC [DEBUG   ] ThreadPoolExecutor-0_2 - https://az-phx-001.cognitedata.com:443 "POST /api/v1/projects/bdx-dev/raw/dbs/db_databricks_everest_raw/tables/tb_PLPO/rows?ensureParent=True HTTP/1.1" 200 6
2026-07-29 21:13:54.546 UTC [DEBUG   ] ThreadPoolExecutor-0_2 - HTTP/1.1 POST https://az-phx-001.cognitedata.com/api/v1/projects/bdx-dev/raw/dbs/db_databricks_everest_raw/tables/tb_PLPO/rows?ensureParent=True 200
2026-07-29 21:13:54.546 UTC [INFO    ] QueryExecutor_2 - Uploaded 2010 raw rows
2026-07-29 21:13:54.968 UTC [INFO    ] QueryExecutor_1 - No more rows for extract-everest-PLMZ. 10 rows extracted in 1.06 seconds
2026-07-29 21:13:54.968 UTC [INFO    ] QueryExecutor_1 - Reporting new success run: No more rows for extract-everest-PLMZ. 10 rows extracted in 1.06 seconds
2026-07-29 21:13:55.015 UTC [DEBUG   ] ThreadPoolExecutor-0_4 - https://az-phx-001.cognitedata.com:443 "POST /api/v1/projects/bdx-dev/extpipes/runs HTTP/1.1" 200 205
2026-07-29 21:13:55.015 UTC [DEBUG   ] ThreadPoolExecutor-0_4 - HTTP/1.1 POST https://az-phx-001.cognitedata.com/api/v1/projects/bdx-dev/extpipes/runs 200
2026-07-29 21:13:55.814 UTC [INFO    ] QueryExecutor_2 - Connected to db-databricks-raw successfully
2026-07-29 21:13:55.814 UTC [INFO    ] QueryExecutor_2 - Starting extraction of extract-everest-PLWP
2026-07-29 21:13:55.815 UTC [INFO    ] QueryExecutor_2 - Getting rows from odbc
2026-07-29 21:13:56.130 UTC [DEBUG   ] ThreadPoolExecutor-0_0 - https://az-phx-001.cognitedata.com:443 "POST /api/v1/projects/bdx-dev/raw/dbs/db_databricks_everest_raw/tables/tb_PLKO/rows?ensureParent=True HTTP/1.1" 200 6
2026-07-29 21:13:56.130 UTC [DEBUG   ] ThreadPoolExecutor-0_0 - HTTP/1.1 POST https://az-phx-001.cognitedata.com/api/v1/projects/bdx-dev/raw/dbs/db_databricks_everest_raw/tables/tb_PLKO/rows?ensureParent=True 200
2026-07-29 21:13:56.171 UTC [DEBUG   ] ThreadPoolExecutor-0_2 - https://az-phx-001.cognitedata.com:443 "POST /api/v1/projects/bdx-dev/raw/dbs/db_databricks_everest_raw/tables/tb_PLMZ/rows?ensureParent=True HTTP/1.1" 200 6
2026-07-29 21:13:56.172 UTC [DEBUG   ] ThreadPoolExecutor-0_2 - HTTP/1.1 POST https://az-phx-001.cognitedata.com/api/v1/projects/bdx-dev/raw/dbs/db_databricks_everest_raw/tables/tb_PLMZ/rows?ensureParent=True 200
2026-07-29 21:13:56.273 UTC [DEBUG   ] ThreadPoolExecutor-0_4 - https://az-phx-001.cognitedata.com:443 "POST /api/v1/projects/bdx-dev/raw/dbs/db_databricks_everest_raw/tables/tb_PLFL/rows?ensureParent=True HTTP/1.1" 200 6
2026-07-29 21:13:56.274 UTC [DEBUG   ] ThreadPoolExecutor-0_4 - HTTP/1.1 POST https://az-phx-001.cognitedata.com/api/v1/projects/bdx-dev/raw/dbs/db_databricks_everest_raw/tables/tb_PLFL/rows?ensureParent=True 200
2026-07-29 21:13:56.275 UTC [INFO    ] QueryExecutor_1 - Uploaded 4010 raw rows
2026-07-29 21:13:57.320 UTC [INFO    ] QueryExecutor_1 - Connected to db-databricks-raw successfully
2026-07-29 21:13:57.326 UTC [INFO    ] QueryExecutor_1 - Starting extraction of extract-everest-MAPL
2026-07-29 21:13:57.327 UTC [INFO    ] QueryExecutor_1 - Getting rows from odbc
2026-07-29 21:13:58.547 UTC [INFO    ] QueryExecutor_1 - No more rows for extract-everest-MAPL. 10 rows extracted in 1.22 seconds
2026-07-29 21:13:58.548 UTC [INFO    ] QueryExecutor_1 - Reporting new success run: No more rows for extract-everest-MAPL. 10 rows extracted in 1.22 seconds
2026-07-29 21:13:58.575 UTC [DEBUG   ] ThreadPoolExecutor-0_0 - https://az-phx-001.cognitedata.com:443 "POST /api/v1/projects/bdx-dev/extpipes/runs HTTP/1.1" 200 205
2026-07-29 21:13:58.575 UTC [DEBUG   ] ThreadPoolExecutor-0_0 - HTTP/1.1 POST https://az-phx-001.cognitedata.com/api/v1/projects/bdx-dev/extpipes/runs 200
2026-07-29 21:13:58.862 UTC [DEBUG   ] ThreadPoolExecutor-0_1 - https://az-phx-001.cognitedata.com:443 "POST /api/v1/projects/bdx-dev/raw/dbs/db_databricks_everest_raw/tables/tb_PLFL/rows?ensureParent=True HTTP/1.1" 200 6
2026-07-29 21:13:58.862 UTC [DEBUG   ] ThreadPoolExecutor-0_1 - HTTP/1.1 POST https://az-phx-001.cognitedata.com/api/v1/projects/bdx-dev/raw/dbs/db_databricks_everest_raw/tables/tb_PLFL/rows?ensureParent=True 200
2026-07-29 21:13:58.920 UTC [DEBUG   ] ThreadPoolExecutor-0_2 - https://az-phx-001.cognitedata.com:443 "POST /api/v1/projects/bdx-dev/raw/dbs/db_databricks_everest_raw/tables/tb_PLFL/rows?ensureParent=True HTTP/1.1" 200 6
2026-07-29 21:13:58.920 UTC [DEBUG   ] ThreadPoolExecutor-0_2 - HTTP/1.1 POST https://az-phx-001.cognitedata.com/api/v1/projects/bdx-dev/raw/dbs/db_databricks_everest_raw/tables/tb_PLFL/rows?ensureParent=True 200
2026-07-29 21:13:59.743 UTC [DEBUG   ] ThreadPoolExecutor-0_3 - https://az-phx-001.cognitedata.com:443 "POST /api/v1/projects/bdx-dev/raw/dbs/db_databricks_everest_raw/tables/tb_PLKO/rows?ensureParent=True HTTP/1.1" 200 6
2026-07-29 21:13:59.743 UTC [DEBUG   ] ThreadPoolExecutor-0_3 - HTTP/1.1 POST https://az-phx-001.cognitedata.com/api/v1/projects/bdx-dev/raw/dbs/db_databricks_everest_raw/tables/tb_PLKO/rows?ensureParent=True 200
2026-07-29 21:14:00.055 UTC [DEBUG   ] ThreadPoolExecutor-0_4 - https://az-phx-001.cognitedata.com:443 "POST /api/v1/projects/bdx-dev/raw/dbs/db_databricks_everest_raw/tables/tb_PLWP/rows?ensureParent=True HTTP/1.1" 200 6
2026-07-29 21:14:00.055 UTC [DEBUG   ] ThreadPoolExecutor-0_4 - HTTP/1.1 POST https://az-phx-001.cognitedata.com/api/v1/projects/bdx-dev/raw/dbs/db_databricks_everest_raw/tables/tb_PLWP/rows?ensureParent=True 200
2026-07-29 21:14:00.087 UTC [DEBUG   ] ThreadPoolExecutor-0_2 - https://az-phx-001.cognitedata.com:443 "POST /api/v1/projects/bdx-dev/raw/dbs/db_databricks_everest_raw/tables/tb_MAPL/rows?ensureParent=True HTTP/1.1" 200 6
2026-07-29 21:14:00.087 UTC [DEBUG   ] ThreadPoolExecutor-0_2 - HTTP/1.1 POST https://az-phx-001.cognitedata.com/api/v1/projects/bdx-dev/raw/dbs/db_databricks_everest_raw/tables/tb_MAPL/rows?ensureParent=True 200
2026-07-29 21:14:00.087 UTC [INFO    ] QueryExecutor_1 - Uploaded 16010 raw rows
2026-07-29 21:14:00.368 UTC [INFO    ] QueryExecutor_3 - Current_row_count for query extract-everest-PLFL: 10000
2026-07-29 21:14:00.847 UTC [INFO    ] QueryExecutor_1 - Connected to db-databricks-raw successfully
2026-07-29 21:14:00.847 UTC [INFO    ] QueryExecutor_1 - Starting extraction of extract-everest-EAPL
2026-07-29 21:14:00.847 UTC [INFO    ] QueryExecutor_1 - Getting rows from odbc
2026-07-29 21:14:01.222 UTC [INFO    ] QueryExecutor_0 - Current_row_count for query extract-everest-PLKO: 10000
2026-07-29 21:14:01.503 UTC [INFO    ] QueryExecutor_2 - Current_row_count for query extract-everest-PLWP: 10000
2026-07-29 21:14:01.753 UTC [INFO    ] QueryExecutor_1 - No more rows for extract-everest-EAPL. 10 rows extracted in 0.906 seconds
2026-07-29 21:14:01.753 UTC [INFO    ] QueryExecutor_1 - Reporting new success run: No more rows for extract-everest-EAPL. 10 rows extracted in 0.906 seconds
2026-07-29 21:14:01.800 UTC [DEBUG   ] ThreadPoolExecutor-0_3 - https://az-phx-001.cognitedata.com:443 "POST /api/v1/projects/bdx-dev/extpipes/runs HTTP/1.1" 200 206
2026-07-29 21:14:01.800 UTC [DEBUG   ] ThreadPoolExecutor-0_3 - HTTP/1.1 POST https://az-phx-001.cognitedata.com/api/v1/projects/bdx-dev/extpipes/runs 200
2026-07-29 21:14:02.128 UTC [DEBUG   ] ThreadPoolExecutor-0_4 - https://az-phx-001.cognitedata.com:443 "POST /api/v1/projects/bdx-dev/raw/dbs/db_databricks_everest_raw/tables/tb_PLFL/rows?ensureParent=True HTTP/1.1" 200 6
2026-07-29 21:14:02.128 UTC [DEBUG   ] ThreadPoolExecutor-0_4 - HTTP/1.1 POST https://az-phx-001.cognitedata.com/api/v1/projects/bdx-dev/raw/dbs/db_databricks_everest_raw/tables/tb_PLFL/rows?ensureParent=True 200
2026-07-29 21:14:02.853 UTC [DEBUG   ] ThreadPoolExecutor-0_2 - https://az-phx-001.cognitedata.com:443 "POST /api/v1/projects/bdx-dev/raw/dbs/db_databricks_everest_raw/tables/tb_PLKO/rows?ensureParent=True HTTP/1.1" 200 6
2026-07-29 21:14:02.853 UTC [DEBUG   ] ThreadPoolExecutor-0_2 - HTTP/1.1 POST https://az-phx-001.cognitedata.com/api/v1/projects/bdx-dev/raw/dbs/db_databricks_everest_raw/tables/tb_PLKO/rows?ensureParent=True 200
2026-07-29 21:14:03.038 UTC [DEBUG   ] ThreadPoolExecutor-0_0 - https://az-phx-001.cognitedata.com:443 "POST /api/v1/projects/bdx-dev/raw/dbs/db_databricks_everest_raw/tables/tb_PLWP/rows?ensureParent=True HTTP/1.1" 200 6
2026-07-29 21:14:03.038 UTC [DEBUG   ] ThreadPoolExecutor-0_0 - HTTP/1.1 POST https://az-phx-001.cognitedata.com/api/v1/projects/bdx-dev/raw/dbs/db_databricks_everest_raw/tables/tb_PLWP/rows?ensureParent=True 200
2026-07-29 21:14:03.202 UTC [DEBUG   ] ThreadPoolExecutor-0_3 - https://az-phx-001.cognitedata.com:443 "POST /api/v1/projects/bdx-dev/raw/dbs/db_databricks_everest_raw/tables/tb_PLWP/rows?ensureParent=True HTTP/1.1" 200 6
2026-07-29 21:14:03.218 UTC [DEBUG   ] ThreadPoolExecutor-0_3 - HTTP/1.1 POST https://az-phx-001.cognitedata.com/api/v1/projects/bdx-dev/raw/dbs/db_databricks_everest_raw/tables/tb_PLWP/rows?ensureParent=True 200
2026-07-29 21:14:03.249 UTC [DEBUG   ] ThreadPoolExecutor-0_1 - https://az-phx-001.cognitedata.com:443 "POST /api/v1/projects/bdx-dev/raw/dbs/db_databricks_everest_raw/tables/tb_EAPL/rows?ensureParent=True HTTP/1.1" 200 6
2026-07-29 21:14:03.249 UTC [DEBUG   ] ThreadPoolExecutor-0_1 - HTTP/1.1 POST https://az-phx-001.cognitedata.com/api/v1/projects/bdx-dev/raw/dbs/db_databricks_everest_raw/tables/tb_EAPL/rows?ensureParent=True 200
2026-07-29 21:14:03.249 UTC [INFO    ] QueryExecutor_1 - Uploaded 13010 raw rows
2026-07-29 21:14:04.247 UTC [INFO    ] QueryExecutor_1 - Connected to db-databricks-raw successfully
2026-07-29 21:14:04.247 UTC [INFO    ] QueryExecutor_1 - Starting extraction of extract-everest-TAPL
2026-07-29 21:14:04.247 UTC [INFO    ] QueryExecutor_1 - Getting rows from odbc
2026-07-29 21:14:05.213 UTC [INFO    ] QueryExecutor_1 - No more rows for extract-everest-TAPL. 10 rows extracted in 0.967 seconds
2026-07-29 21:14:05.213 UTC [INFO    ] QueryExecutor_1 - Reporting new success run: No more rows for extract-everest-TAPL. 10 rows extracted in 0.967 seconds
2026-07-29 21:14:05.260 UTC [DEBUG   ] ThreadPoolExecutor-0_4 - https://az-phx-001.cognitedata.com:443 "POST /api/v1/projects/bdx-dev/extpipes/runs HTTP/1.1" 200 206
2026-07-29 21:14:05.276 UTC [INFO    ] QueryExecutor_3 - Current_row_count for query extract-everest-PLFL: 20000
2026-07-29 21:14:05.276 UTC [DEBUG   ] ThreadPoolExecutor-0_4 - HTTP/1.1 POST https://az-phx-001.cognitedata.com/api/v1/projects/bdx-dev/extpipes/runs 200
2026-07-29 21:14:05.466 UTC [DEBUG   ] ThreadPoolExecutor-0_2 - https://az-phx-001.cognitedata.com:443 "POST /api/v1/projects/bdx-dev/raw/dbs/db_databricks_everest_raw/tables/tb_PLWP/rows?ensureParent=True HTTP/1.1" 200 6
2026-07-29 21:14:05.467 UTC [DEBUG   ] ThreadPoolExecutor-0_2 - HTTP/1.1 POST https://az-phx-001.cognitedata.com/api/v1/projects/bdx-dev/raw/dbs/db_databricks_everest_raw/tables/tb_PLWP/rows?ensureParent=True 200
2026-07-29 21:14:05.582 UTC [DEBUG   ] ThreadPoolExecutor-0_3 - https://az-phx-001.cognitedata.com:443 "POST /api/v1/projects/bdx-dev/raw/dbs/db_databricks_everest_raw/tables/tb_PLWP/rows?ensureParent=True HTTP/1.1" 200 6
2026-07-29 21:14:05.582 UTC [DEBUG   ] ThreadPoolExecutor-0_3 - HTTP/1.1 POST https://az-phx-001.cognitedata.com/api/v1/projects/bdx-dev/raw/dbs/db_databricks_everest_raw/tables/tb_PLWP/rows?ensureParent=True 200
2026-07-29 21:14:05.704 UTC [DEBUG   ] ThreadPoolExecutor-0_4 - https://az-phx-001.cognitedata.com:443 "POST /api/v1/projects/bdx-dev/raw/dbs/db_databricks_everest_raw/tables/tb_PLFL/rows?ensureParent=True HTTP/1.1" 200 6
2026-07-29 21:14:05.705 UTC [DEBUG   ] ThreadPoolExecutor-0_4 - HTTP/1.1 POST https://az-phx-001.cognitedata.com/api/v1/projects/bdx-dev/raw/dbs/db_databricks_everest_raw/tables/tb_PLFL/rows?ensureParent=True 200
2026-07-29 21:14:05.849 UTC [DEBUG   ] ThreadPoolExecutor-0_0 - https://az-phx-001.cognitedata.com:443 "POST /api/v1/projects/bdx-dev/raw/dbs/db_databricks_everest_raw/tables/tb_PLFL/rows?ensureParent=True HTTP/1.1" 200 6
2026-07-29 21:14:05.850 UTC [DEBUG   ] ThreadPoolExecutor-0_0 - HTTP/1.1 POST https://az-phx-001.cognitedata.com/api/v1/projects/bdx-dev/raw/dbs/db_databricks_everest_raw/tables/tb_PLFL/rows?ensureParent=True 200
2026-07-29 21:14:06.545 UTC [DEBUG   ] ThreadPoolExecutor-0_2 - https://az-phx-001.cognitedata.com:443 "POST /api/v1/projects/bdx-dev/raw/dbs/db_databricks_everest_raw/tables/tb_PLKO/rows?ensureParent=True HTTP/1.1" 200 6
2026-07-29 21:14:06.545 UTC [DEBUG   ] ThreadPoolExecutor-0_2 - HTTP/1.1 POST https://az-phx-001.cognitedata.com/api/v1/projects/bdx-dev/raw/dbs/db_databricks_everest_raw/tables/tb_PLKO/rows?ensureParent=True 200
2026-07-29 21:14:06.577 UTC [DEBUG   ] ThreadPoolExecutor-0_1 - https://az-phx-001.cognitedata.com:443 "POST /api/v1/projects/bdx-dev/raw/dbs/db_databricks_everest_raw/tables/tb_TAPL/rows?ensureParent=True HTTP/1.1" 200 6
2026-07-29 21:14:06.592 UTC [DEBUG   ] ThreadPoolExecutor-0_1 - HTTP/1.1 POST https://az-phx-001.cognitedata.com/api/v1/projects/bdx-dev/raw/dbs/db_databricks_everest_raw/tables/tb_TAPL/rows?ensureParent=True 200
2026-07-29 21:14:06.592 UTC [INFO    ] QueryExecutor_1 - Uploaded 15010 raw rows
2026-07-29 21:14:07.123 UTC [INFO    ] QueryExecutor_2 - Current_row_count for query extract-everest-PLWP: 20000
2026-07-29 21:14:07.618 UTC [INFO    ] QueryExecutor_1 - Connected to db-databricks-raw successfully
2026-07-29 21:14:07.618 UTC [INFO    ] QueryExecutor_1 - Starting extraction of extract-everest-T430
2026-07-29 21:14:07.618 UTC [INFO    ] QueryExecutor_1 - Getting rows from odbc
2026-07-29 21:14:08.519 UTC [INFO    ] QueryExecutor_1 - No more rows for extract-everest-T430. 10 rows extracted in 0.901 seconds
2026-07-29 21:14:08.519 UTC [INFO    ] QueryExecutor_1 - Reporting new success run: No more rows for extract-everest-T430. 10 rows extracted in 0.901 seconds
2026-07-29 21:14:08.566 UTC [DEBUG   ] ThreadPoolExecutor-0_0 - https://az-phx-001.cognitedata.com:443 "POST /api/v1/projects/bdx-dev/extpipes/runs HTTP/1.1" 200 206
2026-07-29 21:14:08.566 UTC [DEBUG   ] ThreadPoolExecutor-0_0 - HTTP/1.1 POST https://az-phx-001.cognitedata.com/api/v1/projects/bdx-dev/extpipes/runs 200
2026-07-29 21:14:09.349 UTC [DEBUG   ] ThreadPoolExecutor-0_2 - https://az-phx-001.cognitedata.com:443 "POST /api/v1/projects/bdx-dev/raw/dbs/db_databricks_everest_raw/tables/tb_PLKO/rows?ensureParent=True HTTP/1.1" 200 6
2026-07-29 21:14:09.351 UTC [DEBUG   ] ThreadPoolExecutor-0_2 - HTTP/1.1 POST https://az-phx-001.cognitedata.com/api/v1/projects/bdx-dev/raw/dbs/db_databricks_everest_raw/tables/tb_PLKO/rows?ensureParent=True 200
2026-07-29 21:14:09.541 UTC [DEBUG   ] ThreadPoolExecutor-0_3 - https://az-phx-001.cognitedata.com:443 "POST /api/v1/projects/bdx-dev/raw/dbs/db_databricks_everest_raw/tables/tb_PLWP/rows?ensureParent=True HTTP/1.1" 200 6
2026-07-29 21:14:09.541 UTC [DEBUG   ] ThreadPoolExecutor-0_3 - HTTP/1.1 POST https://az-phx-001.cognitedata.com/api/v1/projects/bdx-dev/raw/dbs/db_databricks_everest_raw/tables/tb_PLWP/rows?ensureParent=True 200
2026-07-29 21:14:09.677 UTC [DEBUG   ] ThreadPoolExecutor-0_1 - https://az-phx-001.cognitedata.com:443 "POST /api/v1/projects/bdx-dev/raw/dbs/db_databricks_everest_raw/tables/tb_PLWP/rows?ensureParent=True HTTP/1.1" 200 6
2026-07-29 21:14:09.684 UTC [DEBUG   ] ThreadPoolExecutor-0_1 - HTTP/1.1 POST https://az-phx-001.cognitedata.com/api/v1/projects/bdx-dev/raw/dbs/db_databricks_everest_raw/tables/tb_PLWP/rows?ensureParent=True 200
2026-07-29 21:14:10.016 UTC [DEBUG   ] ThreadPoolExecutor-0_4 - https://az-phx-001.cognitedata.com:443 "POST /api/v1/projects/bdx-dev/raw/dbs/db_databricks_everest_raw/tables/tb_PLFL/rows?ensureParent=True HTTP/1.1" 200 6
2026-07-29 21:14:10.016 UTC [DEBUG   ] ThreadPoolExecutor-0_4 - HTTP/1.1 POST https://az-phx-001.cognitedata.com/api/v1/projects/bdx-dev/raw/dbs/db_databricks_everest_raw/tables/tb_PLFL/rows?ensureParent=True 200
2026-07-29 21:14:10.053 UTC [DEBUG   ] ThreadPoolExecutor-0_0 - https://az-phx-001.cognitedata.com:443 "POST /api/v1/projects/bdx-dev/raw/dbs/db_databricks_everest_raw/tables/tb_T430/rows?ensureParent=True HTTP/1.1" 200 6
2026-07-29 21:14:10.054 UTC [DEBUG   ] ThreadPoolExecutor-0_0 - HTTP/1.1 POST https://az-phx-001.cognitedata.com/api/v1/projects/bdx-dev/raw/dbs/db_databricks_everest_raw/tables/tb_T430/rows?ensureParent=True 200
2026-07-29 21:14:10.055 UTC [INFO    ] QueryExecutor_1 - Uploaded 14010 raw rows
2026-07-29 21:14:11.024 UTC [INFO    ] QueryExecutor_1 - Connected to db-databricks-raw successfully
2026-07-29 21:14:11.025 UTC [INFO    ] QueryExecutor_1 - Starting extraction of extract-everest-T430T
2026-07-29 21:14:11.026 UTC [INFO    ] QueryExecutor_1 - Getting rows from odbc
2026-07-29 21:14:11.575 UTC [INFO    ] QueryExecutor_2 - Current_row_count for query extract-everest-PLWP: 30000
2026-07-29 21:14:11.749 UTC [INFO    ] QueryExecutor_3 - Current_row_count for query extract-everest-PLFL: 30000
2026-07-29 21:14:11.871 UTC [INFO    ] QueryExecutor_1 - No more rows for extract-everest-T430T. 10 rows extracted in 0.845 seconds
2026-07-29 21:14:11.871 UTC [INFO    ] QueryExecutor_1 - Reporting new success run: No more rows for extract-everest-T430T. 10 rows extracted in 0.845 seconds
2026-07-29 21:14:11.955 UTC [DEBUG   ] ThreadPoolExecutor-0_1 - https://az-phx-001.cognitedata.com:443 "POST /api/v1/projects/bdx-dev/extpipes/runs HTTP/1.1" 200 207
2026-07-29 21:14:11.956 UTC [DEBUG   ] ThreadPoolExecutor-0_1 - HTTP/1.1 POST https://az-phx-001.cognitedata.com/api/v1/projects/bdx-dev/extpipes/runs 200
2026-07-29 21:14:12.655 UTC [DEBUG   ] ThreadPoolExecutor-0_4 - https://az-phx-001.cognitedata.com:443 "POST /api/v1/projects/bdx-dev/raw/dbs/db_databricks_everest_raw/tables/tb_PLKO/rows?ensureParent=True HTTP/1.1" 200 6
2026-07-29 21:14:12.659 UTC [DEBUG   ] ThreadPoolExecutor-0_4 - HTTP/1.1 POST https://az-phx-001.cognitedata.com/api/v1/projects/bdx-dev/raw/dbs/db_databricks_everest_raw/tables/tb_PLKO/rows?ensureParent=True 200
2026-07-29 21:14:12.790 UTC [DEBUG   ] ThreadPoolExecutor-0_2 - https://az-phx-001.cognitedata.com:443 "POST /api/v1/projects/bdx-dev/raw/dbs/db_databricks_everest_raw/tables/tb_PLWP/rows?ensureParent=True HTTP/1.1" 200 6
2026-07-29 21:14:12.791 UTC [DEBUG   ] ThreadPoolExecutor-0_2 - HTTP/1.1 POST https://az-phx-001.cognitedata.com/api/v1/projects/bdx-dev/raw/dbs/db_databricks_everest_raw/tables/tb_PLWP/rows?ensureParent=True 200
2026-07-29 21:14:13.010 UTC [DEBUG   ] ThreadPoolExecutor-0_0 - https://az-phx-001.cognitedata.com:443 "POST /api/v1/projects/bdx-dev/raw/dbs/db_databricks_everest_raw/tables/tb_PLWP/rows?ensureParent=True HTTP/1.1" 200 6
2026-07-29 21:14:13.010 UTC [DEBUG   ] ThreadPoolExecutor-0_0 - HTTP/1.1 POST https://az-phx-001.cognitedata.com/api/v1/projects/bdx-dev/raw/dbs/db_databricks_everest_raw/tables/tb_PLWP/rows?ensureParent=True 200
2026-07-29 21:14:13.295 UTC [DEBUG   ] ThreadPoolExecutor-0_3 - https://az-phx-001.cognitedata.com:443 "POST /api/v1/projects/bdx-dev/raw/dbs/db_databricks_everest_raw/tables/tb_PLFL/rows?ensureParent=True HTTP/1.1" 200 6
2026-07-29 21:14:13.296 UTC [DEBUG   ] ThreadPoolExecutor-0_3 - HTTP/1.1 POST https://az-phx-001.cognitedata.com/api/v1/projects/bdx-dev/raw/dbs/db_databricks_everest_raw/tables/tb_PLFL/rows?ensureParent=True 200
2026-07-29 21:14:13.338 UTC [DEBUG   ] ThreadPoolExecutor-0_1 - https://az-phx-001.cognitedata.com:443 "POST /api/v1/projects/bdx-dev/raw/dbs/db_databricks_everest_raw/tables/tb_T430T/rows?ensureParent=True HTTP/1.1" 200 6
2026-07-29 21:14:13.338 UTC [DEBUG   ] ThreadPoolExecutor-0_1 - HTTP/1.1 POST https://az-phx-001.cognitedata.com/api/v1/projects/bdx-dev/raw/dbs/db_databricks_everest_raw/tables/tb_T430T/rows?ensureParent=True 200
2026-07-29 21:14:13.340 UTC [INFO    ] QueryExecutor_1 - Uploaded 13010 raw rows
2026-07-29 21:14:14.400 UTC [INFO    ] QueryExecutor_1 - Connected to db-databricks-raw successfully
2026-07-29 21:14:14.401 UTC [INFO    ] QueryExecutor_1 - Starting extraction of extract-everest-MAST
2026-07-29 21:14:14.402 UTC [INFO    ] QueryExecutor_1 - Getting rows from odbc
2026-07-29 21:14:16.060 UTC [INFO    ] QueryExecutor_2 - Current_row_count for query extract-everest-PLWP: 40000
2026-07-29 21:14:17.291 UTC [INFO    ] QueryExecutor_0 - Current_row_count for query extract-everest-PLKO: 20000
2026-07-29 21:14:18.322 UTC [INFO    ] QueryExecutor_3 - Current_row_count for query extract-everest-PLFL: 40000
2026-07-29 21:14:19.759 UTC [INFO    ] QueryExecutor_1 - Current_row_count for query extract-everest-MAST: 10000
2026-07-29 21:14:21.019 UTC [INFO    ] QueryExecutor_3 - Upload queue reached threshold size 50000/50000, triggering upload
2026-07-29 21:14:21.502 UTC [DEBUG   ] ThreadPoolExecutor-0_0 - https://az-phx-001.cognitedata.com:443 "POST /api/v1/projects/bdx-dev/raw/dbs/db_databricks_everest_raw/tables/tb_PLFL/rows?ensureParent=True HTTP/1.1" 200 6
2026-07-29 21:14:21.502 UTC [DEBUG   ] ThreadPoolExecutor-0_0 - HTTP/1.1 POST https://az-phx-001.cognitedata.com/api/v1/projects/bdx-dev/raw/dbs/db_databricks_everest_raw/tables/tb_PLFL/rows?ensureParent=True 200
2026-07-29 21:14:21.534 UTC [DEBUG   ] ThreadPoolExecutor-0_4 - https://az-phx-001.cognitedata.com:443 "POST /api/v1/projects/bdx-dev/raw/dbs/db_databricks_everest_raw/tables/tb_PLFL/rows?ensureParent=True HTTP/1.1" 200 6
2026-07-29 21:14:21.534 UTC [DEBUG   ] ThreadPoolExecutor-0_3 - https://az-phx-001.cognitedata.com:443 "POST /api/v1/projects/bdx-dev/raw/dbs/db_databricks_everest_raw/tables/tb_PLFL/rows?ensureParent=True HTTP/1.1" 200 6
2026-07-29 21:14:21.534 UTC [DEBUG   ] ThreadPoolExecutor-0_4 - HTTP/1.1 POST https://az-phx-001.cognitedata.com/api/v1/projects/bdx-dev/raw/dbs/db_databricks_everest_raw/tables/tb_PLFL/rows?ensureParent=True 200
2026-07-29 21:14:21.534 UTC [DEBUG   ] ThreadPoolExecutor-0_3 - HTTP/1.1 POST https://az-phx-001.cognitedata.com/api/v1/projects/bdx-dev/raw/dbs/db_databricks_everest_raw/tables/tb_PLFL/rows?ensureParent=True 200
2026-07-29 21:14:21.860 UTC [DEBUG   ] ThreadPoolExecutor-0_4 - https://az-phx-001.cognitedata.com:443 "POST /api/v1/projects/bdx-dev/raw/dbs/db_databricks_everest_raw/tables/tb_PLWP/rows?ensureParent=True HTTP/1.1" 200 6
2026-07-29 21:14:21.860 UTC [DEBUG   ] ThreadPoolExecutor-0_4 - HTTP/1.1 POST https://az-phx-001.cognitedata.com/api/v1/projects/bdx-dev/raw/dbs/db_databricks_everest_raw/tables/tb_PLWP/rows?ensureParent=True 200
2026-07-29 21:14:22.004 UTC [DEBUG   ] ThreadPoolExecutor-0_1 - https://az-phx-001.cognitedata.com:443 "POST /api/v1/projects/bdx-dev/raw/dbs/db_databricks_everest_raw/tables/tb_PLWP/rows?ensureParent=True HTTP/1.1" 200 6
2026-07-29 21:14:22.004 UTC [DEBUG   ] ThreadPoolExecutor-0_1 - HTTP/1.1 POST https://az-phx-001.cognitedata.com/api/v1/projects/bdx-dev/raw/dbs/db_databricks_everest_raw/tables/tb_PLWP/rows?ensureParent=True 200
2026-07-29 21:14:22.047 UTC [DEBUG   ] ThreadPoolExecutor-0_2 - https://az-phx-001.cognitedata.com:443 "POST /api/v1/projects/bdx-dev/raw/dbs/db_databricks_everest_raw/tables/tb_PLWP/rows?ensureParent=True HTTP/1.1" 200 6
2026-07-29 21:14:22.048 UTC [DEBUG   ] ThreadPoolExecutor-0_2 - HTTP/1.1 POST https://az-phx-001.cognitedata.com/api/v1/projects/bdx-dev/raw/dbs/db_databricks_everest_raw/tables/tb_PLWP/rows?ensureParent=True 200
2026-07-29 21:14:22.067 UTC [DEBUG   ] ThreadPoolExecutor-0_0 - https://az-phx-001.cognitedata.com:443 "POST /api/v1/projects/bdx-dev/raw/dbs/db_databricks_everest_raw/tables/tb_PLWP/rows?ensureParent=True HTTP/1.1" 200 6
2026-07-29 21:14:22.067 UTC [DEBUG   ] ThreadPoolExecutor-0_0 - HTTP/1.1 POST https://az-phx-001.cognitedata.com/api/v1/projects/bdx-dev/raw/dbs/db_databricks_everest_raw/tables/tb_PLWP/rows?ensureParent=True 200
2026-07-29 21:14:22.518 UTC [DEBUG   ] ThreadPoolExecutor-0_4 - https://az-phx-001.cognitedata.com:443 "POST /api/v1/projects/bdx-dev/raw/dbs/db_databricks_everest_raw/tables/tb_PLKO/rows?ensureParent=True HTTP/1.1" 200 6
2026-07-29 21:14:22.518 UTC [DEBUG   ] ThreadPoolExecutor-0_4 - HTTP/1.1 POST https://az-phx-001.cognitedata.com/api/v1/projects/bdx-dev/raw/dbs/db_databricks_everest_raw/tables/tb_PLKO/rows?ensureParent=True 200
2026-07-29 21:14:24.068 UTC [DEBUG   ] ThreadPoolExecutor-0_3 - https://az-phx-001.cognitedata.com:443 "POST /api/v1/projects/bdx-dev/raw/dbs/db_databricks_everest_raw/tables/tb_PLKO/rows?ensureParent=True HTTP/1.1" 200 6
2026-07-29 21:14:24.068 UTC [DEBUG   ] ThreadPoolExecutor-0_3 - HTTP/1.1 POST https://az-phx-001.cognitedata.com/api/v1/projects/bdx-dev/raw/dbs/db_databricks_everest_raw/tables/tb_PLKO/rows?ensureParent=True 200
2026-07-29 21:14:25.044 UTC [DEBUG   ] ThreadPoolExecutor-0_2 - https://az-phx-001.cognitedata.com:443 "POST /api/v1/projects/bdx-dev/raw/dbs/db_databricks_everest_raw/tables/tb_MAST/rows?ensureParent=True HTTP/1.1" 200 6
2026-07-29 21:14:25.045 UTC [DEBUG   ] ThreadPoolExecutor-0_2 - HTTP/1.1 POST https://az-phx-001.cognitedata.com/api/v1/projects/bdx-dev/raw/dbs/db_databricks_everest_raw/tables/tb_MAST/rows?ensureParent=True 200
2026-07-29 21:14:25.582 UTC [DEBUG   ] ThreadPoolExecutor-0_1 - https://az-phx-001.cognitedata.com:443 "POST /api/v1/projects/bdx-dev/raw/dbs/db_databricks_everest_raw/tables/tb_MAST/rows?ensureParent=True HTTP/1.1" 200 6
2026-07-29 21:14:25.582 UTC [DEBUG   ] ThreadPoolExecutor-0_0 - https://az-phx-001.cognitedata.com:443 "POST /api/v1/projects/bdx-dev/raw/dbs/db_databricks_everest_raw/tables/tb_MAST/rows?ensureParent=True HTTP/1.1" 200 6
2026-07-29 21:14:25.583 UTC [DEBUG   ] ThreadPoolExecutor-0_1 - HTTP/1.1 POST https://az-phx-001.cognitedata.com/api/v1/projects/bdx-dev/raw/dbs/db_databricks_everest_raw/tables/tb_MAST/rows?ensureParent=True 200
2026-07-29 21:14:25.584 UTC [DEBUG   ] ThreadPoolExecutor-0_0 - HTTP/1.1 POST https://az-phx-001.cognitedata.com/api/v1/projects/bdx-dev/raw/dbs/db_databricks_everest_raw/tables/tb_MAST/rows?ensureParent=True 200
2026-07-29 21:14:25.585 UTC [INFO    ] QueryExecutor_3 - Uploaded 50000 raw rows
2026-07-29 21:14:26.490 UTC [INFO    ] QueryExecutor_2 - Current_row_count for query extract-everest-PLWP: 50000
2026-07-29 21:14:28.260 UTC [INFO    ] QueryExecutor_1 - Current_row_count for query extract-everest-MAST: 20000
2026-07-29 21:14:29.245 UTC [INFO    ] QueryExecutor_3 - Current_row_count for query extract-everest-PLFL: 50000
2026-07-29 21:14:31.783 UTC [INFO    ] QueryExecutor_2 - Current_row_count for query extract-everest-PLWP: 60000
2026-07-29 21:14:32.020 UTC [INFO    ] QueryExecutor_1 - Current_row_count for query extract-everest-MAST: 30000
2026-07-29 21:14:33.146 UTC [INFO    ] QueryExecutor_3 - Upload queue reached threshold size 50000/50000, triggering upload
2026-07-29 21:14:33.578 UTC [DEBUG   ] ThreadPoolExecutor-0_3 - https://az-phx-001.cognitedata.com:443 "POST /api/v1/projects/bdx-dev/raw/dbs/db_databricks_everest_raw/tables/tb_PLWP/rows?ensureParent=True HTTP/1.1" 200 6
2026-07-29 21:14:33.578 UTC [DEBUG   ] ThreadPoolExecutor-0_3 - HTTP/1.1 POST https://az-phx-001.cognitedata.com/api/v1/projects/bdx-dev/raw/dbs/db_databricks_everest_raw/tables/tb_PLWP/rows?ensureParent=True 200
2026-07-29 21:14:33.645 UTC [DEBUG   ] ThreadPoolExecutor-0_2 - https://az-phx-001.cognitedata.com:443 "POST /api/v1/projects/bdx-dev/raw/dbs/db_databricks_everest_raw/tables/tb_PLWP/rows?ensureParent=True HTTP/1.1" 200 6
2026-07-29 21:14:33.646 UTC [DEBUG   ] ThreadPoolExecutor-0_2 - HTTP/1.1 POST https://az-phx-001.cognitedata.com/api/v1/projects/bdx-dev/raw/dbs/db_databricks_everest_raw/tables/tb_PLWP/rows?ensureParent=True 200
2026-07-29 21:14:33.654 UTC [DEBUG   ] ThreadPoolExecutor-0_4 - https://az-phx-001.cognitedata.com:443 "POST /api/v1/projects/bdx-dev/raw/dbs/db_databricks_everest_raw/tables/tb_PLWP/rows?ensureParent=True HTTP/1.1" 200 6
2026-07-29 21:14:33.654 UTC [DEBUG   ] ThreadPoolExecutor-0_4 - HTTP/1.1 POST https://az-phx-001.cognitedata.com/api/v1/projects/bdx-dev/raw/dbs/db_databricks_everest_raw/tables/tb_PLWP/rows?ensureParent=True 200
2026-07-29 21:14:35.106 UTC [DEBUG   ] ThreadPoolExecutor-0_3 - https://az-phx-001.cognitedata.com:443 "POST /api/v1/projects/bdx-dev/raw/dbs/db_databricks_everest_raw/tables/tb_MAST/rows?ensureParent=True HTTP/1.1" 200 6
2026-07-29 21:14:35.107 UTC [DEBUG   ] ThreadPoolExecutor-0_3 - HTTP/1.1 POST https://az-phx-001.cognitedata.com/api/v1/projects/bdx-dev/raw/dbs/db_databricks_everest_raw/tables/tb_MAST/rows?ensureParent=True 200
2026-07-29 21:14:35.202 UTC [DEBUG   ] ThreadPoolExecutor-0_1 - https://az-phx-001.cognitedata.com:443 "POST /api/v1/projects/bdx-dev/raw/dbs/db_databricks_everest_raw/tables/tb_MAST/rows?ensureParent=True HTTP/1.1" 200 6
2026-07-29 21:14:35.203 UTC [DEBUG   ] ThreadPoolExecutor-0_1 - HTTP/1.1 POST https://az-phx-001.cognitedata.com/api/v1/projects/bdx-dev/raw/dbs/db_databricks_everest_raw/tables/tb_MAST/rows?ensureParent=True 200
2026-07-29 21:14:35.206 UTC [DEBUG   ] ThreadPoolExecutor-0_0 - https://az-phx-001.cognitedata.com:443 "POST /api/v1/projects/bdx-dev/raw/dbs/db_databricks_everest_raw/tables/tb_MAST/rows?ensureParent=True HTTP/1.1" 200 6
2026-07-29 21:14:35.206 UTC [DEBUG   ] ThreadPoolExecutor-0_0 - HTTP/1.1 POST https://az-phx-001.cognitedata.com/api/v1/projects/bdx-dev/raw/dbs/db_databricks_everest_raw/tables/tb_MAST/rows?ensureParent=True 200
2026-07-29 21:14:35.413 UTC [DEBUG   ] ThreadPoolExecutor-0_2 - https://az-phx-001.cognitedata.com:443 "POST /api/v1/projects/bdx-dev/raw/dbs/db_databricks_everest_raw/tables/tb_MAST/rows?ensureParent=True HTTP/1.1" 200 6
2026-07-29 21:14:35.414 UTC [DEBUG   ] ThreadPoolExecutor-0_2 - HTTP/1.1 POST https://az-phx-001.cognitedata.com/api/v1/projects/bdx-dev/raw/dbs/db_databricks_everest_raw/tables/tb_MAST/rows?ensureParent=True 200
2026-07-29 21:14:37.142 UTC [DEBUG   ] ThreadPoolExecutor-0_4 - https://az-phx-001.cognitedata.com:443 "POST /api/v1/projects/bdx-dev/raw/dbs/db_databricks_everest_raw/tables/tb_PLKO/rows?ensureParent=True HTTP/1.1" 200 6
2026-07-29 21:14:37.143 UTC [DEBUG   ] ThreadPoolExecutor-0_4 - HTTP/1.1 POST https://az-phx-001.cognitedata.com/api/v1/projects/bdx-dev/raw/dbs/db_databricks_everest_raw/tables/tb_PLKO/rows?ensureParent=True 200
2026-07-29 21:14:37.479 UTC [DEBUG   ] ThreadPoolExecutor-0_2 - https://az-phx-001.cognitedata.com:443 "POST /api/v1/projects/bdx-dev/raw/dbs/db_databricks_everest_raw/tables/tb_PLFL/rows?ensureParent=True HTTP/1.1" 200 6
2026-07-29 21:14:37.479 UTC [DEBUG   ] ThreadPoolExecutor-0_2 - HTTP/1.1 POST https://az-phx-001.cognitedata.com/api/v1/projects/bdx-dev/raw/dbs/db_databricks_everest_raw/tables/tb_PLFL/rows?ensureParent=True 200
2026-07-29 21:14:37.635 UTC [DEBUG   ] ThreadPoolExecutor-0_1 - https://az-phx-001.cognitedata.com:443 "POST /api/v1/projects/bdx-dev/raw/dbs/db_databricks_everest_raw/tables/tb_PLFL/rows?ensureParent=True HTTP/1.1" 200 6
2026-07-29 21:14:37.651 UTC [DEBUG   ] ThreadPoolExecutor-0_1 - HTTP/1.1 POST https://az-phx-001.cognitedata.com/api/v1/projects/bdx-dev/raw/dbs/db_databricks_everest_raw/tables/tb_PLFL/rows?ensureParent=True 200
2026-07-29 21:14:37.666 UTC [DEBUG   ] ThreadPoolExecutor-0_0 - https://az-phx-001.cognitedata.com:443 "POST /api/v1/projects/bdx-dev/raw/dbs/db_databricks_everest_raw/tables/tb_PLFL/rows?ensureParent=True HTTP/1.1" 200 6
2026-07-29 21:14:37.666 UTC [DEBUG   ] ThreadPoolExecutor-0_0 - HTTP/1.1 POST https://az-phx-001.cognitedata.com/api/v1/projects/bdx-dev/raw/dbs/db_databricks_everest_raw/tables/tb_PLFL/rows?ensureParent=True 200
2026-07-29 21:14:37.666 UTC [INFO    ] QueryExecutor_3 - Uploaded 50000 raw rows
2026-07-29 21:14:39.964 UTC [INFO    ] QueryExecutor_3 - Current_row_count for query extract-everest-PLFL: 60000
2026-07-29 21:14:40.448 UTC [INFO    ] QueryExecutor_2 - No more rows for extract-everest-PLWP. 67934 rows extracted in 44.6 seconds
2026-07-29 21:14:40.448 UTC [INFO    ] QueryExecutor_2 - Reporting new success run: No more rows for extract-everest-PLWP. 67934 rows extracted in 44.6 seconds
2026-07-29 21:14:40.479 UTC [INFO    ] QueryExecutor_1 - Current_row_count for query extract-everest-MAST: 40000
2026-07-29 21:14:40.479 UTC [DEBUG   ] ThreadPoolExecutor-0_4 - https://az-phx-001.cognitedata.com:443 "POST /api/v1/projects/bdx-dev/extpipes/runs HTTP/1.1" 200 208
2026-07-29 21:14:40.479 UTC [DEBUG   ] ThreadPoolExecutor-0_4 - HTTP/1.1 POST https://az-phx-001.cognitedata.com/api/v1/projects/bdx-dev/extpipes/runs 200
2026-07-29 21:14:40.995 UTC [DEBUG   ] ThreadPoolExecutor-0_2 - https://az-phx-001.cognitedata.com:443 "POST /api/v1/projects/bdx-dev/raw/dbs/db_databricks_everest_raw/tables/tb_MAST/rows?ensureParent=True HTTP/1.1" 200 6
2026-07-29 21:14:40.995 UTC [DEBUG   ] ThreadPoolExecutor-0_2 - HTTP/1.1 POST https://az-phx-001.cognitedata.com/api/v1/projects/bdx-dev/raw/dbs/db_databricks_everest_raw/tables/tb_MAST/rows?ensureParent=True 200
2026-07-29 21:14:41.261 UTC [DEBUG   ] ThreadPoolExecutor-0_1 - https://az-phx-001.cognitedata.com:443 "POST /api/v1/projects/bdx-dev/raw/dbs/db_databricks_everest_raw/tables/tb_MAST/rows?ensureParent=True HTTP/1.1" 200 6
2026-07-29 21:14:41.261 UTC [DEBUG   ] ThreadPoolExecutor-0_1 - HTTP/1.1 POST https://az-phx-001.cognitedata.com/api/v1/projects/bdx-dev/raw/dbs/db_databricks_everest_raw/tables/tb_MAST/rows?ensureParent=True 200
2026-07-29 21:14:41.432 UTC [DEBUG   ] ThreadPoolExecutor-0_4 - https://az-phx-001.cognitedata.com:443 "POST /api/v1/projects/bdx-dev/raw/dbs/db_databricks_everest_raw/tables/tb_PLWP/rows?ensureParent=True HTTP/1.1" 200 6
2026-07-29 21:14:41.432 UTC [DEBUG   ] ThreadPoolExecutor-0_4 - HTTP/1.1 POST https://az-phx-001.cognitedata.com/api/v1/projects/bdx-dev/raw/dbs/db_databricks_everest_raw/tables/tb_PLWP/rows?ensureParent=True 200
2026-07-29 21:14:41.636 UTC [DEBUG   ] ThreadPoolExecutor-0_3 - https://az-phx-001.cognitedata.com:443 "POST /api/v1/projects/bdx-dev/raw/dbs/db_databricks_everest_raw/tables/tb_PLWP/rows?ensureParent=True HTTP/1.1" 200 6
2026-07-29 21:14:41.651 UTC [DEBUG   ] ThreadPoolExecutor-0_3 - HTTP/1.1 POST https://az-phx-001.cognitedata.com/api/v1/projects/bdx-dev/raw/dbs/db_databricks_everest_raw/tables/tb_PLWP/rows?ensureParent=True 200
2026-07-29 21:14:42.136 UTC [DEBUG   ] ThreadPoolExecutor-0_2 - https://az-phx-001.cognitedata.com:443 "POST /api/v1/projects/bdx-dev/raw/dbs/db_databricks_everest_raw/tables/tb_PLKO/rows?ensureParent=True HTTP/1.1" 200 6
2026-07-29 21:14:42.136 UTC [DEBUG   ] ThreadPoolExecutor-0_2 - HTTP/1.1 POST https://az-phx-001.cognitedata.com/api/v1/projects/bdx-dev/raw/dbs/db_databricks_everest_raw/tables/tb_PLKO/rows?ensureParent=True 200
2026-07-29 21:14:42.370 UTC [DEBUG   ] ThreadPoolExecutor-0_0 - https://az-phx-001.cognitedata.com:443 "POST /api/v1/projects/bdx-dev/raw/dbs/db_databricks_everest_raw/tables/tb_PLFL/rows?ensureParent=True HTTP/1.1" 200 6
2026-07-29 21:14:42.370 UTC [DEBUG   ] ThreadPoolExecutor-0_0 - HTTP/1.1 POST https://az-phx-001.cognitedata.com/api/v1/projects/bdx-dev/raw/dbs/db_databricks_everest_raw/tables/tb_PLFL/rows?ensureParent=True 200
2026-07-29 21:14:42.370 UTC [INFO    ] QueryExecutor_2 - Uploaded 19934 raw rows
2026-07-29 21:14:42.636 UTC [INFO    ] QueryExecutor_0 - Current_row_count for query extract-everest-PLKO: 30000
2026-07-29 21:14:43.417 UTC [INFO    ] QueryExecutor_2 - Connected to db-databricks-raw successfully
2026-07-29 21:14:43.417 UTC [INFO    ] QueryExecutor_2 - Starting extraction of extract-everest-STKO
2026-07-29 21:14:43.417 UTC [INFO    ] QueryExecutor_2 - Getting rows from odbc
2026-07-29 21:14:44.526 UTC [INFO    ] QueryExecutor_1 - Current_row_count for query extract-everest-MAST: 50000
2026-07-29 21:14:44.745 UTC [INFO    ] QueryExecutor_2 - No more rows for extract-everest-STKO. 10 rows extracted in 1.33 seconds
2026-07-29 21:14:44.745 UTC [INFO    ] QueryExecutor_2 - Reporting new success run: No more rows for extract-everest-STKO. 10 rows extracted in 1.33 seconds
2026-07-29 21:14:44.807 UTC [DEBUG   ] ThreadPoolExecutor-0_3 - https://az-phx-001.cognitedata.com:443 "POST /api/v1/projects/bdx-dev/extpipes/runs HTTP/1.1" 200 205
2026-07-29 21:14:44.807 UTC [DEBUG   ] ThreadPoolExecutor-0_3 - HTTP/1.1 POST https://az-phx-001.cognitedata.com/api/v1/projects/bdx-dev/extpipes/runs 200
2026-07-29 21:14:44.979 UTC [DEBUG   ] ThreadPoolExecutor-0_4 - https://az-phx-001.cognitedata.com:443 "POST /api/v1/projects/bdx-dev/raw/dbs/db_databricks_everest_raw/tables/tb_PLFL/rows?ensureParent=True HTTP/1.1" 200 6
2026-07-29 21:14:44.979 UTC [DEBUG   ] ThreadPoolExecutor-0_4 - HTTP/1.1 POST https://az-phx-001.cognitedata.com/api/v1/projects/bdx-dev/raw/dbs/db_databricks_everest_raw/tables/tb_PLFL/rows?ensureParent=True 200
2026-07-29 21:14:45.182 UTC [DEBUG   ] ThreadPoolExecutor-0_2 - https://az-phx-001.cognitedata.com:443 "POST /api/v1/projects/bdx-dev/raw/dbs/db_databricks_everest_raw/tables/tb_PLFL/rows?ensureParent=True HTTP/1.1" 200 6
2026-07-29 21:14:45.182 UTC [DEBUG   ] ThreadPoolExecutor-0_2 - HTTP/1.1 POST https://az-phx-001.cognitedata.com/api/v1/projects/bdx-dev/raw/dbs/db_databricks_everest_raw/tables/tb_PLFL/rows?ensureParent=True 200
2026-07-29 21:14:45.635 UTC [DEBUG   ] ThreadPoolExecutor-0_0 - https://az-phx-001.cognitedata.com:443 "POST /api/v1/projects/bdx-dev/raw/dbs/db_databricks_everest_raw/tables/tb_MAST/rows?ensureParent=True HTTP/1.1" 200 6
2026-07-29 21:14:45.635 UTC [DEBUG   ] ThreadPoolExecutor-0_0 - HTTP/1.1 POST https://az-phx-001.cognitedata.com/api/v1/projects/bdx-dev/raw/dbs/db_databricks_everest_raw/tables/tb_MAST/rows?ensureParent=True 200
2026-07-29 21:14:46.120 UTC [DEBUG   ] ThreadPoolExecutor-0_3 - https://az-phx-001.cognitedata.com:443 "POST /api/v1/projects/bdx-dev/raw/dbs/db_databricks_everest_raw/tables/tb_MAST/rows?ensureParent=True HTTP/1.1" 200 6
2026-07-29 21:14:46.135 UTC [DEBUG   ] ThreadPoolExecutor-0_3 - HTTP/1.1 POST https://az-phx-001.cognitedata.com/api/v1/projects/bdx-dev/raw/dbs/db_databricks_everest_raw/tables/tb_MAST/rows?ensureParent=True 200
2026-07-29 21:14:46.135 UTC [DEBUG   ] ThreadPoolExecutor-0_1 - https://az-phx-001.cognitedata.com:443 "POST /api/v1/projects/bdx-dev/raw/dbs/db_databricks_everest_raw/tables/tb_MAST/rows?ensureParent=True HTTP/1.1" 200 6
2026-07-29 21:14:46.135 UTC [DEBUG   ] ThreadPoolExecutor-0_1 - HTTP/1.1 POST https://az-phx-001.cognitedata.com/api/v1/projects/bdx-dev/raw/dbs/db_databricks_everest_raw/tables/tb_MAST/rows?ensureParent=True 200
2026-07-29 21:14:47.214 UTC [DEBUG   ] ThreadPoolExecutor-0_2 - https://az-phx-001.cognitedata.com:443 "POST /api/v1/projects/bdx-dev/raw/dbs/db_databricks_everest_raw/tables/tb_PLKO/rows?ensureParent=True HTTP/1.1" 200 6
2026-07-29 21:14:47.214 UTC [DEBUG   ] ThreadPoolExecutor-0_2 - HTTP/1.1 POST https://az-phx-001.cognitedata.com/api/v1/projects/bdx-dev/raw/dbs/db_databricks_everest_raw/tables/tb_PLKO/rows?ensureParent=True 200
2026-07-29 21:14:47.276 UTC [DEBUG   ] ThreadPoolExecutor-0_0 - https://az-phx-001.cognitedata.com:443 "POST /api/v1/projects/bdx-dev/raw/dbs/db_databricks_everest_raw/tables/tb_STKO/rows?ensureParent=True HTTP/1.1" 200 6
2026-07-29 21:14:47.276 UTC [DEBUG   ] ThreadPoolExecutor-0_0 - HTTP/1.1 POST https://az-phx-001.cognitedata.com/api/v1/projects/bdx-dev/raw/dbs/db_databricks_everest_raw/tables/tb_STKO/rows?ensureParent=True 200
2026-07-29 21:14:47.276 UTC [INFO    ] QueryExecutor_2 - Uploaded 20010 raw rows
2026-07-29 21:14:47.918 UTC [INFO    ] QueryExecutor_2 - Connected to db-databricks-raw successfully
2026-07-29 21:14:47.918 UTC [INFO    ] QueryExecutor_2 - Starting extraction of extract-everest-STPO
2026-07-29 21:14:47.918 UTC [INFO    ] QueryExecutor_2 - Getting rows from odbc
2026-07-29 21:14:48.777 UTC [INFO    ] QueryExecutor_3 - Current_row_count for query extract-everest-PLFL: 70000
2026-07-29 21:14:49.245 UTC [INFO    ] QueryExecutor_1 - Current_row_count for query extract-everest-MAST: 60000
2026-07-29 21:14:49.277 UTC [INFO    ] QueryExecutor_2 - No more rows for extract-everest-STPO. 10 rows extracted in 1.36 seconds
2026-07-29 21:14:49.277 UTC [INFO    ] QueryExecutor_2 - Reporting new success run: No more rows for extract-everest-STPO. 10 rows extracted in 1.36 seconds
2026-07-29 21:14:49.308 UTC [DEBUG   ] ThreadPoolExecutor-0_1 - https://az-phx-001.cognitedata.com:443 "POST /api/v1/projects/bdx-dev/extpipes/runs HTTP/1.1" 200 205
2026-07-29 21:14:49.308 UTC [DEBUG   ] ThreadPoolExecutor-0_1 - HTTP/1.1 POST https://az-phx-001.cognitedata.com/api/v1/projects/bdx-dev/extpipes/runs 200
2026-07-29 21:14:49.699 UTC [DEBUG   ] ThreadPoolExecutor-0_2 - https://az-phx-001.cognitedata.com:443 "POST /api/v1/projects/bdx-dev/raw/dbs/db_databricks_everest_raw/tables/tb_PLFL/rows?ensureParent=True HTTP/1.1" 200 6
2026-07-29 21:14:49.699 UTC [DEBUG   ] ThreadPoolExecutor-0_2 - HTTP/1.1 POST https://az-phx-001.cognitedata.com/api/v1/projects/bdx-dev/raw/dbs/db_databricks_everest_raw/tables/tb_PLFL/rows?ensureParent=True 200
2026-07-29 21:14:50.527 UTC [DEBUG   ] ThreadPoolExecutor-0_0 - https://az-phx-001.cognitedata.com:443 "POST /api/v1/projects/bdx-dev/raw/dbs/db_databricks_everest_raw/tables/tb_MAST/rows?ensureParent=True HTTP/1.1" 200 6
2026-07-29 21:14:50.527 UTC [DEBUG   ] ThreadPoolExecutor-0_4 - https://az-phx-001.cognitedata.com:443 "POST /api/v1/projects/bdx-dev/raw/dbs/db_databricks_everest_raw/tables/tb_MAST/rows?ensureParent=True HTTP/1.1" 200 6
2026-07-29 21:14:50.527 UTC [DEBUG   ] ThreadPoolExecutor-0_0 - HTTP/1.1 POST https://az-phx-001.cognitedata.com/api/v1/projects/bdx-dev/raw/dbs/db_databricks_everest_raw/tables/tb_MAST/rows?ensureParent=True 200
2026-07-29 21:14:50.527 UTC [DEBUG   ] ThreadPoolExecutor-0_4 - HTTP/1.1 POST https://az-phx-001.cognitedata.com/api/v1/projects/bdx-dev/raw/dbs/db_databricks_everest_raw/tables/tb_MAST/rows?ensureParent=True 200
2026-07-29 21:14:51.449 UTC [DEBUG   ] ThreadPoolExecutor-0_3 - https://az-phx-001.cognitedata.com:443 "POST /api/v1/projects/bdx-dev/raw/dbs/db_databricks_everest_raw/tables/tb_PLKO/rows?ensureParent=True HTTP/1.1" 200 6
2026-07-29 21:14:51.449 UTC [DEBUG   ] ThreadPoolExecutor-0_3 - HTTP/1.1 POST https://az-phx-001.cognitedata.com/api/v1/projects/bdx-dev/raw/dbs/db_databricks_everest_raw/tables/tb_PLKO/rows?ensureParent=True 200
2026-07-29 21:14:51.512 UTC [DEBUG   ] ThreadPoolExecutor-0_1 - https://az-phx-001.cognitedata.com:443 "POST /api/v1/projects/bdx-dev/raw/dbs/db_databricks_everest_raw/tables/tb_STPO/rows?ensureParent=True HTTP/1.1" 200 6
2026-07-29 21:14:51.512 UTC [DEBUG   ] ThreadPoolExecutor-0_1 - HTTP/1.1 POST https://az-phx-001.cognitedata.com/api/v1/projects/bdx-dev/raw/dbs/db_databricks_everest_raw/tables/tb_STPO/rows?ensureParent=True 200
2026-07-29 21:14:51.512 UTC [INFO    ] QueryExecutor_2 - Uploaded 16010 raw rows
2026-07-29 21:14:52.325 UTC [INFO    ] QueryExecutor_2 - Connected to db-databricks-raw successfully
2026-07-29 21:14:52.325 UTC [INFO    ] QueryExecutor_2 - Starting extraction of extract-everest-STAS
2026-07-29 21:14:52.341 UTC [INFO    ] QueryExecutor_2 - Getting rows from odbc
2026-07-29 21:14:53.528 UTC [INFO    ] QueryExecutor_2 - No more rows for extract-everest-STAS. 10 rows extracted in 1.19 seconds
2026-07-29 21:14:53.528 UTC [INFO    ] QueryExecutor_2 - Reporting new success run: No more rows for extract-everest-STAS. 10 rows extracted in 1.19 seconds
2026-07-29 21:14:53.559 UTC [DEBUG   ] ThreadPoolExecutor-0_4 - https://az-phx-001.cognitedata.com:443 "POST /api/v1/projects/bdx-dev/extpipes/runs HTTP/1.1" 200 205
2026-07-29 21:14:53.559 UTC [DEBUG   ] ThreadPoolExecutor-0_4 - HTTP/1.1 POST https://az-phx-001.cognitedata.com/api/v1/projects/bdx-dev/extpipes/runs 200
2026-07-29 21:14:54.497 UTC [DEBUG   ] ThreadPoolExecutor-0_0 - https://az-phx-001.cognitedata.com:443 "POST /api/v1/projects/bdx-dev/raw/dbs/db_databricks_everest_raw/tables/tb_MAST/rows?ensureParent=True HTTP/1.1" 200 6
2026-07-29 21:14:54.497 UTC [DEBUG   ] ThreadPoolExecutor-0_3 - https://az-phx-001.cognitedata.com:443 "POST /api/v1/projects/bdx-dev/raw/dbs/db_databricks_everest_raw/tables/tb_MAST/rows?ensureParent=True HTTP/1.1" 200 6
2026-07-29 21:14:54.497 UTC [DEBUG   ] ThreadPoolExecutor-0_0 - HTTP/1.1 POST https://az-phx-001.cognitedata.com/api/v1/projects/bdx-dev/raw/dbs/db_databricks_everest_raw/tables/tb_MAST/rows?ensureParent=True 200
2026-07-29 21:14:54.497 UTC [DEBUG   ] ThreadPoolExecutor-0_3 - HTTP/1.1 POST https://az-phx-001.cognitedata.com/api/v1/projects/bdx-dev/raw/dbs/db_databricks_everest_raw/tables/tb_MAST/rows?ensureParent=True 200
2026-07-29 21:14:54.778 UTC [DEBUG   ] ThreadPoolExecutor-0_2 - https://az-phx-001.cognitedata.com:443 "POST /api/v1/projects/bdx-dev/raw/dbs/db_databricks_everest_raw/tables/tb_PLFL/rows?ensureParent=True HTTP/1.1" 200 6
2026-07-29 21:14:54.778 UTC [DEBUG   ] ThreadPoolExecutor-0_2 - HTTP/1.1 POST https://az-phx-001.cognitedata.com/api/v1/projects/bdx-dev/raw/dbs/db_databricks_everest_raw/tables/tb_PLFL/rows?ensureParent=True 200
2026-07-29 21:14:55.247 UTC [DEBUG   ] ThreadPoolExecutor-0_1 - https://az-phx-001.cognitedata.com:443 "POST /api/v1/projects/bdx-dev/raw/dbs/db_databricks_everest_raw/tables/tb_PLKO/rows?ensureParent=True HTTP/1.1" 200 6
2026-07-29 21:14:55.247 UTC [DEBUG   ] ThreadPoolExecutor-0_1 - HTTP/1.1 POST https://az-phx-001.cognitedata.com/api/v1/projects/bdx-dev/raw/dbs/db_databricks_everest_raw/tables/tb_PLKO/rows?ensureParent=True 200
2026-07-29 21:14:55.294 UTC [DEBUG   ] ThreadPoolExecutor-0_3 - https://az-phx-001.cognitedata.com:443 "POST /api/v1/projects/bdx-dev/raw/dbs/db_databricks_everest_raw/tables/tb_STAS/rows?ensureParent=True HTTP/1.1" 200 6
2026-07-29 21:14:55.294 UTC [DEBUG   ] ThreadPoolExecutor-0_3 - HTTP/1.1 POST https://az-phx-001.cognitedata.com/api/v1/projects/bdx-dev/raw/dbs/db_databricks_everest_raw/tables/tb_STAS/rows?ensureParent=True 200
2026-07-29 21:14:55.294 UTC [INFO    ] QueryExecutor_2 - Uploaded 16010 raw rows
2026-07-29 21:14:55.576 UTC [INFO    ] QueryExecutor_1 - Current_row_count for query extract-everest-MAST: 70000
2026-07-29 21:14:55.966 UTC [INFO    ] QueryExecutor_2 - Connected to db-databricks-raw successfully
2026-07-29 21:14:55.966 UTC [INFO    ] QueryExecutor_2 - Starting extraction of extract-everest-MARA
2026-07-29 21:14:55.966 UTC [INFO    ] QueryExecutor_2 - Getting rows from odbc
2026-07-29 21:14:56.654 UTC [INFO    ] QueryExecutor_3 - Current_row_count for query extract-everest-PLFL: 80000
2026-07-29 21:14:57.341 UTC [INFO    ] QueryExecutor_2 - No more rows for extract-everest-MARA. 10 rows extracted in 1.37 seconds
2026-07-29 21:14:57.341 UTC [INFO    ] QueryExecutor_2 - Reporting new success run: No more rows for extract-everest-MARA. 10 rows extracted in 1.37 seconds
2026-07-29 21:14:57.393 UTC [DEBUG   ] ThreadPoolExecutor-0_2 - https://az-phx-001.cognitedata.com:443 "POST /api/v1/projects/bdx-dev/extpipes/runs HTTP/1.1" 200 205
2026-07-29 21:14:57.394 UTC [DEBUG   ] ThreadPoolExecutor-0_2 - HTTP/1.1 POST https://az-phx-001.cognitedata.com/api/v1/projects/bdx-dev/extpipes/runs 200
2026-07-29 21:14:57.702 UTC [DEBUG   ] ThreadPoolExecutor-0_1 - https://az-phx-001.cognitedata.com:443 "POST /api/v1/projects/bdx-dev/raw/dbs/db_databricks_everest_raw/tables/tb_PLFL/rows?ensureParent=True HTTP/1.1" 200 6
2026-07-29 21:14:57.718 UTC [DEBUG   ] ThreadPoolExecutor-0_1 - HTTP/1.1 POST https://az-phx-001.cognitedata.com/api/v1/projects/bdx-dev/raw/dbs/db_databricks_everest_raw/tables/tb_PLFL/rows?ensureParent=True 200
2026-07-29 21:14:58.515 UTC [DEBUG   ] ThreadPoolExecutor-0_3 - https://az-phx-001.cognitedata.com:443 "POST /api/v1/projects/bdx-dev/raw/dbs/db_databricks_everest_raw/tables/tb_MAST/rows?ensureParent=True HTTP/1.1" 200 6
2026-07-29 21:14:58.515 UTC [DEBUG   ] ThreadPoolExecutor-0_3 - HTTP/1.1 POST https://az-phx-001.cognitedata.com/api/v1/projects/bdx-dev/raw/dbs/db_databricks_everest_raw/tables/tb_MAST/rows?ensureParent=True 200
2026-07-29 21:14:58.515 UTC [DEBUG   ] ThreadPoolExecutor-0_0 - https://az-phx-001.cognitedata.com:443 "POST /api/v1/projects/bdx-dev/raw/dbs/db_databricks_everest_raw/tables/tb_MAST/rows?ensureParent=True HTTP/1.1" 200 6
2026-07-29 21:14:58.515 UTC [DEBUG   ] ThreadPoolExecutor-0_0 - HTTP/1.1 POST https://az-phx-001.cognitedata.com/api/v1/projects/bdx-dev/raw/dbs/db_databricks_everest_raw/tables/tb_MAST/rows?ensureParent=True 200
2026-07-29 21:14:59.218 UTC [DEBUG   ] ThreadPoolExecutor-0_4 - https://az-phx-001.cognitedata.com:443 "POST /api/v1/projects/bdx-dev/raw/dbs/db_databricks_everest_raw/tables/tb_PLKO/rows?ensureParent=True HTTP/1.1" 200 6
2026-07-29 21:14:59.218 UTC [DEBUG   ] ThreadPoolExecutor-0_4 - HTTP/1.1 POST https://az-phx-001.cognitedata.com/api/v1/projects/bdx-dev/raw/dbs/db_databricks_everest_raw/tables/tb_PLKO/rows?ensureParent=True 200
2026-07-29 21:14:59.265 UTC [DEBUG   ] ThreadPoolExecutor-0_2 - https://az-phx-001.cognitedata.com:443 "POST /api/v1/projects/bdx-dev/raw/dbs/db_databricks_everest_raw/tables/tb_MARA/rows?ensureParent=True HTTP/1.1" 200 6
2026-07-29 21:14:59.265 UTC [DEBUG   ] ThreadPoolExecutor-0_2 - HTTP/1.1 POST https://az-phx-001.cognitedata.com/api/v1/projects/bdx-dev/raw/dbs/db_databricks_everest_raw/tables/tb_MARA/rows?ensureParent=True 200
2026-07-29 21:14:59.265 UTC [INFO    ] QueryExecutor_2 - Uploaded 16010 raw rows
2026-07-29 21:14:59.734 UTC [INFO    ] QueryExecutor_1 - Current_row_count for query extract-everest-MAST: 80000
2026-07-29 21:15:00.406 UTC [INFO    ] QueryExecutor_2 - Connected to db-databricks-raw successfully
2026-07-29 21:15:00.406 UTC [INFO    ] QueryExecutor_2 - Starting extraction of extract-everest-MAKT
2026-07-29 21:15:00.406 UTC [INFO    ] QueryExecutor_2 - Getting rows from odbc
2026-07-29 21:15:00.609 UTC [INFO    ] QueryExecutor_0 - Current_row_count for query extract-everest-PLKO: 40000
2026-07-29 21:15:01.250 UTC [INFO    ] QueryExecutor_2 - No more rows for extract-everest-MAKT. 10 rows extracted in 0.844 seconds
2026-07-29 21:15:01.250 UTC [INFO    ] QueryExecutor_2 - Reporting new success run: No more rows for extract-everest-MAKT. 10 rows extracted in 0.844 seconds
2026-07-29 21:15:01.297 UTC [DEBUG   ] ThreadPoolExecutor-0_0 - https://az-phx-001.cognitedata.com:443 "POST /api/v1/projects/bdx-dev/extpipes/runs HTTP/1.1" 200 206
2026-07-29 21:15:01.297 UTC [DEBUG   ] ThreadPoolExecutor-0_0 - HTTP/1.1 POST https://az-phx-001.cognitedata.com/api/v1/projects/bdx-dev/extpipes/runs 200
2026-07-29 21:15:02.140 UTC [DEBUG   ] ThreadPoolExecutor-0_4 - https://az-phx-001.cognitedata.com:443 "POST /api/v1/projects/bdx-dev/raw/dbs/db_databricks_everest_raw/tables/tb_MAST/rows?ensureParent=True HTTP/1.1" 200 6
2026-07-29 21:15:02.140 UTC [DEBUG   ] ThreadPoolExecutor-0_4 - HTTP/1.1 POST https://az-phx-001.cognitedata.com/api/v1/projects/bdx-dev/raw/dbs/db_databricks_everest_raw/tables/tb_MAST/rows?ensureParent=True 200
2026-07-29 21:15:02.338 UTC [DEBUG   ] ThreadPoolExecutor-0_3 - https://az-phx-001.cognitedata.com:443 "POST /api/v1/projects/bdx-dev/raw/dbs/db_databricks_everest_raw/tables/tb_MAST/rows?ensureParent=True HTTP/1.1" 200 6
2026-07-29 21:15:02.338 UTC [DEBUG   ] ThreadPoolExecutor-0_3 - HTTP/1.1 POST https://az-phx-001.cognitedata.com/api/v1/projects/bdx-dev/raw/dbs/db_databricks_everest_raw/tables/tb_MAST/rows?ensureParent=True 200
2026-07-29 21:15:02.619 UTC [DEBUG   ] ThreadPoolExecutor-0_1 - https://az-phx-001.cognitedata.com:443 "POST /api/v1/projects/bdx-dev/raw/dbs/db_databricks_everest_raw/tables/tb_PLFL/rows?ensureParent=True HTTP/1.1" 200 6
2026-07-29 21:15:02.619 UTC [DEBUG   ] ThreadPoolExecutor-0_1 - HTTP/1.1 POST https://az-phx-001.cognitedata.com/api/v1/projects/bdx-dev/raw/dbs/db_databricks_everest_raw/tables/tb_PLFL/rows?ensureParent=True 200
2026-07-29 21:15:03.436 UTC [DEBUG   ] ThreadPoolExecutor-0_2 - https://az-phx-001.cognitedata.com:443 "POST /api/v1/projects/bdx-dev/raw/dbs/db_databricks_everest_raw/tables/tb_PLKO/rows?ensureParent=True HTTP/1.1" 200 6
2026-07-29 21:15:03.436 UTC [DEBUG   ] ThreadPoolExecutor-0_2 - HTTP/1.1 POST https://az-phx-001.cognitedata.com/api/v1/projects/bdx-dev/raw/dbs/db_databricks_everest_raw/tables/tb_PLKO/rows?ensureParent=True 200
2026-07-29 21:15:03.468 UTC [DEBUG   ] ThreadPoolExecutor-0_3 - https://az-phx-001.cognitedata.com:443 "POST /api/v1/projects/bdx-dev/raw/dbs/db_databricks_everest_raw/tables/tb_MAKT/rows?ensureParent=True HTTP/1.1" 200 6
2026-07-29 21:15:03.468 UTC [DEBUG   ] ThreadPoolExecutor-0_3 - HTTP/1.1 POST https://az-phx-001.cognitedata.com/api/v1/projects/bdx-dev/raw/dbs/db_databricks_everest_raw/tables/tb_MAKT/rows?ensureParent=True 200
2026-07-29 21:15:03.468 UTC [INFO    ] QueryExecutor_2 - Uploaded 16010 raw rows
2026-07-29 21:15:04.141 UTC [INFO    ] QueryExecutor_1 - Current_row_count for query extract-everest-MAST: 90000
2026-07-29 21:15:04.812 UTC [INFO    ] QueryExecutor_2 - Connected to db-databricks-raw successfully
2026-07-29 21:15:04.812 UTC [INFO    ] QueryExecutor_2 - Starting extraction of extract-everest-MARC
2026-07-29 21:15:04.812 UTC [INFO    ] QueryExecutor_2 - Getting rows from odbc
2026-07-29 21:15:04.984 UTC [INFO    ] QueryExecutor_3 - Current_row_count for query extract-everest-PLFL: 90000
2026-07-29 21:15:06.312 UTC [INFO    ] QueryExecutor_2 - No more rows for extract-everest-MARC. 10 rows extracted in 1.5 seconds
2026-07-29 21:15:06.312 UTC [INFO    ] QueryExecutor_2 - Reporting new success run: No more rows for extract-everest-MARC. 10 rows extracted in 1.5 seconds
2026-07-29 21:15:06.344 UTC [INFO    ] QueryExecutor_1 - Current_row_count for query extract-everest-MAST: 100000
2026-07-29 21:15:06.344 UTC [DEBUG   ] ThreadPoolExecutor-0_1 - https://az-phx-001.cognitedata.com:443 "POST /api/v1/projects/bdx-dev/extpipes/runs HTTP/1.1" 200 204
2026-07-29 21:15:06.344 UTC [DEBUG   ] ThreadPoolExecutor-0_1 - HTTP/1.1 POST https://az-phx-001.cognitedata.com/api/v1/projects/bdx-dev/extpipes/runs 200
2026-07-29 21:15:07.344 UTC [DEBUG   ] ThreadPoolExecutor-0_2 - https://az-phx-001.cognitedata.com:443 "POST /api/v1/projects/bdx-dev/raw/dbs/db_databricks_everest_raw/tables/tb_MAST/rows?ensureParent=True HTTP/1.1" 200 6
2026-07-29 21:15:07.344 UTC [DEBUG   ] ThreadPoolExecutor-0_2 - HTTP/1.1 POST https://az-phx-001.cognitedata.com/api/v1/projects/bdx-dev/raw/dbs/db_databricks_everest_raw/tables/tb_MAST/rows?ensureParent=True 200
2026-07-29 21:15:07.500 UTC [DEBUG   ] ThreadPoolExecutor-0_3 - https://az-phx-001.cognitedata.com:443 "POST /api/v1/projects/bdx-dev/raw/dbs/db_databricks_everest_raw/tables/tb_MAST/rows?ensureParent=True HTTP/1.1" 200 6
2026-07-29 21:15:07.500 UTC [DEBUG   ] ThreadPoolExecutor-0_3 - HTTP/1.1 POST https://az-phx-001.cognitedata.com/api/v1/projects/bdx-dev/raw/dbs/db_databricks_everest_raw/tables/tb_MAST/rows?ensureParent=True 200
2026-07-29 21:15:07.562 UTC [DEBUG   ] ThreadPoolExecutor-0_0 - https://az-phx-001.cognitedata.com:443 "POST /api/v1/projects/bdx-dev/raw/dbs/db_databricks_everest_raw/tables/tb_MAST/rows?ensureParent=True HTTP/1.1" 200 6
2026-07-29 21:15:07.562 UTC [DEBUG   ] ThreadPoolExecutor-0_0 - HTTP/1.1 POST https://az-phx-001.cognitedata.com/api/v1/projects/bdx-dev/raw/dbs/db_databricks_everest_raw/tables/tb_MAST/rows?ensureParent=True 200
2026-07-29 21:15:07.750 UTC [DEBUG   ] ThreadPoolExecutor-0_4 - https://az-phx-001.cognitedata.com:443 "POST /api/v1/projects/bdx-dev/raw/dbs/db_databricks_everest_raw/tables/tb_PLFL/rows?ensureParent=True HTTP/1.1" 200 6
2026-07-29 21:15:07.750 UTC [DEBUG   ] ThreadPoolExecutor-0_4 - HTTP/1.1 POST https://az-phx-001.cognitedata.com/api/v1/projects/bdx-dev/raw/dbs/db_databricks_everest_raw/tables/tb_PLFL/rows?ensureParent=True 200
2026-07-29 21:15:07.875 UTC [DEBUG   ] ThreadPoolExecutor-0_1 - https://az-phx-001.cognitedata.com:443 "POST /api/v1/projects/bdx-dev/raw/dbs/db_databricks_everest_raw/tables/tb_PLFL/rows?ensureParent=True HTTP/1.1" 200 6
2026-07-29 21:15:07.875 UTC [DEBUG   ] ThreadPoolExecutor-0_1 - HTTP/1.1 POST https://az-phx-001.cognitedata.com/api/v1/projects/bdx-dev/raw/dbs/db_databricks_everest_raw/tables/tb_PLFL/rows?ensureParent=True 200
2026-07-29 21:15:08.937 UTC [DEBUG   ] ThreadPoolExecutor-0_3 - https://az-phx-001.cognitedata.com:443 "POST /api/v1/projects/bdx-dev/raw/dbs/db_databricks_everest_raw/tables/tb_PLKO/rows?ensureParent=True HTTP/1.1" 200 6
2026-07-29 21:15:08.937 UTC [DEBUG   ] ThreadPoolExecutor-0_3 - HTTP/1.1 POST https://az-phx-001.cognitedata.com/api/v1/projects/bdx-dev/raw/dbs/db_databricks_everest_raw/tables/tb_PLKO/rows?ensureParent=True 200
2026-07-29 21:15:08.984 UTC [DEBUG   ] ThreadPoolExecutor-0_2 - https://az-phx-001.cognitedata.com:443 "POST /api/v1/projects/bdx-dev/raw/dbs/db_databricks_everest_raw/tables/tb_MARC/rows?ensureParent=True HTTP/1.1" 200 6
2026-07-29 21:15:08.984 UTC [DEBUG   ] ThreadPoolExecutor-0_2 - HTTP/1.1 POST https://az-phx-001.cognitedata.com/api/v1/projects/bdx-dev/raw/dbs/db_databricks_everest_raw/tables/tb_MARC/rows?ensureParent=True 200
2026-07-29 21:15:08.984 UTC [INFO    ] QueryExecutor_2 - Uploaded 23010 raw rows
2026-07-29 21:15:10.250 UTC [INFO    ] QueryExecutor_2 - Connected to db-databricks-raw successfully
2026-07-29 21:15:10.250 UTC [INFO    ] QueryExecutor_2 - Starting extraction of extract-everest-MARD
2026-07-29 21:15:10.250 UTC [INFO    ] QueryExecutor_2 - Getting rows from odbc
2026-07-29 21:15:11.078 UTC [INFO    ] QueryExecutor_1 - Current_row_count for query extract-everest-MAST: 110000
2026-07-29 21:15:11.656 UTC [INFO    ] QueryExecutor_3 - Current_row_count for query extract-everest-PLFL: 100000
2026-07-29 21:15:11.859 UTC [INFO    ] QueryExecutor_2 - No more rows for extract-everest-MARD. 10 rows extracted in 1.61 seconds
2026-07-29 21:15:11.859 UTC [INFO    ] QueryExecutor_2 - Reporting new success run: No more rows for extract-everest-MARD. 10 rows extracted in 1.61 seconds
2026-07-29 21:15:11.890 UTC [DEBUG   ] ThreadPoolExecutor-0_1 - https://az-phx-001.cognitedata.com:443 "POST /api/v1/projects/bdx-dev/extpipes/runs HTTP/1.1" 200 205
2026-07-29 21:15:11.890 UTC [DEBUG   ] ThreadPoolExecutor-0_1 - HTTP/1.1 POST https://az-phx-001.cognitedata.com/api/v1/projects/bdx-dev/extpipes/runs 200
2026-07-29 21:15:12.109 UTC [DEBUG   ] ThreadPoolExecutor-0_4 - https://az-phx-001.cognitedata.com:443 "POST /api/v1/projects/bdx-dev/raw/dbs/db_databricks_everest_raw/tables/tb_PLFL/rows?ensureParent=True HTTP/1.1" 200 6
2026-07-29 21:15:12.109 UTC [DEBUG   ] ThreadPoolExecutor-0_4 - HTTP/1.1 POST https://az-phx-001.cognitedata.com/api/v1/projects/bdx-dev/raw/dbs/db_databricks_everest_raw/tables/tb_PLFL/rows?ensureParent=True 200
2026-07-29 21:15:12.218 UTC [DEBUG   ] ThreadPoolExecutor-0_3 - https://az-phx-001.cognitedata.com:443 "POST /api/v1/projects/bdx-dev/raw/dbs/db_databricks_everest_raw/tables/tb_PLFL/rows?ensureParent=True HTTP/1.1" 200 6
2026-07-29 21:15:12.218 UTC [DEBUG   ] ThreadPoolExecutor-0_3 - HTTP/1.1 POST https://az-phx-001.cognitedata.com/api/v1/projects/bdx-dev/raw/dbs/db_databricks_everest_raw/tables/tb_PLFL/rows?ensureParent=True 200
2026-07-29 21:15:13.343 UTC [DEBUG   ] ThreadPoolExecutor-0_1 - https://az-phx-001.cognitedata.com:443 "POST /api/v1/projects/bdx-dev/raw/dbs/db_databricks_everest_raw/tables/tb_MAST/rows?ensureParent=True HTTP/1.1" 200 6
2026-07-29 21:15:13.343 UTC [DEBUG   ] ThreadPoolExecutor-0_1 - HTTP/1.1 POST https://az-phx-001.cognitedata.com/api/v1/projects/bdx-dev/raw/dbs/db_databricks_everest_raw/tables/tb_MAST/rows?ensureParent=True 200
2026-07-29 21:15:13.468 UTC [DEBUG   ] ThreadPoolExecutor-0_2 - https://az-phx-001.cognitedata.com:443 "POST /api/v1/projects/bdx-dev/raw/dbs/db_databricks_everest_raw/tables/tb_MAST/rows?ensureParent=True HTTP/1.1" 200 6
2026-07-29 21:15:13.468 UTC [DEBUG   ] ThreadPoolExecutor-0_2 - HTTP/1.1 POST https://az-phx-001.cognitedata.com/api/v1/projects/bdx-dev/raw/dbs/db_databricks_everest_raw/tables/tb_MAST/rows?ensureParent=True 200
2026-07-29 21:15:13.562 UTC [DEBUG   ] ThreadPoolExecutor-0_0 - https://az-phx-001.cognitedata.com:443 "POST /api/v1/projects/bdx-dev/raw/dbs/db_databricks_everest_raw/tables/tb_MAST/rows?ensureParent=True HTTP/1.1" 200 6
2026-07-29 21:15:13.578 UTC [DEBUG   ] ThreadPoolExecutor-0_0 - HTTP/1.1 POST https://az-phx-001.cognitedata.com/api/v1/projects/bdx-dev/raw/dbs/db_databricks_everest_raw/tables/tb_MAST/rows?ensureParent=True 200
2026-07-29 21:15:14.773 UTC [DEBUG   ] ThreadPoolExecutor-0_3 - https://az-phx-001.cognitedata.com:443 "POST /api/v1/projects/bdx-dev/raw/dbs/db_databricks_everest_raw/tables/tb_PLKO/rows?ensureParent=True HTTP/1.1" 200 6
2026-07-29 21:15:14.773 UTC [DEBUG   ] ThreadPoolExecutor-0_3 - HTTP/1.1 POST https://az-phx-001.cognitedata.com/api/v1/projects/bdx-dev/raw/dbs/db_databricks_everest_raw/tables/tb_PLKO/rows?ensureParent=True 200
2026-07-29 21:15:14.836 UTC [DEBUG   ] ThreadPoolExecutor-0_1 - https://az-phx-001.cognitedata.com:443 "POST /api/v1/projects/bdx-dev/raw/dbs/db_databricks_everest_raw/tables/tb_MARD/rows?ensureParent=True HTTP/1.1" 200 6
2026-07-29 21:15:14.840 UTC [DEBUG   ] ThreadPoolExecutor-0_1 - HTTP/1.1 POST https://az-phx-001.cognitedata.com/api/v1/projects/bdx-dev/raw/dbs/db_databricks_everest_raw/tables/tb_MARD/rows?ensureParent=True 200
2026-07-29 21:15:14.841 UTC [INFO    ] QueryExecutor_2 - Uploaded 23010 raw rows
2026-07-29 21:15:15.723 UTC [INFO    ] QueryExecutor_2 - Connected to db-databricks-raw successfully
2026-07-29 21:15:15.723 UTC [INFO    ] QueryExecutor_2 - Starting extraction of extract-everest-MARM
2026-07-29 21:15:15.725 UTC [INFO    ] QueryExecutor_2 - Getting rows from odbc
2026-07-29 21:15:16.363 UTC [INFO    ] QueryExecutor_1 - Current_row_count for query extract-everest-MAST: 120000
2026-07-29 21:15:16.715 UTC [INFO    ] QueryExecutor_2 - No more rows for extract-everest-MARM. 10 rows extracted in 0.991 seconds
2026-07-29 21:15:16.716 UTC [INFO    ] QueryExecutor_2 - Reporting new success run: No more rows for extract-everest-MARM. 10 rows extracted in 0.991 seconds
2026-07-29 21:15:16.781 UTC [DEBUG   ] ThreadPoolExecutor-0_0 - https://az-phx-001.cognitedata.com:443 "POST /api/v1/projects/bdx-dev/extpipes/runs HTTP/1.1" 200 206
2026-07-29 21:15:16.782 UTC [DEBUG   ] ThreadPoolExecutor-0_0 - HTTP/1.1 POST https://az-phx-001.cognitedata.com/api/v1/projects/bdx-dev/extpipes/runs 200
2026-07-29 21:15:17.661 UTC [DEBUG   ] ThreadPoolExecutor-0_3 - https://az-phx-001.cognitedata.com:443 "POST /api/v1/projects/bdx-dev/raw/dbs/db_databricks_everest_raw/tables/tb_MAST/rows?ensureParent=True HTTP/1.1" 200 6
2026-07-29 21:15:17.661 UTC [DEBUG   ] ThreadPoolExecutor-0_3 - HTTP/1.1 POST https://az-phx-001.cognitedata.com/api/v1/projects/bdx-dev/raw/dbs/db_databricks_everest_raw/tables/tb_MAST/rows?ensureParent=True 200
2026-07-29 21:15:17.895 UTC [DEBUG   ] ThreadPoolExecutor-0_2 - https://az-phx-001.cognitedata.com:443 "POST /api/v1/projects/bdx-dev/raw/dbs/db_databricks_everest_raw/tables/tb_MAST/rows?ensureParent=True HTTP/1.1" 200 6
2026-07-29 21:15:17.895 UTC [DEBUG   ] ThreadPoolExecutor-0_2 - HTTP/1.1 POST https://az-phx-001.cognitedata.com/api/v1/projects/bdx-dev/raw/dbs/db_databricks_everest_raw/tables/tb_MAST/rows?ensureParent=True 200
2026-07-29 21:15:18.643 UTC [DEBUG   ] ThreadPoolExecutor-0_4 - https://az-phx-001.cognitedata.com:443 "POST /api/v1/projects/bdx-dev/raw/dbs/db_databricks_everest_raw/tables/tb_PLKO/rows?ensureParent=True HTTP/1.1" 200 6
2026-07-29 21:15:18.643 UTC [DEBUG   ] ThreadPoolExecutor-0_4 - HTTP/1.1 POST https://az-phx-001.cognitedata.com/api/v1/projects/bdx-dev/raw/dbs/db_databricks_everest_raw/tables/tb_PLKO/rows?ensureParent=True 200
2026-07-29 21:15:18.944 UTC [DEBUG   ] ThreadPoolExecutor-0_1 - https://az-phx-001.cognitedata.com:443 "POST /api/v1/projects/bdx-dev/raw/dbs/db_databricks_everest_raw/tables/tb_PLFL/rows?ensureParent=True HTTP/1.1" 200 6
2026-07-29 21:15:18.960 UTC [DEBUG   ] ThreadPoolExecutor-0_1 - HTTP/1.1 POST https://az-phx-001.cognitedata.com/api/v1/projects/bdx-dev/raw/dbs/db_databricks_everest_raw/tables/tb_PLFL/rows?ensureParent=True 200
2026-07-29 21:15:18.991 UTC [DEBUG   ] ThreadPoolExecutor-0_2 - https://az-phx-001.cognitedata.com:443 "POST /api/v1/projects/bdx-dev/raw/dbs/db_databricks_everest_raw/tables/tb_MARM/rows?ensureParent=True HTTP/1.1" 200 6
2026-07-29 21:15:18.991 UTC [DEBUG   ] ThreadPoolExecutor-0_2 - HTTP/1.1 POST https://az-phx-001.cognitedata.com/api/v1/projects/bdx-dev/raw/dbs/db_databricks_everest_raw/tables/tb_MARM/rows?ensureParent=True 200
2026-07-29 21:15:19.007 UTC [INFO    ] QueryExecutor_2 - Uploaded 16010 raw rows
2026-07-29 21:15:20.135 UTC [INFO    ] QueryExecutor_2 - Connected to db-databricks-raw successfully
2026-07-29 21:15:20.135 UTC [INFO    ] QueryExecutor_2 - Starting extraction of extract-everest-MBEW
2026-07-29 21:15:20.137 UTC [INFO    ] QueryExecutor_2 - Getting rows from odbc
2026-07-29 21:15:20.264 UTC [INFO    ] QueryExecutor_0 - Current_row_count for query extract-everest-PLKO: 50000
2026-07-29 21:15:20.783 UTC [INFO    ] QueryExecutor_1 - Current_row_count for query extract-everest-MAST: 130000
2026-07-29 21:15:20.830 UTC [INFO    ] QueryExecutor_3 - Current_row_count for query extract-everest-PLFL: 110000
2026-07-29 21:15:21.413 UTC [INFO    ] QueryExecutor_2 - No more rows for extract-everest-MBEW. 10 rows extracted in 1.28 seconds
2026-07-29 21:15:21.414 UTC [INFO    ] QueryExecutor_2 - Reporting new success run: No more rows for extract-everest-MBEW. 10 rows extracted in 1.28 seconds
2026-07-29 21:15:21.446 UTC [DEBUG   ] ThreadPoolExecutor-0_4 - https://az-phx-001.cognitedata.com:443 "POST /api/v1/projects/bdx-dev/extpipes/runs HTTP/1.1" 200 205
2026-07-29 21:15:21.447 UTC [DEBUG   ] ThreadPoolExecutor-0_4 - HTTP/1.1 POST https://az-phx-001.cognitedata.com/api/v1/projects/bdx-dev/extpipes/runs 200
2026-07-29 21:15:22.886 UTC [DEBUG   ] ThreadPoolExecutor-0_0 - https://az-phx-001.cognitedata.com:443 "POST /api/v1/projects/bdx-dev/raw/dbs/db_databricks_everest_raw/tables/tb_MAST/rows?ensureParent=True HTTP/1.1" 200 6
2026-07-29 21:15:22.887 UTC [DEBUG   ] ThreadPoolExecutor-0_0 - HTTP/1.1 POST https://az-phx-001.cognitedata.com/api/v1/projects/bdx-dev/raw/dbs/db_databricks_everest_raw/tables/tb_MAST/rows?ensureParent=True 200
2026-07-29 21:15:22.908 UTC [DEBUG   ] ThreadPoolExecutor-0_1 - https://az-phx-001.cognitedata.com:443 "POST /api/v1/projects/bdx-dev/raw/dbs/db_databricks_everest_raw/tables/tb_MAST/rows?ensureParent=True HTTP/1.1" 200 6
2026-07-29 21:15:22.908 UTC [DEBUG   ] ThreadPoolExecutor-0_1 - HTTP/1.1 POST https://az-phx-001.cognitedata.com/api/v1/projects/bdx-dev/raw/dbs/db_databricks_everest_raw/tables/tb_MAST/rows?ensureParent=True 200
2026-07-29 21:15:24.151 UTC [DEBUG   ] ThreadPoolExecutor-0_3 - https://az-phx-001.cognitedata.com:443 "POST /api/v1/projects/bdx-dev/raw/dbs/db_databricks_everest_raw/tables/tb_PLKO/rows?ensureParent=True HTTP/1.1" 200 6
2026-07-29 21:15:24.151 UTC [DEBUG   ] ThreadPoolExecutor-0_3 - HTTP/1.1 POST https://az-phx-001.cognitedata.com/api/v1/projects/bdx-dev/raw/dbs/db_databricks_everest_raw/tables/tb_PLKO/rows?ensureParent=True 200
2026-07-29 21:15:24.301 UTC [DEBUG   ] ThreadPoolExecutor-0_0 - https://az-phx-001.cognitedata.com:443 "POST /api/v1/projects/bdx-dev/raw/dbs/db_databricks_everest_raw/tables/tb_PLFL/rows?ensureParent=True HTTP/1.1" 200 6
2026-07-29 21:15:24.301 UTC [DEBUG   ] ThreadPoolExecutor-0_0 - HTTP/1.1 POST https://az-phx-001.cognitedata.com/api/v1/projects/bdx-dev/raw/dbs/db_databricks_everest_raw/tables/tb_PLFL/rows?ensureParent=True 200
2026-07-29 21:15:24.492 UTC [DEBUG   ] ThreadPoolExecutor-0_2 - https://az-phx-001.cognitedata.com:443 "POST /api/v1/projects/bdx-dev/raw/dbs/db_databricks_everest_raw/tables/tb_PLFL/rows?ensureParent=True HTTP/1.1" 200 6
2026-07-29 21:15:24.492 UTC [DEBUG   ] ThreadPoolExecutor-0_2 - HTTP/1.1 POST https://az-phx-001.cognitedata.com/api/v1/projects/bdx-dev/raw/dbs/db_databricks_everest_raw/tables/tb_PLFL/rows?ensureParent=True 200
2026-07-29 21:15:24.539 UTC [DEBUG   ] ThreadPoolExecutor-0_4 - https://az-phx-001.cognitedata.com:443 "POST /api/v1/projects/bdx-dev/raw/dbs/db_databricks_everest_raw/tables/tb_MBEW/rows?ensureParent=True HTTP/1.1" 200 6
2026-07-29 21:15:24.539 UTC [DEBUG   ] ThreadPoolExecutor-0_4 - HTTP/1.1 POST https://az-phx-001.cognitedata.com/api/v1/projects/bdx-dev/raw/dbs/db_databricks_everest_raw/tables/tb_MBEW/rows?ensureParent=True 200
2026-07-29 21:15:24.539 UTC [INFO    ] QueryExecutor_2 - Uploaded 19010 raw rows
2026-07-29 21:15:25.533 UTC [INFO    ] QueryExecutor_2 - Connected to db-databricks-raw successfully
2026-07-29 21:15:25.533 UTC [INFO    ] QueryExecutor_2 - Starting extraction of extract-everest-MKAL
2026-07-29 21:15:25.535 UTC [INFO    ] QueryExecutor_2 - Getting rows from odbc
2026-07-29 21:15:26.308 UTC [INFO    ] QueryExecutor_1 - Current_row_count for query extract-everest-MAST: 140000
2026-07-29 21:15:28.477 UTC [INFO    ] QueryExecutor_3 - Current_row_count for query extract-everest-PLFL: 120000
2026-07-29 21:15:29.635 UTC [INFO    ] QueryExecutor_1 - Current_row_count for query extract-everest-MAST: 150000
2026-07-29 21:15:32.586 UTC [INFO    ] QueryExecutor_0 - Upload queue reached threshold size 50000/50000, triggering upload
2026-07-29 21:15:32.877 UTC [DEBUG   ] ThreadPoolExecutor-0_1 - Resetting dropped connection: az-phx-001.cognitedata.com
2026-07-29 21:15:34.293 UTC [DEBUG   ] ThreadPoolExecutor-0_1 - https://az-phx-001.cognitedata.com:443 "POST /api/v1/projects/bdx-dev/raw/dbs/db_databricks_everest_raw/tables/tb_MAST/rows?ensureParent=True HTTP/1.1" 200 6
2026-07-29 21:15:34.293 UTC [DEBUG   ] ThreadPoolExecutor-0_1 - HTTP/1.1 POST https://az-phx-001.cognitedata.com/api/v1/projects/bdx-dev/raw/dbs/db_databricks_everest_raw/tables/tb_MAST/rows?ensureParent=True 200
2026-07-29 21:15:34.308 UTC [DEBUG   ] ThreadPoolExecutor-0_0 - https://az-phx-001.cognitedata.com:443 "POST /api/v1/projects/bdx-dev/raw/dbs/db_databricks_everest_raw/tables/tb_MAST/rows?ensureParent=True HTTP/1.1" 200 6
2026-07-29 21:15:34.308 UTC [DEBUG   ] ThreadPoolExecutor-0_0 - HTTP/1.1 POST https://az-phx-001.cognitedata.com/api/v1/projects/bdx-dev/raw/dbs/db_databricks_everest_raw/tables/tb_MAST/rows?ensureParent=True 200
2026-07-29 21:15:34.480 UTC [DEBUG   ] ThreadPoolExecutor-0_2 - https://az-phx-001.cognitedata.com:443 "POST /api/v1/projects/bdx-dev/raw/dbs/db_databricks_everest_raw/tables/tb_MAST/rows?ensureParent=True HTTP/1.1" 200 6
2026-07-29 21:15:34.480 UTC [DEBUG   ] ThreadPoolExecutor-0_2 - HTTP/1.1 POST https://az-phx-001.cognitedata.com/api/v1/projects/bdx-dev/raw/dbs/db_databricks_everest_raw/tables/tb_MAST/rows?ensureParent=True 200
2026-07-29 21:15:34.821 UTC [DEBUG   ] ThreadPoolExecutor-0_3 - https://az-phx-001.cognitedata.com:443 "POST /api/v1/projects/bdx-dev/raw/dbs/db_databricks_everest_raw/tables/tb_MAST/rows?ensureParent=True HTTP/1.1" 200 6
2026-07-29 21:15:34.837 UTC [DEBUG   ] ThreadPoolExecutor-0_3 - HTTP/1.1 POST https://az-phx-001.cognitedata.com/api/v1/projects/bdx-dev/raw/dbs/db_databricks_everest_raw/tables/tb_MAST/rows?ensureParent=True 200
2026-07-29 21:15:34.853 UTC [DEBUG   ] ThreadPoolExecutor-0_4 - https://az-phx-001.cognitedata.com:443 "POST /api/v1/projects/bdx-dev/raw/dbs/db_databricks_everest_raw/tables/tb_MAST/rows?ensureParent=True HTTP/1.1" 200 6
2026-07-29 21:15:34.853 UTC [DEBUG   ] ThreadPoolExecutor-0_4 - HTTP/1.1 POST https://az-phx-001.cognitedata.com/api/v1/projects/bdx-dev/raw/dbs/db_databricks_everest_raw/tables/tb_MAST/rows?ensureParent=True 200
2026-07-29 21:15:35.313 UTC [DEBUG   ] ThreadPoolExecutor-0_1 - https://az-phx-001.cognitedata.com:443 "POST /api/v1/projects/bdx-dev/raw/dbs/db_databricks_everest_raw/tables/tb_PLFL/rows?ensureParent=True HTTP/1.1" 200 6
2026-07-29 21:15:35.313 UTC [DEBUG   ] ThreadPoolExecutor-0_1 - HTTP/1.1 POST https://az-phx-001.cognitedata.com/api/v1/projects/bdx-dev/raw/dbs/db_databricks_everest_raw/tables/tb_PLFL/rows?ensureParent=True 200
2026-07-29 21:15:35.369 UTC [DEBUG   ] ThreadPoolExecutor-0_0 - https://az-phx-001.cognitedata.com:443 "POST /api/v1/projects/bdx-dev/raw/dbs/db_databricks_everest_raw/tables/tb_PLFL/rows?ensureParent=True HTTP/1.1" 200 6
2026-07-29 21:15:35.369 UTC [DEBUG   ] ThreadPoolExecutor-0_2 - https://az-phx-001.cognitedata.com:443 "POST /api/v1/projects/bdx-dev/raw/dbs/db_databricks_everest_raw/tables/tb_PLFL/rows?ensureParent=True HTTP/1.1" 200 6
2026-07-29 21:15:35.370 UTC [DEBUG   ] ThreadPoolExecutor-0_0 - HTTP/1.1 POST https://az-phx-001.cognitedata.com/api/v1/projects/bdx-dev/raw/dbs/db_databricks_everest_raw/tables/tb_PLFL/rows?ensureParent=True 200
2026-07-29 21:15:35.371 UTC [DEBUG   ] ThreadPoolExecutor-0_2 - HTTP/1.1 POST https://az-phx-001.cognitedata.com/api/v1/projects/bdx-dev/raw/dbs/db_databricks_everest_raw/tables/tb_PLFL/rows?ensureParent=True 200
2026-07-29 21:15:35.859 UTC [DEBUG   ] ThreadPoolExecutor-0_3 - https://az-phx-001.cognitedata.com:443 "POST /api/v1/projects/bdx-dev/raw/dbs/db_databricks_everest_raw/tables/tb_PLKO/rows?ensureParent=True HTTP/1.1" 200 6
2026-07-29 21:15:35.859 UTC [DEBUG   ] ThreadPoolExecutor-0_3 - HTTP/1.1 POST https://az-phx-001.cognitedata.com/api/v1/projects/bdx-dev/raw/dbs/db_databricks_everest_raw/tables/tb_PLKO/rows?ensureParent=True 200
2026-07-29 21:15:36.908 UTC [DEBUG   ] ThreadPoolExecutor-0_4 - https://az-phx-001.cognitedata.com:443 "POST /api/v1/projects/bdx-dev/raw/dbs/db_databricks_everest_raw/tables/tb_PLKO/rows?ensureParent=True HTTP/1.1" 200 6
2026-07-29 21:15:36.908 UTC [DEBUG   ] ThreadPoolExecutor-0_4 - HTTP/1.1 POST https://az-phx-001.cognitedata.com/api/v1/projects/bdx-dev/raw/dbs/db_databricks_everest_raw/tables/tb_PLKO/rows?ensureParent=True 200
2026-07-29 21:15:37.441 UTC [DEBUG   ] ThreadPoolExecutor-0_0 - https://az-phx-001.cognitedata.com:443 "POST /api/v1/projects/bdx-dev/raw/dbs/db_databricks_everest_raw/tables/tb_MKAL/rows?ensureParent=True HTTP/1.1" 200 6
2026-07-29 21:15:37.441 UTC [DEBUG   ] ThreadPoolExecutor-0_0 - HTTP/1.1 POST https://az-phx-001.cognitedata.com/api/v1/projects/bdx-dev/raw/dbs/db_databricks_everest_raw/tables/tb_MKAL/rows?ensureParent=True 200
2026-07-29 21:15:37.457 UTC [INFO    ] QueryExecutor_0 - Uploaded 50000 raw rows
2026-07-29 21:15:38.478 UTC [INFO    ] QueryExecutor_1 - Current_row_count for query extract-everest-MAST: 160000
2026-07-29 21:15:40.244 UTC [INFO    ] QueryExecutor_3 - Current_row_count for query extract-everest-PLFL: 130000
2026-07-29 21:15:41.203 UTC [INFO    ] QueryExecutor_2 - Current_row_count for query extract-everest-MKAL: 10000
2026-07-29 21:15:42.239 UTC [INFO    ] QueryExecutor_1 - Current_row_count for query extract-everest-MAST: 170000
2026-07-29 21:15:42.365 UTC [INFO    ] QueryExecutor_0 - Current_row_count for query extract-everest-PLKO: 60000
2026-07-29 21:15:46.092 UTC [INFO    ] QueryExecutor_1 - Current_row_count for query extract-everest-MAST: 180000
2026-07-29 21:15:46.092 UTC [INFO    ] QueryExecutor_1 - Upload queue reached threshold size 50000/50000, triggering upload
2026-07-29 21:15:46.544 UTC [DEBUG   ] ThreadPoolExecutor-0_4 - https://az-phx-001.cognitedata.com:443 "POST /api/v1/projects/bdx-dev/raw/dbs/db_databricks_everest_raw/tables/tb_PLFL/rows?ensureParent=True HTTP/1.1" 200 6
2026-07-29 21:15:46.544 UTC [DEBUG   ] ThreadPoolExecutor-0_4 - HTTP/1.1 POST https://az-phx-001.cognitedata.com/api/v1/projects/bdx-dev/raw/dbs/db_databricks_everest_raw/tables/tb_PLFL/rows?ensureParent=True 200
2026-07-29 21:15:46.585 UTC [DEBUG   ] ThreadPoolExecutor-0_3 - https://az-phx-001.cognitedata.com:443 "POST /api/v1/projects/bdx-dev/raw/dbs/db_databricks_everest_raw/tables/tb_PLFL/rows?ensureParent=True HTTP/1.1" 200 6
2026-07-29 21:15:46.586 UTC [DEBUG   ] ThreadPoolExecutor-0_3 - HTTP/1.1 POST https://az-phx-001.cognitedata.com/api/v1/projects/bdx-dev/raw/dbs/db_databricks_everest_raw/tables/tb_PLFL/rows?ensureParent=True 200
2026-07-29 21:15:46.611 UTC [DEBUG   ] ThreadPoolExecutor-0_1 - https://az-phx-001.cognitedata.com:443 "POST /api/v1/projects/bdx-dev/raw/dbs/db_databricks_everest_raw/tables/tb_PLFL/rows?ensureParent=True HTTP/1.1" 200 6
2026-07-29 21:15:46.612 UTC [DEBUG   ] ThreadPoolExecutor-0_1 - HTTP/1.1 POST https://az-phx-001.cognitedata.com/api/v1/projects/bdx-dev/raw/dbs/db_databricks_everest_raw/tables/tb_PLFL/rows?ensureParent=True 200
2026-07-29 21:15:48.333 UTC [DEBUG   ] ThreadPoolExecutor-0_2 - https://az-phx-001.cognitedata.com:443 "POST /api/v1/projects/bdx-dev/raw/dbs/db_databricks_everest_raw/tables/tb_MAST/rows?ensureParent=True HTTP/1.1" 200 6
2026-07-29 21:15:48.333 UTC [DEBUG   ] ThreadPoolExecutor-0_2 - HTTP/1.1 POST https://az-phx-001.cognitedata.com/api/v1/projects/bdx-dev/raw/dbs/db_databricks_everest_raw/tables/tb_MAST/rows?ensureParent=True 200
2026-07-29 21:15:48.333 UTC [DEBUG   ] ThreadPoolExecutor-0_0 - https://az-phx-001.cognitedata.com:443 "POST /api/v1/projects/bdx-dev/raw/dbs/db_databricks_everest_raw/tables/tb_MAST/rows?ensureParent=True HTTP/1.1" 200 6
2026-07-29 21:15:48.333 UTC [DEBUG   ] ThreadPoolExecutor-0_0 - HTTP/1.1 POST https://az-phx-001.cognitedata.com/api/v1/projects/bdx-dev/raw/dbs/db_databricks_everest_raw/tables/tb_MAST/rows?ensureParent=True 200
2026-07-29 21:15:48.640 UTC [DEBUG   ] ThreadPoolExecutor-0_1 - https://az-phx-001.cognitedata.com:443 "POST /api/v1/projects/bdx-dev/raw/dbs/db_databricks_everest_raw/tables/tb_MAST/rows?ensureParent=True HTTP/1.1" 200 6
2026-07-29 21:15:48.641 UTC [DEBUG   ] ThreadPoolExecutor-0_1 - HTTP/1.1 POST https://az-phx-001.cognitedata.com/api/v1/projects/bdx-dev/raw/dbs/db_databricks_everest_raw/tables/tb_MAST/rows?ensureParent=True 200
2026-07-29 21:15:48.846 UTC [DEBUG   ] ThreadPoolExecutor-0_4 - https://az-phx-001.cognitedata.com:443 "POST /api/v1/projects/bdx-dev/raw/dbs/db_databricks_everest_raw/tables/tb_MAST/rows?ensureParent=True HTTP/1.1" 200 6
2026-07-29 21:15:48.846 UTC [DEBUG   ] ThreadPoolExecutor-0_4 - HTTP/1.1 POST https://az-phx-001.cognitedata.com/api/v1/projects/bdx-dev/raw/dbs/db_databricks_everest_raw/tables/tb_MAST/rows?ensureParent=True 200
2026-07-29 21:15:48.846 UTC [DEBUG   ] ThreadPoolExecutor-0_3 - https://az-phx-001.cognitedata.com:443 "POST /api/v1/projects/bdx-dev/raw/dbs/db_databricks_everest_raw/tables/tb_MAST/rows?ensureParent=True HTTP/1.1" 200 6
2026-07-29 21:15:48.846 UTC [DEBUG   ] ThreadPoolExecutor-0_3 - HTTP/1.1 POST https://az-phx-001.cognitedata.com/api/v1/projects/bdx-dev/raw/dbs/db_databricks_everest_raw/tables/tb_MAST/rows?ensureParent=True 200
2026-07-29 21:15:49.346 UTC [DEBUG   ] ThreadPoolExecutor-0_2 - https://az-phx-001.cognitedata.com:443 "POST /api/v1/projects/bdx-dev/raw/dbs/db_databricks_everest_raw/tables/tb_MKAL/rows?ensureParent=True HTTP/1.1" 200 6
2026-07-29 21:15:49.347 UTC [DEBUG   ] ThreadPoolExecutor-0_2 - HTTP/1.1 POST https://az-phx-001.cognitedata.com/api/v1/projects/bdx-dev/raw/dbs/db_databricks_everest_raw/tables/tb_MKAL/rows?ensureParent=True 200
2026-07-29 21:15:49.389 UTC [DEBUG   ] ThreadPoolExecutor-0_0 - https://az-phx-001.cognitedata.com:443 "POST /api/v1/projects/bdx-dev/raw/dbs/db_databricks_everest_raw/tables/tb_MKAL/rows?ensureParent=True HTTP/1.1" 200 6
2026-07-29 21:15:49.390 UTC [DEBUG   ] ThreadPoolExecutor-0_0 - HTTP/1.1 POST https://az-phx-001.cognitedata.com/api/v1/projects/bdx-dev/raw/dbs/db_databricks_everest_raw/tables/tb_MKAL/rows?ensureParent=True 200
2026-07-29 21:15:51.111 UTC [DEBUG   ] ThreadPoolExecutor-0_4 - https://az-phx-001.cognitedata.com:443 "POST /api/v1/projects/bdx-dev/raw/dbs/db_databricks_everest_raw/tables/tb_PLKO/rows?ensureParent=True HTTP/1.1" 200 6
2026-07-29 21:15:51.112 UTC [DEBUG   ] ThreadPoolExecutor-0_4 - HTTP/1.1 POST https://az-phx-001.cognitedata.com/api/v1/projects/bdx-dev/raw/dbs/db_databricks_everest_raw/tables/tb_PLKO/rows?ensureParent=True 200
2026-07-29 21:15:51.114 UTC [INFO    ] QueryExecutor_1 - Uploaded 50000 raw rows
2026-07-29 21:15:52.145 UTC [INFO    ] QueryExecutor_3 - Current_row_count for query extract-everest-PLFL: 140000
2026-07-29 21:15:55.164 UTC [INFO    ] QueryExecutor_1 - Current_row_count for query extract-everest-MAST: 190000
2026-07-29 21:15:56.778 UTC [INFO    ] QueryExecutor_2 - Current_row_count for query extract-everest-MKAL: 20000
2026-07-29 21:15:59.081 UTC [INFO    ] QueryExecutor_1 - Current_row_count for query extract-everest-MAST: 200000
2026-07-29 21:15:59.459 UTC [INFO    ] QueryExecutor_3 - Current_row_count for query extract-everest-PLFL: 150000
2026-07-29 21:16:00.281 UTC [INFO    ] QueryExecutor_1 - Upload queue reached threshold size 50000/50000, triggering upload
2026-07-29 21:16:00.745 UTC [DEBUG   ] ThreadPoolExecutor-0_0 - https://az-phx-001.cognitedata.com:443 "POST /api/v1/projects/bdx-dev/raw/dbs/db_databricks_everest_raw/tables/tb_MKAL/rows?ensureParent=True HTTP/1.1" 200 6
2026-07-29 21:16:00.745 UTC [DEBUG   ] ThreadPoolExecutor-0_0 - HTTP/1.1 POST https://az-phx-001.cognitedata.com/api/v1/projects/bdx-dev/raw/dbs/db_databricks_everest_raw/tables/tb_MKAL/rows?ensureParent=True 200
2026-07-29 21:16:00.761 UTC [DEBUG   ] ThreadPoolExecutor-0_1 - https://az-phx-001.cognitedata.com:443 "POST /api/v1/projects/bdx-dev/raw/dbs/db_databricks_everest_raw/tables/tb_MKAL/rows?ensureParent=True HTTP/1.1" 200 6
2026-07-29 21:16:00.761 UTC [DEBUG   ] ThreadPoolExecutor-0_1 - HTTP/1.1 POST https://az-phx-001.cognitedata.com/api/v1/projects/bdx-dev/raw/dbs/db_databricks_everest_raw/tables/tb_MKAL/rows?ensureParent=True 200
2026-07-29 21:16:01.254 UTC [DEBUG   ] ThreadPoolExecutor-0_3 - https://az-phx-001.cognitedata.com:443 "POST /api/v1/projects/bdx-dev/raw/dbs/db_databricks_everest_raw/tables/tb_PLFL/rows?ensureParent=True HTTP/1.1" 200 6
2026-07-29 21:16:01.254 UTC [DEBUG   ] ThreadPoolExecutor-0_3 - HTTP/1.1 POST https://az-phx-001.cognitedata.com/api/v1/projects/bdx-dev/raw/dbs/db_databricks_everest_raw/tables/tb_PLFL/rows?ensureParent=True 200
2026-07-29 21:16:01.269 UTC [DEBUG   ] ThreadPoolExecutor-0_2 - https://az-phx-001.cognitedata.com:443 "POST /api/v1/projects/bdx-dev/raw/dbs/db_databricks_everest_raw/tables/tb_PLFL/rows?ensureParent=True HTTP/1.1" 200 6
2026-07-29 21:16:01.270 UTC [DEBUG   ] ThreadPoolExecutor-0_2 - HTTP/1.1 POST https://az-phx-001.cognitedata.com/api/v1/projects/bdx-dev/raw/dbs/db_databricks_everest_raw/tables/tb_PLFL/rows?ensureParent=True 200
2026-07-29 21:16:01.356 UTC [DEBUG   ] ThreadPoolExecutor-0_4 - https://az-phx-001.cognitedata.com:443 "POST /api/v1/projects/bdx-dev/raw/dbs/db_databricks_everest_raw/tables/tb_PLFL/rows?ensureParent=True HTTP/1.1" 200 6
2026-07-29 21:16:01.356 UTC [DEBUG   ] ThreadPoolExecutor-0_4 - HTTP/1.1 POST https://az-phx-001.cognitedata.com/api/v1/projects/bdx-dev/raw/dbs/db_databricks_everest_raw/tables/tb_PLFL/rows?ensureParent=True 200
2026-07-29 21:16:03.232 UTC [DEBUG   ] ThreadPoolExecutor-0_1 - https://az-phx-001.cognitedata.com:443 "POST /api/v1/projects/bdx-dev/raw/dbs/db_databricks_everest_raw/tables/tb_PLKO/rows?ensureParent=True HTTP/1.1" 200 6
2026-07-29 21:16:03.232 UTC [DEBUG   ] ThreadPoolExecutor-0_1 - HTTP/1.1 POST https://az-phx-001.cognitedata.com/api/v1/projects/bdx-dev/raw/dbs/db_databricks_everest_raw/tables/tb_PLKO/rows?ensureParent=True 200
2026-07-29 21:16:04.603 UTC [DEBUG   ] ThreadPoolExecutor-0_2 - https://az-phx-001.cognitedata.com:443 "POST /api/v1/projects/bdx-dev/raw/dbs/db_databricks_everest_raw/tables/tb_MAST/rows?ensureParent=True HTTP/1.1" 200 6
2026-07-29 21:16:04.604 UTC [DEBUG   ] ThreadPoolExecutor-0_2 - HTTP/1.1 POST https://az-phx-001.cognitedata.com/api/v1/projects/bdx-dev/raw/dbs/db_databricks_everest_raw/tables/tb_MAST/rows?ensureParent=True 200
2026-07-29 21:16:04.653 UTC [DEBUG   ] ThreadPoolExecutor-0_3 - https://az-phx-001.cognitedata.com:443 "POST /api/v1/projects/bdx-dev/raw/dbs/db_databricks_everest_raw/tables/tb_MAST/rows?ensureParent=True HTTP/1.1" 200 6
2026-07-29 21:16:04.654 UTC [DEBUG   ] ThreadPoolExecutor-0_3 - HTTP/1.1 POST https://az-phx-001.cognitedata.com/api/v1/projects/bdx-dev/raw/dbs/db_databricks_everest_raw/tables/tb_MAST/rows?ensureParent=True 200
2026-07-29 21:16:05.166 UTC [DEBUG   ] ThreadPoolExecutor-0_1 - https://az-phx-001.cognitedata.com:443 "POST /api/v1/projects/bdx-dev/raw/dbs/db_databricks_everest_raw/tables/tb_MAST/rows?ensureParent=True HTTP/1.1" 200 6
2026-07-29 21:16:05.166 UTC [DEBUG   ] ThreadPoolExecutor-0_1 - HTTP/1.1 POST https://az-phx-001.cognitedata.com/api/v1/projects/bdx-dev/raw/dbs/db_databricks_everest_raw/tables/tb_MAST/rows?ensureParent=True 200
2026-07-29 21:16:05.307 UTC [DEBUG   ] ThreadPoolExecutor-0_0 - https://az-phx-001.cognitedata.com:443 "POST /api/v1/projects/bdx-dev/raw/dbs/db_databricks_everest_raw/tables/tb_MAST/rows?ensureParent=True HTTP/1.1" 200 6
2026-07-29 21:16:05.307 UTC [DEBUG   ] ThreadPoolExecutor-0_0 - HTTP/1.1 POST https://az-phx-001.cognitedata.com/api/v1/projects/bdx-dev/raw/dbs/db_databricks_everest_raw/tables/tb_MAST/rows?ensureParent=True 200
2026-07-29 21:16:05.307 UTC [DEBUG   ] ThreadPoolExecutor-0_4 - https://az-phx-001.cognitedata.com:443 "POST /api/v1/projects/bdx-dev/raw/dbs/db_databricks_everest_raw/tables/tb_MAST/rows?ensureParent=True HTTP/1.1" 200 6
2026-07-29 21:16:05.322 UTC [DEBUG   ] ThreadPoolExecutor-0_4 - HTTP/1.1 POST https://az-phx-001.cognitedata.com/api/v1/projects/bdx-dev/raw/dbs/db_databricks_everest_raw/tables/tb_MAST/rows?ensureParent=True 200
2026-07-29 21:16:05.322 UTC [INFO    ] QueryExecutor_1 - Uploaded 50000 raw rows
2026-07-29 21:16:07.979 UTC [INFO    ] QueryExecutor_1 - Current_row_count for query extract-everest-MAST: 210000
2026-07-29 21:16:09.266 UTC [INFO    ] QueryExecutor_0 - Current_row_count for query extract-everest-PLKO: 70000
2026-07-29 21:16:11.109 UTC [INFO    ] QueryExecutor_3 - Current_row_count for query extract-everest-PLFL: 160000
2026-07-29 21:16:11.802 UTC [INFO    ] QueryExecutor_2 - Current_row_count for query extract-everest-MKAL: 30000
2026-07-29 21:16:11.989 UTC [INFO    ] QueryExecutor_1 - Current_row_count for query extract-everest-MAST: 220000
2026-07-29 21:16:14.272 UTC [INFO    ] QueryExecutor_1 - Upload queue reached threshold size 50000/50000, triggering upload
2026-07-29 21:16:14.582 UTC [DEBUG   ] ThreadPoolExecutor-0_1 - https://az-phx-001.cognitedata.com:443 "POST /api/v1/projects/bdx-dev/raw/dbs/db_databricks_everest_raw/tables/tb_PLFL/rows?ensureParent=True HTTP/1.1" 200 6
2026-07-29 21:16:14.582 UTC [DEBUG   ] ThreadPoolExecutor-0_1 - HTTP/1.1 POST https://az-phx-001.cognitedata.com/api/v1/projects/bdx-dev/raw/dbs/db_databricks_everest_raw/tables/tb_PLFL/rows?ensureParent=True 200
2026-07-29 21:16:14.787 UTC [DEBUG   ] ThreadPoolExecutor-0_2 - https://az-phx-001.cognitedata.com:443 "POST /api/v1/projects/bdx-dev/raw/dbs/db_databricks_everest_raw/tables/tb_PLFL/rows?ensureParent=True HTTP/1.1" 200 6
2026-07-29 21:16:14.787 UTC [DEBUG   ] ThreadPoolExecutor-0_2 - HTTP/1.1 POST https://az-phx-001.cognitedata.com/api/v1/projects/bdx-dev/raw/dbs/db_databricks_everest_raw/tables/tb_PLFL/rows?ensureParent=True 200
2026-07-29 21:16:14.788 UTC [DEBUG   ] ThreadPoolExecutor-0_3 - https://az-phx-001.cognitedata.com:443 "POST /api/v1/projects/bdx-dev/raw/dbs/db_databricks_everest_raw/tables/tb_PLFL/rows?ensureParent=True HTTP/1.1" 200 6
2026-07-29 21:16:14.789 UTC [DEBUG   ] ThreadPoolExecutor-0_3 - HTTP/1.1 POST https://az-phx-001.cognitedata.com/api/v1/projects/bdx-dev/raw/dbs/db_databricks_everest_raw/tables/tb_PLFL/rows?ensureParent=True 200
2026-07-29 21:16:15.161 UTC [DEBUG   ] ThreadPoolExecutor-0_0 - https://az-phx-001.cognitedata.com:443 "POST /api/v1/projects/bdx-dev/raw/dbs/db_databricks_everest_raw/tables/tb_MKAL/rows?ensureParent=True HTTP/1.1" 200 6
2026-07-29 21:16:15.161 UTC [DEBUG   ] ThreadPoolExecutor-0_0 - HTTP/1.1 POST https://az-phx-001.cognitedata.com/api/v1/projects/bdx-dev/raw/dbs/db_databricks_everest_raw/tables/tb_MKAL/rows?ensureParent=True 200
2026-07-29 21:16:15.251 UTC [DEBUG   ] ThreadPoolExecutor-0_4 - https://az-phx-001.cognitedata.com:443 "POST /api/v1/projects/bdx-dev/raw/dbs/db_databricks_everest_raw/tables/tb_MKAL/rows?ensureParent=True HTTP/1.1" 200 6
2026-07-29 21:16:15.252 UTC [DEBUG   ] ThreadPoolExecutor-0_4 - HTTP/1.1 POST https://az-phx-001.cognitedata.com/api/v1/projects/bdx-dev/raw/dbs/db_databricks_everest_raw/tables/tb_MKAL/rows?ensureParent=True 200
2026-07-29 21:16:17.008 UTC [DEBUG   ] ThreadPoolExecutor-0_2 - https://az-phx-001.cognitedata.com:443 "POST /api/v1/projects/bdx-dev/raw/dbs/db_databricks_everest_raw/tables/tb_PLKO/rows?ensureParent=True HTTP/1.1" 200 6
2026-07-29 21:16:17.008 UTC [DEBUG   ] ThreadPoolExecutor-0_2 - HTTP/1.1 POST https://az-phx-001.cognitedata.com/api/v1/projects/bdx-dev/raw/dbs/db_databricks_everest_raw/tables/tb_PLKO/rows?ensureParent=True 200
2026-07-29 21:16:18.542 UTC [DEBUG   ] ThreadPoolExecutor-0_1 - https://az-phx-001.cognitedata.com:443 "POST /api/v1/projects/bdx-dev/raw/dbs/db_databricks_everest_raw/tables/tb_MAST/rows?ensureParent=True HTTP/1.1" 200 6
2026-07-29 21:16:18.542 UTC [DEBUG   ] ThreadPoolExecutor-0_1 - HTTP/1.1 POST https://az-phx-001.cognitedata.com/api/v1/projects/bdx-dev/raw/dbs/db_databricks_everest_raw/tables/tb_MAST/rows?ensureParent=True 200
2026-07-29 21:16:18.542 UTC [DEBUG   ] ThreadPoolExecutor-0_0 - https://az-phx-001.cognitedata.com:443 "POST /api/v1/projects/bdx-dev/raw/dbs/db_databricks_everest_raw/tables/tb_MAST/rows?ensureParent=True HTTP/1.1" 200 6
2026-07-29 21:16:18.542 UTC [DEBUG   ] ThreadPoolExecutor-0_0 - HTTP/1.1 POST https://az-phx-001.cognitedata.com/api/v1/projects/bdx-dev/raw/dbs/db_databricks_everest_raw/tables/tb_MAST/rows?ensureParent=True 200
2026-07-29 21:16:18.933 UTC [DEBUG   ] ThreadPoolExecutor-0_2 - https://az-phx-001.cognitedata.com:443 "POST /api/v1/projects/bdx-dev/raw/dbs/db_databricks_everest_raw/tables/tb_MAST/rows?ensureParent=True HTTP/1.1" 200 6
2026-07-29 21:16:18.933 UTC [DEBUG   ] ThreadPoolExecutor-0_2 - HTTP/1.1 POST https://az-phx-001.cognitedata.com/api/v1/projects/bdx-dev/raw/dbs/db_databricks_everest_raw/tables/tb_MAST/rows?ensureParent=True 200
2026-07-29 21:16:19.120 UTC [DEBUG   ] ThreadPoolExecutor-0_4 - https://az-phx-001.cognitedata.com:443 "POST /api/v1/projects/bdx-dev/raw/dbs/db_databricks_everest_raw/tables/tb_MAST/rows?ensureParent=True HTTP/1.1" 200 6
2026-07-29 21:16:19.120 UTC [DEBUG   ] ThreadPoolExecutor-0_4 - HTTP/1.1 POST https://az-phx-001.cognitedata.com/api/v1/projects/bdx-dev/raw/dbs/db_databricks_everest_raw/tables/tb_MAST/rows?ensureParent=True 200
2026-07-29 21:16:19.120 UTC [DEBUG   ] ThreadPoolExecutor-0_3 - https://az-phx-001.cognitedata.com:443 "POST /api/v1/projects/bdx-dev/raw/dbs/db_databricks_everest_raw/tables/tb_MAST/rows?ensureParent=True HTTP/1.1" 200 6
2026-07-29 21:16:19.120 UTC [DEBUG   ] ThreadPoolExecutor-0_3 - HTTP/1.1 POST https://az-phx-001.cognitedata.com/api/v1/projects/bdx-dev/raw/dbs/db_databricks_everest_raw/tables/tb_MAST/rows?ensureParent=True 200
2026-07-29 21:16:19.120 UTC [INFO    ] QueryExecutor_1 - Uploaded 50000 raw rows
2026-07-29 21:16:20.527 UTC [INFO    ] QueryExecutor_1 - Current_row_count for query extract-everest-MAST: 230000
2026-07-29 21:16:22.636 UTC [INFO    ] QueryExecutor_3 - Current_row_count for query extract-everest-PLFL: 170000
2026-07-29 21:16:24.325 UTC [INFO    ] QueryExecutor_1 - Current_row_count for query extract-everest-MAST: 240000
2026-07-29 21:16:26.626 UTC [INFO    ] QueryExecutor_2 - Current_row_count for query extract-everest-MKAL: 40000
2026-07-29 21:16:27.824 UTC [INFO    ] QueryExecutor_3 - Upload queue reached threshold size 50000/50000, triggering upload
2026-07-29 21:16:28.324 UTC [DEBUG   ] ThreadPoolExecutor-0_1 - https://az-phx-001.cognitedata.com:443 "POST /api/v1/projects/bdx-dev/raw/dbs/db_databricks_everest_raw/tables/tb_PLFL/rows?ensureParent=True HTTP/1.1" 200 6
2026-07-29 21:16:28.324 UTC [DEBUG   ] ThreadPoolExecutor-0_1 - HTTP/1.1 POST https://az-phx-001.cognitedata.com/api/v1/projects/bdx-dev/raw/dbs/db_databricks_everest_raw/tables/tb_PLFL/rows?ensureParent=True 200
2026-07-29 21:16:28.387 UTC [DEBUG   ] ThreadPoolExecutor-0_0 - https://az-phx-001.cognitedata.com:443 "POST /api/v1/projects/bdx-dev/raw/dbs/db_databricks_everest_raw/tables/tb_PLFL/rows?ensureParent=True HTTP/1.1" 200 6
2026-07-29 21:16:28.387 UTC [DEBUG   ] ThreadPoolExecutor-0_0 - HTTP/1.1 POST https://az-phx-001.cognitedata.com/api/v1/projects/bdx-dev/raw/dbs/db_databricks_everest_raw/tables/tb_PLFL/rows?ensureParent=True 200
2026-07-29 21:16:28.387 UTC [DEBUG   ] ThreadPoolExecutor-0_2 - https://az-phx-001.cognitedata.com:443 "POST /api/v1/projects/bdx-dev/raw/dbs/db_databricks_everest_raw/tables/tb_PLFL/rows?ensureParent=True HTTP/1.1" 200 6
2026-07-29 21:16:28.387 UTC [DEBUG   ] ThreadPoolExecutor-0_2 - HTTP/1.1 POST https://az-phx-001.cognitedata.com/api/v1/projects/bdx-dev/raw/dbs/db_databricks_everest_raw/tables/tb_PLFL/rows?ensureParent=True 200
2026-07-29 21:16:30.090 UTC [DEBUG   ] ThreadPoolExecutor-0_3 - https://az-phx-001.cognitedata.com:443 "POST /api/v1/projects/bdx-dev/raw/dbs/db_databricks_everest_raw/tables/tb_PLKO/rows?ensureParent=True HTTP/1.1" 200 6
2026-07-29 21:16:30.090 UTC [DEBUG   ] ThreadPoolExecutor-0_3 - HTTP/1.1 POST https://az-phx-001.cognitedata.com/api/v1/projects/bdx-dev/raw/dbs/db_databricks_everest_raw/tables/tb_PLKO/rows?ensureParent=True 200
2026-07-29 21:16:30.574 UTC [DEBUG   ] ThreadPoolExecutor-0_0 - https://az-phx-001.cognitedata.com:443 "POST /api/v1/projects/bdx-dev/raw/dbs/db_databricks_everest_raw/tables/tb_MKAL/rows?ensureParent=True HTTP/1.1" 200 6
2026-07-29 21:16:30.574 UTC [DEBUG   ] ThreadPoolExecutor-0_0 - HTTP/1.1 POST https://az-phx-001.cognitedata.com/api/v1/projects/bdx-dev/raw/dbs/db_databricks_everest_raw/tables/tb_MKAL/rows?ensureParent=True 200
2026-07-29 21:16:30.605 UTC [DEBUG   ] ThreadPoolExecutor-0_1 - https://az-phx-001.cognitedata.com:443 "POST /api/v1/projects/bdx-dev/raw/dbs/db_databricks_everest_raw/tables/tb_MKAL/rows?ensureParent=True HTTP/1.1" 200 6
2026-07-29 21:16:30.605 UTC [DEBUG   ] ThreadPoolExecutor-0_1 - HTTP/1.1 POST https://az-phx-001.cognitedata.com/api/v1/projects/bdx-dev/raw/dbs/db_databricks_everest_raw/tables/tb_MKAL/rows?ensureParent=True 200
2026-07-29 21:16:31.996 UTC [DEBUG   ] ThreadPoolExecutor-0_1 - https://az-phx-001.cognitedata.com:443 "POST /api/v1/projects/bdx-dev/raw/dbs/db_databricks_everest_raw/tables/tb_MAST/rows?ensureParent=True HTTP/1.1" 200 6
2026-07-29 21:16:31.996 UTC [DEBUG   ] ThreadPoolExecutor-0_1 - HTTP/1.1 POST https://az-phx-001.cognitedata.com/api/v1/projects/bdx-dev/raw/dbs/db_databricks_everest_raw/tables/tb_MAST/rows?ensureParent=True 200
2026-07-29 21:16:32.105 UTC [DEBUG   ] ThreadPoolExecutor-0_4 - https://az-phx-001.cognitedata.com:443 "POST /api/v1/projects/bdx-dev/raw/dbs/db_databricks_everest_raw/tables/tb_MAST/rows?ensureParent=True HTTP/1.1" 200 6
2026-07-29 21:16:32.105 UTC [DEBUG   ] ThreadPoolExecutor-0_4 - HTTP/1.1 POST https://az-phx-001.cognitedata.com/api/v1/projects/bdx-dev/raw/dbs/db_databricks_everest_raw/tables/tb_MAST/rows?ensureParent=True 200
2026-07-29 21:16:32.183 UTC [DEBUG   ] ThreadPoolExecutor-0_3 - https://az-phx-001.cognitedata.com:443 "POST /api/v1/projects/bdx-dev/raw/dbs/db_databricks_everest_raw/tables/tb_MAST/rows?ensureParent=True HTTP/1.1" 200 6
2026-07-29 21:16:32.183 UTC [DEBUG   ] ThreadPoolExecutor-0_3 - HTTP/1.1 POST https://az-phx-001.cognitedata.com/api/v1/projects/bdx-dev/raw/dbs/db_databricks_everest_raw/tables/tb_MAST/rows?ensureParent=True 200
2026-07-29 21:16:32.402 UTC [DEBUG   ] ThreadPoolExecutor-0_2 - https://az-phx-001.cognitedata.com:443 "POST /api/v1/projects/bdx-dev/raw/dbs/db_databricks_everest_raw/tables/tb_MAST/rows?ensureParent=True HTTP/1.1" 200 6
2026-07-29 21:16:32.402 UTC [DEBUG   ] ThreadPoolExecutor-0_2 - HTTP/1.1 POST https://az-phx-001.cognitedata.com/api/v1/projects/bdx-dev/raw/dbs/db_databricks_everest_raw/tables/tb_MAST/rows?ensureParent=True 200
2026-07-29 21:16:32.418 UTC [DEBUG   ] ThreadPoolExecutor-0_0 - https://az-phx-001.cognitedata.com:443 "POST /api/v1/projects/bdx-dev/raw/dbs/db_databricks_everest_raw/tables/tb_MAST/rows?ensureParent=True HTTP/1.1" 200 6
2026-07-29 21:16:32.418 UTC [DEBUG   ] ThreadPoolExecutor-0_0 - HTTP/1.1 POST https://az-phx-001.cognitedata.com/api/v1/projects/bdx-dev/raw/dbs/db_databricks_everest_raw/tables/tb_MAST/rows?ensureParent=True 200
2026-07-29 21:16:32.418 UTC [INFO    ] QueryExecutor_3 - Uploaded 50000 raw rows
2026-07-29 21:16:33.183 UTC [INFO    ] QueryExecutor_1 - Current_row_count for query extract-everest-MAST: 250000
2026-07-29 21:16:33.629 UTC [INFO    ] QueryExecutor_3 - Current_row_count for query extract-everest-PLFL: 180000
2026-07-29 21:16:36.270 UTC [INFO    ] QueryExecutor_0 - Current_row_count for query extract-everest-PLKO: 80000
2026-07-29 21:16:37.035 UTC [INFO    ] QueryExecutor_1 - Current_row_count for query extract-everest-MAST: 260000
2026-07-29 21:16:37.301 UTC [INFO    ] QueryExecutor_3 - No more rows for extract-everest-PLFL. 185621 rows extracted in 1.64e+02 seconds
2026-07-29 21:16:37.301 UTC [INFO    ] QueryExecutor_3 - Reporting new success run: No more rows for extract-everest-PLFL. 185621 rows extracted in 1.64e+02 seconds
2026-07-29 21:16:37.363 UTC [DEBUG   ] ThreadPoolExecutor-0_1 - https://az-phx-001.cognitedata.com:443 "POST /api/v1/projects/bdx-dev/extpipes/runs HTTP/1.1" 200 213
2026-07-29 21:16:37.363 UTC [DEBUG   ] ThreadPoolExecutor-0_1 - HTTP/1.1 POST https://az-phx-001.cognitedata.com/api/v1/projects/bdx-dev/extpipes/runs 200
2026-07-29 21:16:38.504 UTC [DEBUG   ] ThreadPoolExecutor-0_3 - https://az-phx-001.cognitedata.com:443 "POST /api/v1/projects/bdx-dev/raw/dbs/db_databricks_everest_raw/tables/tb_MAST/rows?ensureParent=True HTTP/1.1" 200 6
2026-07-29 21:16:38.504 UTC [DEBUG   ] ThreadPoolExecutor-0_3 - HTTP/1.1 POST https://az-phx-001.cognitedata.com/api/v1/projects/bdx-dev/raw/dbs/db_databricks_everest_raw/tables/tb_MAST/rows?ensureParent=True 200
2026-07-29 21:16:38.644 UTC [DEBUG   ] ThreadPoolExecutor-0_2 - https://az-phx-001.cognitedata.com:443 "POST /api/v1/projects/bdx-dev/raw/dbs/db_databricks_everest_raw/tables/tb_MAST/rows?ensureParent=True HTTP/1.1" 200 6
2026-07-29 21:16:38.644 UTC [DEBUG   ] ThreadPoolExecutor-0_0 - https://az-phx-001.cognitedata.com:443 "POST /api/v1/projects/bdx-dev/raw/dbs/db_databricks_everest_raw/tables/tb_MAST/rows?ensureParent=True HTTP/1.1" 200 6
2026-07-29 21:16:38.644 UTC [DEBUG   ] ThreadPoolExecutor-0_2 - HTTP/1.1 POST https://az-phx-001.cognitedata.com/api/v1/projects/bdx-dev/raw/dbs/db_databricks_everest_raw/tables/tb_MAST/rows?ensureParent=True 200
2026-07-29 21:16:38.644 UTC [DEBUG   ] ThreadPoolExecutor-0_0 - HTTP/1.1 POST https://az-phx-001.cognitedata.com/api/v1/projects/bdx-dev/raw/dbs/db_databricks_everest_raw/tables/tb_MAST/rows?ensureParent=True 200
2026-07-29 21:16:39.722 UTC [DEBUG   ] ThreadPoolExecutor-0_1 - https://az-phx-001.cognitedata.com:443 "POST /api/v1/projects/bdx-dev/raw/dbs/db_databricks_everest_raw/tables/tb_PLKO/rows?ensureParent=True HTTP/1.1" 200 6
2026-07-29 21:16:39.722 UTC [DEBUG   ] ThreadPoolExecutor-0_1 - HTTP/1.1 POST https://az-phx-001.cognitedata.com/api/v1/projects/bdx-dev/raw/dbs/db_databricks_everest_raw/tables/tb_PLKO/rows?ensureParent=True 200
2026-07-29 21:16:40.191 UTC [DEBUG   ] ThreadPoolExecutor-0_3 - https://az-phx-001.cognitedata.com:443 "POST /api/v1/projects/bdx-dev/raw/dbs/db_databricks_everest_raw/tables/tb_MKAL/rows?ensureParent=True HTTP/1.1" 200 6
2026-07-29 21:16:40.191 UTC [DEBUG   ] ThreadPoolExecutor-0_3 - HTTP/1.1 POST https://az-phx-001.cognitedata.com/api/v1/projects/bdx-dev/raw/dbs/db_databricks_everest_raw/tables/tb_MKAL/rows?ensureParent=True 200
2026-07-29 21:16:40.504 UTC [DEBUG   ] ThreadPoolExecutor-0_4 - https://az-phx-001.cognitedata.com:443 "POST /api/v1/projects/bdx-dev/raw/dbs/db_databricks_everest_raw/tables/tb_PLFL/rows?ensureParent=True HTTP/1.1" 200 6
2026-07-29 21:16:40.504 UTC [DEBUG   ] ThreadPoolExecutor-0_4 - HTTP/1.1 POST https://az-phx-001.cognitedata.com/api/v1/projects/bdx-dev/raw/dbs/db_databricks_everest_raw/tables/tb_PLFL/rows?ensureParent=True 200
2026-07-29 21:16:40.566 UTC [DEBUG   ] ThreadPoolExecutor-0_0 - https://az-phx-001.cognitedata.com:443 "POST /api/v1/projects/bdx-dev/raw/dbs/db_databricks_everest_raw/tables/tb_PLFL/rows?ensureParent=True HTTP/1.1" 200 6
2026-07-29 21:16:40.566 UTC [DEBUG   ] ThreadPoolExecutor-0_0 - HTTP/1.1 POST https://az-phx-001.cognitedata.com/api/v1/projects/bdx-dev/raw/dbs/db_databricks_everest_raw/tables/tb_PLFL/rows?ensureParent=True 200
2026-07-29 21:16:40.566 UTC [INFO    ] QueryExecutor_3 - Uploaded 28621 raw rows
2026-07-29 21:16:42.160 UTC [INFO    ] QueryExecutor_3 - Connected to db-databricks-raw successfully
2026-07-29 21:16:42.160 UTC [INFO    ] QueryExecutor_3 - Starting extraction of extract-everest-MCH1
2026-07-29 21:16:42.160 UTC [INFO    ] QueryExecutor_3 - Getting rows from odbc
2026-07-29 21:16:42.441 UTC [INFO    ] QueryExecutor_1 - Current_row_count for query extract-everest-MAST: 270000
2026-07-29 21:16:42.738 UTC [INFO    ] QueryExecutor_2 - Current_row_count for query extract-everest-MKAL: 50000
2026-07-29 21:16:43.472 UTC [INFO    ] QueryExecutor_3 - No more rows for extract-everest-MCH1. 10 rows extracted in 1.31 seconds
2026-07-29 21:16:43.472 UTC [INFO    ] QueryExecutor_3 - Reporting new success run: No more rows for extract-everest-MCH1. 10 rows extracted in 1.31 seconds
2026-07-29 21:16:43.535 UTC [DEBUG   ] ThreadPoolExecutor-0_2 - https://az-phx-001.cognitedata.com:443 "POST /api/v1/projects/bdx-dev/extpipes/runs HTTP/1.1" 200 205
2026-07-29 21:16:43.535 UTC [DEBUG   ] ThreadPoolExecutor-0_2 - HTTP/1.1 POST https://az-phx-001.cognitedata.com/api/v1/projects/bdx-dev/extpipes/runs 200
2026-07-29 21:16:43.988 UTC [DEBUG   ] ThreadPoolExecutor-0_1 - https://az-phx-001.cognitedata.com:443 "POST /api/v1/projects/bdx-dev/raw/dbs/db_databricks_everest_raw/tables/tb_MKAL/rows?ensureParent=True HTTP/1.1" 200 6
2026-07-29 21:16:43.988 UTC [DEBUG   ] ThreadPoolExecutor-0_1 - HTTP/1.1 POST https://az-phx-001.cognitedata.com/api/v1/projects/bdx-dev/raw/dbs/db_databricks_everest_raw/tables/tb_MKAL/rows?ensureParent=True 200
2026-07-29 21:16:45.332 UTC [DEBUG   ] ThreadPoolExecutor-0_0 - https://az-phx-001.cognitedata.com:443 "POST /api/v1/projects/bdx-dev/raw/dbs/db_databricks_everest_raw/tables/tb_MAST/rows?ensureParent=True HTTP/1.1" 200 6
2026-07-29 21:16:45.332 UTC [DEBUG   ] ThreadPoolExecutor-0_0 - HTTP/1.1 POST https://az-phx-001.cognitedata.com/api/v1/projects/bdx-dev/raw/dbs/db_databricks_everest_raw/tables/tb_MAST/rows?ensureParent=True 200
2026-07-29 21:16:45.332 UTC [DEBUG   ] ThreadPoolExecutor-0_2 - https://az-phx-001.cognitedata.com:443 "POST /api/v1/projects/bdx-dev/raw/dbs/db_databricks_everest_raw/tables/tb_MAST/rows?ensureParent=True HTTP/1.1" 200 6
2026-07-29 21:16:45.332 UTC [DEBUG   ] ThreadPoolExecutor-0_2 - HTTP/1.1 POST https://az-phx-001.cognitedata.com/api/v1/projects/bdx-dev/raw/dbs/db_databricks_everest_raw/tables/tb_MAST/rows?ensureParent=True 200
2026-07-29 21:16:45.332 UTC [DEBUG   ] ThreadPoolExecutor-0_3 - https://az-phx-001.cognitedata.com:443 "POST /api/v1/projects/bdx-dev/raw/dbs/db_databricks_everest_raw/tables/tb_MAST/rows?ensureParent=True HTTP/1.1" 200 6
2026-07-29 21:16:45.332 UTC [DEBUG   ] ThreadPoolExecutor-0_3 - HTTP/1.1 POST https://az-phx-001.cognitedata.com/api/v1/projects/bdx-dev/raw/dbs/db_databricks_everest_raw/tables/tb_MAST/rows?ensureParent=True 200
2026-07-29 21:16:46.441 UTC [DEBUG   ] ThreadPoolExecutor-0_1 - https://az-phx-001.cognitedata.com:443 "POST /api/v1/projects/bdx-dev/raw/dbs/db_databricks_everest_raw/tables/tb_PLKO/rows?ensureParent=True HTTP/1.1" 200 6
2026-07-29 21:16:46.441 UTC [DEBUG   ] ThreadPoolExecutor-0_1 - HTTP/1.1 POST https://az-phx-001.cognitedata.com/api/v1/projects/bdx-dev/raw/dbs/db_databricks_everest_raw/tables/tb_PLKO/rows?ensureParent=True 200
2026-07-29 21:16:46.488 UTC [DEBUG   ] ThreadPoolExecutor-0_0 - https://az-phx-001.cognitedata.com:443 "POST /api/v1/projects/bdx-dev/raw/dbs/db_databricks_everest_raw/tables/tb_MCH1/rows?ensureParent=True HTTP/1.1" 200 6
2026-07-29 21:16:46.488 UTC [DEBUG   ] ThreadPoolExecutor-0_0 - HTTP/1.1 POST https://az-phx-001.cognitedata.com/api/v1/projects/bdx-dev/raw/dbs/db_databricks_everest_raw/tables/tb_MCH1/rows?ensureParent=True 200
2026-07-29 21:16:46.488 UTC [INFO    ] QueryExecutor_3 - Uploaded 22010 raw rows
2026-07-29 21:16:47.503 UTC [INFO    ] QueryExecutor_1 - Current_row_count for query extract-everest-MAST: 280000
2026-07-29 21:16:47.691 UTC [INFO    ] QueryExecutor_3 - Connected to db-databricks-raw successfully
2026-07-29 21:16:47.691 UTC [INFO    ] QueryExecutor_3 - Starting extraction of extract-everest-MCHA
2026-07-29 21:16:47.691 UTC [INFO    ] QueryExecutor_3 - Getting rows from odbc
2026-07-29 21:16:48.648 UTC [INFO    ] QueryExecutor_3 - No more rows for extract-everest-MCHA. 10 rows extracted in 0.957 seconds
2026-07-29 21:16:48.648 UTC [INFO    ] QueryExecutor_3 - Reporting new success run: No more rows for extract-everest-MCHA. 10 rows extracted in 0.957 seconds
2026-07-29 21:16:48.695 UTC [DEBUG   ] ThreadPoolExecutor-0_3 - https://az-phx-001.cognitedata.com:443 "POST /api/v1/projects/bdx-dev/extpipes/runs HTTP/1.1" 200 206
2026-07-29 21:16:48.695 UTC [DEBUG   ] ThreadPoolExecutor-0_3 - HTTP/1.1 POST https://az-phx-001.cognitedata.com/api/v1/projects/bdx-dev/extpipes/runs 200
2026-07-29 21:16:49.570 UTC [DEBUG   ] ThreadPoolExecutor-0_1 - https://az-phx-001.cognitedata.com:443 "POST /api/v1/projects/bdx-dev/raw/dbs/db_databricks_everest_raw/tables/tb_MAST/rows?ensureParent=True HTTP/1.1" 200 6
2026-07-29 21:16:49.570 UTC [DEBUG   ] ThreadPoolExecutor-0_1 - HTTP/1.1 POST https://az-phx-001.cognitedata.com/api/v1/projects/bdx-dev/raw/dbs/db_databricks_everest_raw/tables/tb_MAST/rows?ensureParent=True 200
2026-07-29 21:16:50.273 UTC [DEBUG   ] ThreadPoolExecutor-0_2 - https://az-phx-001.cognitedata.com:443 "POST /api/v1/projects/bdx-dev/raw/dbs/db_databricks_everest_raw/tables/tb_MAST/rows?ensureParent=True HTTP/1.1" 200 6
2026-07-29 21:16:50.273 UTC [DEBUG   ] ThreadPoolExecutor-0_2 - HTTP/1.1 POST https://az-phx-001.cognitedata.com/api/v1/projects/bdx-dev/raw/dbs/db_databricks_everest_raw/tables/tb_MAST/rows?ensureParent=True 200
2026-07-29 21:16:51.101 UTC [DEBUG   ] ThreadPoolExecutor-0_4 - https://az-phx-001.cognitedata.com:443 "POST /api/v1/projects/bdx-dev/raw/dbs/db_databricks_everest_raw/tables/tb_PLKO/rows?ensureParent=True HTTP/1.1" 200 6
2026-07-29 21:16:51.101 UTC [DEBUG   ] ThreadPoolExecutor-0_4 - HTTP/1.1 POST https://az-phx-001.cognitedata.com/api/v1/projects/bdx-dev/raw/dbs/db_databricks_everest_raw/tables/tb_PLKO/rows?ensureParent=True 200
2026-07-29 21:16:51.523 UTC [DEBUG   ] ThreadPoolExecutor-0_0 - https://az-phx-001.cognitedata.com:443 "POST /api/v1/projects/bdx-dev/raw/dbs/db_databricks_everest_raw/tables/tb_MKAL/rows?ensureParent=True HTTP/1.1" 200 6
2026-07-29 21:16:51.523 UTC [DEBUG   ] ThreadPoolExecutor-0_0 - HTTP/1.1 POST https://az-phx-001.cognitedata.com/api/v1/projects/bdx-dev/raw/dbs/db_databricks_everest_raw/tables/tb_MKAL/rows?ensureParent=True 200
2026-07-29 21:16:51.601 UTC [DEBUG   ] ThreadPoolExecutor-0_2 - https://az-phx-001.cognitedata.com:443 "POST /api/v1/projects/bdx-dev/raw/dbs/db_databricks_everest_raw/tables/tb_MCHA/rows?ensureParent=True HTTP/1.1" 200 6
2026-07-29 21:16:51.601 UTC [DEBUG   ] ThreadPoolExecutor-0_2 - HTTP/1.1 POST https://az-phx-001.cognitedata.com/api/v1/projects/bdx-dev/raw/dbs/db_databricks_everest_raw/tables/tb_MCHA/rows?ensureParent=True 200
2026-07-29 21:16:51.601 UTC [INFO    ] QueryExecutor_3 - Uploaded 16010 raw rows
2026-07-29 21:16:52.258 UTC [INFO    ] QueryExecutor_3 - Connected to db-databricks-raw successfully
2026-07-29 21:16:52.258 UTC [INFO    ] QueryExecutor_3 - Starting extraction of extract-everest-MCHB
2026-07-29 21:16:52.258 UTC [INFO    ] QueryExecutor_3 - Getting rows from odbc
2026-07-29 21:16:52.633 UTC [INFO    ] QueryExecutor_1 - Current_row_count for query extract-everest-MAST: 290000
2026-07-29 21:16:53.774 UTC [INFO    ] QueryExecutor_3 - No more rows for extract-everest-MCHB. 10 rows extracted in 1.52 seconds
2026-07-29 21:16:53.774 UTC [INFO    ] QueryExecutor_3 - Reporting new success run: No more rows for extract-everest-MCHB. 10 rows extracted in 1.52 seconds
2026-07-29 21:16:53.805 UTC [DEBUG   ] ThreadPoolExecutor-0_4 - https://az-phx-001.cognitedata.com:443 "POST /api/v1/projects/bdx-dev/extpipes/runs HTTP/1.1" 200 205
2026-07-29 21:16:53.805 UTC [DEBUG   ] ThreadPoolExecutor-0_4 - HTTP/1.1 POST https://az-phx-001.cognitedata.com/api/v1/projects/bdx-dev/extpipes/runs 200
2026-07-29 21:16:55.086 UTC [DEBUG   ] ThreadPoolExecutor-0_3 - https://az-phx-001.cognitedata.com:443 "POST /api/v1/projects/bdx-dev/raw/dbs/db_databricks_everest_raw/tables/tb_MAST/rows?ensureParent=True HTTP/1.1" 200 6
2026-07-29 21:16:55.086 UTC [DEBUG   ] ThreadPoolExecutor-0_3 - HTTP/1.1 POST https://az-phx-001.cognitedata.com/api/v1/projects/bdx-dev/raw/dbs/db_databricks_everest_raw/tables/tb_MAST/rows?ensureParent=True 200
2026-07-29 21:16:55.149 UTC [DEBUG   ] ThreadPoolExecutor-0_0 - https://az-phx-001.cognitedata.com:443 "POST /api/v1/projects/bdx-dev/raw/dbs/db_databricks_everest_raw/tables/tb_MAST/rows?ensureParent=True HTTP/1.1" 200 6
2026-07-29 21:16:55.149 UTC [DEBUG   ] ThreadPoolExecutor-0_0 - HTTP/1.1 POST https://az-phx-001.cognitedata.com/api/v1/projects/bdx-dev/raw/dbs/db_databricks_everest_raw/tables/tb_MAST/rows?ensureParent=True 200
2026-07-29 21:16:56.055 UTC [DEBUG   ] ThreadPoolExecutor-0_1 - https://az-phx-001.cognitedata.com:443 "POST /api/v1/projects/bdx-dev/raw/dbs/db_databricks_everest_raw/tables/tb_PLKO/rows?ensureParent=True HTTP/1.1" 200 6
2026-07-29 21:16:56.055 UTC [DEBUG   ] ThreadPoolExecutor-0_1 - HTTP/1.1 POST https://az-phx-001.cognitedata.com/api/v1/projects/bdx-dev/raw/dbs/db_databricks_everest_raw/tables/tb_PLKO/rows?ensureParent=True 200
2026-07-29 21:16:56.414 UTC [DEBUG   ] ThreadPoolExecutor-0_2 - https://az-phx-001.cognitedata.com:443 "POST /api/v1/projects/bdx-dev/raw/dbs/db_databricks_everest_raw/tables/tb_MKAL/rows?ensureParent=True HTTP/1.1" 200 6
2026-07-29 21:16:56.414 UTC [DEBUG   ] ThreadPoolExecutor-0_2 - HTTP/1.1 POST https://az-phx-001.cognitedata.com/api/v1/projects/bdx-dev/raw/dbs/db_databricks_everest_raw/tables/tb_MKAL/rows?ensureParent=True 200
2026-07-29 21:16:56.445 UTC [DEBUG   ] ThreadPoolExecutor-0_0 - https://az-phx-001.cognitedata.com:443 "POST /api/v1/projects/bdx-dev/raw/dbs/db_databricks_everest_raw/tables/tb_MCHB/rows?ensureParent=True HTTP/1.1" 200 6
2026-07-29 21:16:56.445 UTC [DEBUG   ] ThreadPoolExecutor-0_0 - HTTP/1.1 POST https://az-phx-001.cognitedata.com/api/v1/projects/bdx-dev/raw/dbs/db_databricks_everest_raw/tables/tb_MCHB/rows?ensureParent=True 200
2026-07-29 21:16:56.445 UTC [INFO    ] QueryExecutor_3 - Uploaded 16010 raw rows
2026-07-29 21:16:56.758 UTC [INFO    ] QueryExecutor_2 - Current_row_count for query extract-everest-MKAL: 60000
2026-07-29 21:16:57.539 UTC [INFO    ] QueryExecutor_1 - Current_row_count for query extract-everest-MAST: 300000
2026-07-29 21:16:57.742 UTC [INFO    ] QueryExecutor_3 - Connected to db-databricks-raw successfully
2026-07-29 21:16:57.774 UTC [INFO    ] QueryExecutor_3 - Starting extraction of extract-everest-LAGP
2026-07-29 21:16:57.774 UTC [INFO    ] QueryExecutor_3 - Getting rows from odbc
2026-07-29 21:16:58.836 UTC [INFO    ] QueryExecutor_0 - Current_row_count for query extract-everest-PLKO: 90000
2026-07-29 21:16:58.914 UTC [INFO    ] QueryExecutor_3 - No more rows for extract-everest-LAGP. 10 rows extracted in 1.14 seconds
2026-07-29 21:16:58.914 UTC [INFO    ] QueryExecutor_3 - Reporting new success run: No more rows for extract-everest-LAGP. 10 rows extracted in 1.14 seconds
2026-07-29 21:16:58.945 UTC [DEBUG   ] ThreadPoolExecutor-0_1 - https://az-phx-001.cognitedata.com:443 "POST /api/v1/projects/bdx-dev/extpipes/runs HTTP/1.1" 200 205
2026-07-29 21:16:58.945 UTC [DEBUG   ] ThreadPoolExecutor-0_1 - HTTP/1.1 POST https://az-phx-001.cognitedata.com/api/v1/projects/bdx-dev/extpipes/runs 200
2026-07-29 21:16:59.242 UTC [DEBUG   ] ThreadPoolExecutor-0_0 - https://az-phx-001.cognitedata.com:443 "POST /api/v1/projects/bdx-dev/raw/dbs/db_databricks_everest_raw/tables/tb_MAST/rows?ensureParent=True HTTP/1.1" 200 6
2026-07-29 21:16:59.242 UTC [DEBUG   ] ThreadPoolExecutor-0_0 - HTTP/1.1 POST https://az-phx-001.cognitedata.com/api/v1/projects/bdx-dev/raw/dbs/db_databricks_everest_raw/tables/tb_MAST/rows?ensureParent=True 200
2026-07-29 21:16:59.773 UTC [DEBUG   ] ThreadPoolExecutor-0_4 - https://az-phx-001.cognitedata.com:443 "POST /api/v1/projects/bdx-dev/raw/dbs/db_databricks_everest_raw/tables/tb_MAST/rows?ensureParent=True HTTP/1.1" 200 6
2026-07-29 21:16:59.773 UTC [DEBUG   ] ThreadPoolExecutor-0_4 - HTTP/1.1 POST https://az-phx-001.cognitedata.com/api/v1/projects/bdx-dev/raw/dbs/db_databricks_everest_raw/tables/tb_MAST/rows?ensureParent=True 200
2026-07-29 21:16:59.789 UTC [DEBUG   ] ThreadPoolExecutor-0_2 - https://az-phx-001.cognitedata.com:443 "POST /api/v1/projects/bdx-dev/raw/dbs/db_databricks_everest_raw/tables/tb_MAST/rows?ensureParent=True HTTP/1.1" 200 6
2026-07-29 21:16:59.805 UTC [DEBUG   ] ThreadPoolExecutor-0_2 - HTTP/1.1 POST https://az-phx-001.cognitedata.com/api/v1/projects/bdx-dev/raw/dbs/db_databricks_everest_raw/tables/tb_MAST/rows?ensureParent=True 200
2026-07-29 21:17:01.093 UTC [DEBUG   ] ThreadPoolExecutor-0_1 - https://az-phx-001.cognitedata.com:443 "POST /api/v1/projects/bdx-dev/raw/dbs/db_databricks_everest_raw/tables/tb_PLKO/rows?ensureParent=True HTTP/1.1" 200 6
2026-07-29 21:17:01.093 UTC [DEBUG   ] ThreadPoolExecutor-0_1 - HTTP/1.1 POST https://az-phx-001.cognitedata.com/api/v1/projects/bdx-dev/raw/dbs/db_databricks_everest_raw/tables/tb_PLKO/rows?ensureParent=True 200
2026-07-29 21:17:01.561 UTC [DEBUG   ] ThreadPoolExecutor-0_0 - https://az-phx-001.cognitedata.com:443 "POST /api/v1/projects/bdx-dev/raw/dbs/db_databricks_everest_raw/tables/tb_MKAL/rows?ensureParent=True HTTP/1.1" 200 6
2026-07-29 21:17:01.577 UTC [DEBUG   ] ThreadPoolExecutor-0_0 - HTTP/1.1 POST https://az-phx-001.cognitedata.com/api/v1/projects/bdx-dev/raw/dbs/db_databricks_everest_raw/tables/tb_MKAL/rows?ensureParent=True 200
2026-07-29 21:17:01.608 UTC [DEBUG   ] ThreadPoolExecutor-0_2 - https://az-phx-001.cognitedata.com:443 "POST /api/v1/projects/bdx-dev/raw/dbs/db_databricks_everest_raw/tables/tb_LAGP/rows?ensureParent=True HTTP/1.1" 200 6
2026-07-29 21:17:01.624 UTC [DEBUG   ] ThreadPoolExecutor-0_2 - HTTP/1.1 POST https://az-phx-001.cognitedata.com/api/v1/projects/bdx-dev/raw/dbs/db_databricks_everest_raw/tables/tb_LAGP/rows?ensureParent=True 200
2026-07-29 21:17:01.624 UTC [INFO    ] QueryExecutor_3 - Uploaded 18010 raw rows
2026-07-29 21:17:02.281 UTC [INFO    ] QueryExecutor_3 - Connected to db-databricks-raw successfully
2026-07-29 21:17:02.281 UTC [INFO    ] QueryExecutor_3 - Starting extraction of extract-everest-LQUA
2026-07-29 21:17:02.281 UTC [INFO    ] QueryExecutor_3 - Getting rows from odbc
2026-07-29 21:17:02.385 UTC [INFO    ] QueryExecutor_1 - Current_row_count for query extract-everest-MAST: 310000
2026-07-29 21:17:03.261 UTC [INFO    ] QueryExecutor_3 - No more rows for extract-everest-LQUA. 10 rows extracted in 0.98 seconds
2026-07-29 21:17:03.261 UTC [INFO    ] QueryExecutor_3 - Reporting new success run: No more rows for extract-everest-LQUA. 10 rows extracted in 0.98 seconds
2026-07-29 21:17:03.308 UTC [DEBUG   ] ThreadPoolExecutor-0_1 - https://az-phx-001.cognitedata.com:443 "POST /api/v1/projects/bdx-dev/extpipes/runs HTTP/1.1" 200 205
2026-07-29 21:17:03.308 UTC [DEBUG   ] ThreadPoolExecutor-0_1 - HTTP/1.1 POST https://az-phx-001.cognitedata.com/api/v1/projects/bdx-dev/extpipes/runs 200
2026-07-29 21:17:03.636 UTC [DEBUG   ] ThreadPoolExecutor-0_0 - https://az-phx-001.cognitedata.com:443 "POST /api/v1/projects/bdx-dev/raw/dbs/db_databricks_everest_raw/tables/tb_MKAL/rows?ensureParent=True HTTP/1.1" 200 6
2026-07-29 21:17:03.636 UTC [DEBUG   ] ThreadPoolExecutor-0_0 - HTTP/1.1 POST https://az-phx-001.cognitedata.com/api/v1/projects/bdx-dev/raw/dbs/db_databricks_everest_raw/tables/tb_MKAL/rows?ensureParent=True 200
2026-07-29 21:17:04.292 UTC [DEBUG   ] ThreadPoolExecutor-0_4 - https://az-phx-001.cognitedata.com:443 "POST /api/v1/projects/bdx-dev/raw/dbs/db_databricks_everest_raw/tables/tb_MAST/rows?ensureParent=True HTTP/1.1" 200 6
2026-07-29 21:17:04.292 UTC [DEBUG   ] ThreadPoolExecutor-0_4 - HTTP/1.1 POST https://az-phx-001.cognitedata.com/api/v1/projects/bdx-dev/raw/dbs/db_databricks_everest_raw/tables/tb_MAST/rows?ensureParent=True 200
2026-07-29 21:17:04.417 UTC [DEBUG   ] ThreadPoolExecutor-0_2 - https://az-phx-001.cognitedata.com:443 "POST /api/v1/projects/bdx-dev/raw/dbs/db_databricks_everest_raw/tables/tb_MAST/rows?ensureParent=True HTTP/1.1" 200 6
2026-07-29 21:17:04.417 UTC [DEBUG   ] ThreadPoolExecutor-0_2 - HTTP/1.1 POST https://az-phx-001.cognitedata.com/api/v1/projects/bdx-dev/raw/dbs/db_databricks_everest_raw/tables/tb_MAST/rows?ensureParent=True 200
2026-07-29 21:17:05.136 UTC [DEBUG   ] ThreadPoolExecutor-0_3 - https://az-phx-001.cognitedata.com:443 "POST /api/v1/projects/bdx-dev/raw/dbs/db_databricks_everest_raw/tables/tb_PLKO/rows?ensureParent=True HTTP/1.1" 200 6
2026-07-29 21:17:05.136 UTC [DEBUG   ] ThreadPoolExecutor-0_3 - HTTP/1.1 POST https://az-phx-001.cognitedata.com/api/v1/projects/bdx-dev/raw/dbs/db_databricks_everest_raw/tables/tb_PLKO/rows?ensureParent=True 200
2026-07-29 21:17:05.198 UTC [DEBUG   ] ThreadPoolExecutor-0_1 - https://az-phx-001.cognitedata.com:443 "POST /api/v1/projects/bdx-dev/raw/dbs/db_databricks_everest_raw/tables/tb_LQUA/rows?ensureParent=True HTTP/1.1" 200 6
2026-07-29 21:17:05.198 UTC [DEBUG   ] ThreadPoolExecutor-0_1 - HTTP/1.1 POST https://az-phx-001.cognitedata.com/api/v1/projects/bdx-dev/raw/dbs/db_databricks_everest_raw/tables/tb_LQUA/rows?ensureParent=True 200
2026-07-29 21:17:05.198 UTC [INFO    ] QueryExecutor_3 - Uploaded 13010 raw rows
2026-07-29 21:17:05.917 UTC [INFO    ] QueryExecutor_3 - Connected to db-databricks-raw successfully
2026-07-29 21:17:05.917 UTC [INFO    ] QueryExecutor_3 - Starting extraction of extract-everest-MSKU
2026-07-29 21:17:05.917 UTC [INFO    ] QueryExecutor_3 - Getting rows from odbc
2026-07-29 21:17:06.526 UTC [INFO    ] QueryExecutor_1 - Current_row_count for query extract-everest-MAST: 320000
2026-07-29 21:17:07.370 UTC [INFO    ] QueryExecutor_2 - Current_row_count for query extract-everest-MKAL: 70000
2026-07-29 21:17:09.932 UTC [INFO    ] QueryExecutor_1 - Current_row_count for query extract-everest-MAST: 330000
2026-07-29 21:17:13.698 UTC [INFO    ] QueryExecutor_2 - Upload queue reached threshold size 50000/50000, triggering upload
2026-07-29 21:17:15.588 UTC [DEBUG   ] ThreadPoolExecutor-0_0 - https://az-phx-001.cognitedata.com:443 "POST /api/v1/projects/bdx-dev/raw/dbs/db_databricks_everest_raw/tables/tb_MAST/rows?ensureParent=True HTTP/1.1" 200 6
2026-07-29 21:17:15.588 UTC [DEBUG   ] ThreadPoolExecutor-0_0 - HTTP/1.1 POST https://az-phx-001.cognitedata.com/api/v1/projects/bdx-dev/raw/dbs/db_databricks_everest_raw/tables/tb_MAST/rows?ensureParent=True 200
2026-07-29 21:17:15.682 UTC [DEBUG   ] ThreadPoolExecutor-0_2 - https://az-phx-001.cognitedata.com:443 "POST /api/v1/projects/bdx-dev/raw/dbs/db_databricks_everest_raw/tables/tb_MAST/rows?ensureParent=True HTTP/1.1" 200 6
2026-07-29 21:17:15.682 UTC [DEBUG   ] ThreadPoolExecutor-0_2 - HTTP/1.1 POST https://az-phx-001.cognitedata.com/api/v1/projects/bdx-dev/raw/dbs/db_databricks_everest_raw/tables/tb_MAST/rows?ensureParent=True 200
2026-07-29 21:17:15.916 UTC [DEBUG   ] ThreadPoolExecutor-0_4 - https://az-phx-001.cognitedata.com:443 "POST /api/v1/projects/bdx-dev/raw/dbs/db_databricks_everest_raw/tables/tb_MAST/rows?ensureParent=True HTTP/1.1" 200 6
2026-07-29 21:17:15.916 UTC [DEBUG   ] ThreadPoolExecutor-0_4 - HTTP/1.1 POST https://az-phx-001.cognitedata.com/api/v1/projects/bdx-dev/raw/dbs/db_databricks_everest_raw/tables/tb_MAST/rows?ensureParent=True 200
2026-07-29 21:17:15.932 UTC [DEBUG   ] ThreadPoolExecutor-0_3 - https://az-phx-001.cognitedata.com:443 "POST /api/v1/projects/bdx-dev/raw/dbs/db_databricks_everest_raw/tables/tb_MAST/rows?ensureParent=True HTTP/1.1" 200 6
2026-07-29 21:17:15.932 UTC [DEBUG   ] ThreadPoolExecutor-0_3 - HTTP/1.1 POST https://az-phx-001.cognitedata.com/api/v1/projects/bdx-dev/raw/dbs/db_databricks_everest_raw/tables/tb_MAST/rows?ensureParent=True 200
2026-07-29 21:17:16.166 UTC [DEBUG   ] ThreadPoolExecutor-0_1 - https://az-phx-001.cognitedata.com:443 "POST /api/v1/projects/bdx-dev/raw/dbs/db_databricks_everest_raw/tables/tb_MAST/rows?ensureParent=True HTTP/1.1" 200 6
2026-07-29 21:17:16.166 UTC [DEBUG   ] ThreadPoolExecutor-0_1 - HTTP/1.1 POST https://az-phx-001.cognitedata.com/api/v1/projects/bdx-dev/raw/dbs/db_databricks_everest_raw/tables/tb_MAST/rows?ensureParent=True 200
2026-07-29 21:17:16.666 UTC [DEBUG   ] ThreadPoolExecutor-0_2 - https://az-phx-001.cognitedata.com:443 "POST /api/v1/projects/bdx-dev/raw/dbs/db_databricks_everest_raw/tables/tb_MKAL/rows?ensureParent=True HTTP/1.1" 200 6
2026-07-29 21:17:16.666 UTC [DEBUG   ] ThreadPoolExecutor-0_2 - HTTP/1.1 POST https://az-phx-001.cognitedata.com/api/v1/projects/bdx-dev/raw/dbs/db_databricks_everest_raw/tables/tb_MKAL/rows?ensureParent=True 200
2026-07-29 21:17:16.729 UTC [DEBUG   ] ThreadPoolExecutor-0_0 - https://az-phx-001.cognitedata.com:443 "POST /api/v1/projects/bdx-dev/raw/dbs/db_databricks_everest_raw/tables/tb_MKAL/rows?ensureParent=True HTTP/1.1" 200 6
2026-07-29 21:17:16.729 UTC [DEBUG   ] ThreadPoolExecutor-0_0 - HTTP/1.1 POST https://az-phx-001.cognitedata.com/api/v1/projects/bdx-dev/raw/dbs/db_databricks_everest_raw/tables/tb_MKAL/rows?ensureParent=True 200
2026-07-29 21:17:17.338 UTC [DEBUG   ] ThreadPoolExecutor-0_1 - https://az-phx-001.cognitedata.com:443 "POST /api/v1/projects/bdx-dev/raw/dbs/db_databricks_everest_raw/tables/tb_PLKO/rows?ensureParent=True HTTP/1.1" 200 6
2026-07-29 21:17:17.338 UTC [DEBUG   ] ThreadPoolExecutor-0_1 - HTTP/1.1 POST https://az-phx-001.cognitedata.com/api/v1/projects/bdx-dev/raw/dbs/db_databricks_everest_raw/tables/tb_PLKO/rows?ensureParent=True 200
2026-07-29 21:17:18.623 UTC [DEBUG   ] ThreadPoolExecutor-0_3 - https://az-phx-001.cognitedata.com:443 "POST /api/v1/projects/bdx-dev/raw/dbs/db_databricks_everest_raw/tables/tb_PLKO/rows?ensureParent=True HTTP/1.1" 200 6
2026-07-29 21:17:18.623 UTC [DEBUG   ] ThreadPoolExecutor-0_3 - HTTP/1.1 POST https://az-phx-001.cognitedata.com/api/v1/projects/bdx-dev/raw/dbs/db_databricks_everest_raw/tables/tb_PLKO/rows?ensureParent=True 200
2026-07-29 21:17:19.389 UTC [DEBUG   ] ThreadPoolExecutor-0_0 - https://az-phx-001.cognitedata.com:443 "POST /api/v1/projects/bdx-dev/raw/dbs/db_databricks_everest_raw/tables/tb_MSKU/rows?ensureParent=True HTTP/1.1" 200 6
2026-07-29 21:17:19.389 UTC [DEBUG   ] ThreadPoolExecutor-0_0 - HTTP/1.1 POST https://az-phx-001.cognitedata.com/api/v1/projects/bdx-dev/raw/dbs/db_databricks_everest_raw/tables/tb_MSKU/rows?ensureParent=True 200
2026-07-29 21:17:19.498 UTC [DEBUG   ] ThreadPoolExecutor-0_2 - https://az-phx-001.cognitedata.com:443 "POST /api/v1/projects/bdx-dev/raw/dbs/db_databricks_everest_raw/tables/tb_MSKU/rows?ensureParent=True HTTP/1.1" 200 6
2026-07-29 21:17:19.498 UTC [DEBUG   ] ThreadPoolExecutor-0_2 - HTTP/1.1 POST https://az-phx-001.cognitedata.com/api/v1/projects/bdx-dev/raw/dbs/db_databricks_everest_raw/tables/tb_MSKU/rows?ensureParent=True 200
2026-07-29 21:17:19.498 UTC [INFO    ] QueryExecutor_2 - Uploaded 50000 raw rows
2026-07-29 21:17:19.858 UTC [INFO    ] QueryExecutor_3 - No more rows for extract-everest-MSKU. 9910 rows extracted in 13.9 seconds
2026-07-29 21:17:19.858 UTC [INFO    ] QueryExecutor_3 - Reporting new success run: No more rows for extract-everest-MSKU. 9910 rows extracted in 13.9 seconds
2026-07-29 21:17:19.874 UTC [INFO    ] QueryExecutor_1 - Current_row_count for query extract-everest-MAST: 340000
2026-07-29 21:17:19.889 UTC [DEBUG   ] ThreadPoolExecutor-0_1 - https://az-phx-001.cognitedata.com:443 "POST /api/v1/projects/bdx-dev/extpipes/runs HTTP/1.1" 200 207
2026-07-29 21:17:19.889 UTC [DEBUG   ] ThreadPoolExecutor-0_1 - HTTP/1.1 POST https://az-phx-001.cognitedata.com/api/v1/projects/bdx-dev/extpipes/runs 200
2026-07-29 21:17:20.092 UTC [DEBUG   ] ThreadPoolExecutor-0_4 - https://az-phx-001.cognitedata.com:443 "POST /api/v1/projects/bdx-dev/raw/dbs/db_databricks_everest_raw/tables/tb_MAST/rows?ensureParent=True HTTP/1.1" 200 6
2026-07-29 21:17:20.092 UTC [DEBUG   ] ThreadPoolExecutor-0_4 - HTTP/1.1 POST https://az-phx-001.cognitedata.com/api/v1/projects/bdx-dev/raw/dbs/db_databricks_everest_raw/tables/tb_MAST/rows?ensureParent=True 200
2026-07-29 21:17:20.202 UTC [DEBUG   ] ThreadPoolExecutor-0_2 - https://az-phx-001.cognitedata.com:443 "POST /api/v1/projects/bdx-dev/raw/dbs/db_databricks_everest_raw/tables/tb_MSKU/rows?ensureParent=True HTTP/1.1" 200 6
2026-07-29 21:17:20.202 UTC [DEBUG   ] ThreadPoolExecutor-0_2 - HTTP/1.1 POST https://az-phx-001.cognitedata.com/api/v1/projects/bdx-dev/raw/dbs/db_databricks_everest_raw/tables/tb_MSKU/rows?ensureParent=True 200
2026-07-29 21:17:20.686 UTC [DEBUG   ] ThreadPoolExecutor-0_1 - https://az-phx-001.cognitedata.com:443 "POST /api/v1/projects/bdx-dev/raw/dbs/db_databricks_everest_raw/tables/tb_PLKO/rows?ensureParent=True HTTP/1.1" 200 6
2026-07-29 21:17:20.686 UTC [DEBUG   ] ThreadPoolExecutor-0_1 - HTTP/1.1 POST https://az-phx-001.cognitedata.com/api/v1/projects/bdx-dev/raw/dbs/db_databricks_everest_raw/tables/tb_PLKO/rows?ensureParent=True 200
2026-07-29 21:17:20.686 UTC [INFO    ] QueryExecutor_3 - Uploaded 2910 raw rows
2026-07-29 21:17:20.952 UTC [INFO    ] QueryExecutor_0 - Current_row_count for query extract-everest-PLKO: 100000
2026-07-29 21:17:21.499 UTC [INFO    ] QueryExecutor_3 - Connected to db-databricks-raw successfully
2026-07-29 21:17:21.499 UTC [INFO    ] QueryExecutor_3 - Starting extraction of extract-everest-T301
2026-07-29 21:17:21.499 UTC [INFO    ] QueryExecutor_3 - Getting rows from odbc
2026-07-29 21:17:22.280 UTC [INFO    ] QueryExecutor_3 - No more rows for extract-everest-T301. 10 rows extracted in 0.781 seconds
2026-07-29 21:17:22.280 UTC [INFO    ] QueryExecutor_3 - Reporting new success run: No more rows for extract-everest-T301. 10 rows extracted in 0.781 seconds
2026-07-29 21:17:22.311 UTC [DEBUG   ] ThreadPoolExecutor-0_4 - https://az-phx-001.cognitedata.com:443 "POST /api/v1/projects/bdx-dev/extpipes/runs HTTP/1.1" 200 206
2026-07-29 21:17:22.311 UTC [DEBUG   ] ThreadPoolExecutor-0_4 - HTTP/1.1 POST https://az-phx-001.cognitedata.com/api/v1/projects/bdx-dev/extpipes/runs 200
2026-07-29 21:17:22.655 UTC [DEBUG   ] ThreadPoolExecutor-0_0 - https://az-phx-001.cognitedata.com:443 "POST /api/v1/projects/bdx-dev/raw/dbs/db_databricks_everest_raw/tables/tb_MAST/rows?ensureParent=True HTTP/1.1" 200 6
2026-07-29 21:17:22.655 UTC [DEBUG   ] ThreadPoolExecutor-0_0 - HTTP/1.1 POST https://az-phx-001.cognitedata.com/api/v1/projects/bdx-dev/raw/dbs/db_databricks_everest_raw/tables/tb_MAST/rows?ensureParent=True 200
2026-07-29 21:17:23.092 UTC [DEBUG   ] ThreadPoolExecutor-0_2 - https://az-phx-001.cognitedata.com:443 "POST /api/v1/projects/bdx-dev/raw/dbs/db_databricks_everest_raw/tables/tb_MAST/rows?ensureParent=True HTTP/1.1" 200 6
2026-07-29 21:17:23.092 UTC [DEBUG   ] ThreadPoolExecutor-0_2 - HTTP/1.1 POST https://az-phx-001.cognitedata.com/api/v1/projects/bdx-dev/raw/dbs/db_databricks_everest_raw/tables/tb_MAST/rows?ensureParent=True 200
2026-07-29 21:17:23.374 UTC [DEBUG   ] ThreadPoolExecutor-0_3 - https://az-phx-001.cognitedata.com:443 "POST /api/v1/projects/bdx-dev/raw/dbs/db_databricks_everest_raw/tables/tb_MKAL/rows?ensureParent=True HTTP/1.1" 200 6
2026-07-29 21:17:23.374 UTC [DEBUG   ] ThreadPoolExecutor-0_3 - HTTP/1.1 POST https://az-phx-001.cognitedata.com/api/v1/projects/bdx-dev/raw/dbs/db_databricks_everest_raw/tables/tb_MKAL/rows?ensureParent=True 200
2026-07-29 21:17:24.217 UTC [DEBUG   ] ThreadPoolExecutor-0_1 - https://az-phx-001.cognitedata.com:443 "POST /api/v1/projects/bdx-dev/raw/dbs/db_databricks_everest_raw/tables/tb_PLKO/rows?ensureParent=True HTTP/1.1" 200 6
2026-07-29 21:17:24.217 UTC [DEBUG   ] ThreadPoolExecutor-0_1 - HTTP/1.1 POST https://az-phx-001.cognitedata.com/api/v1/projects/bdx-dev/raw/dbs/db_databricks_everest_raw/tables/tb_PLKO/rows?ensureParent=True 200
2026-07-29 21:17:24.264 UTC [DEBUG   ] ThreadPoolExecutor-0_2 - https://az-phx-001.cognitedata.com:443 "POST /api/v1/projects/bdx-dev/raw/dbs/db_databricks_everest_raw/tables/tb_T301/rows?ensureParent=True HTTP/1.1" 200 6
2026-07-29 21:17:24.264 UTC [DEBUG   ] ThreadPoolExecutor-0_2 - HTTP/1.1 POST https://az-phx-001.cognitedata.com/api/v1/projects/bdx-dev/raw/dbs/db_databricks_everest_raw/tables/tb_T301/rows?ensureParent=True 200
2026-07-29 21:17:24.264 UTC [INFO    ] QueryExecutor_3 - Uploaded 11010 raw rows
2026-07-29 21:17:24.530 UTC [INFO    ] QueryExecutor_2 - Current_row_count for query extract-everest-MKAL: 80000
2026-07-29 21:17:24.952 UTC [INFO    ] QueryExecutor_3 - Connected to db-databricks-raw successfully
2026-07-29 21:17:24.952 UTC [INFO    ] QueryExecutor_3 - Starting extraction of extract-everest-MKPF
2026-07-29 21:17:24.952 UTC [INFO    ] QueryExecutor_3 - Getting rows from odbc
2026-07-29 21:17:25.155 UTC [INFO    ] QueryExecutor_1 - Current_row_count for query extract-everest-MAST: 350000
2026-07-29 21:17:26.045 UTC [INFO    ] QueryExecutor_3 - No more rows for extract-everest-MKPF. 10 rows extracted in 1.09 seconds
2026-07-29 21:17:26.045 UTC [INFO    ] QueryExecutor_3 - Reporting new success run: No more rows for extract-everest-MKPF. 10 rows extracted in 1.09 seconds
2026-07-29 21:17:26.139 UTC [DEBUG   ] ThreadPoolExecutor-0_3 - https://az-phx-001.cognitedata.com:443 "POST /api/v1/projects/bdx-dev/extpipes/runs HTTP/1.1" 200 205
2026-07-29 21:17:26.139 UTC [DEBUG   ] ThreadPoolExecutor-0_3 - HTTP/1.1 POST https://az-phx-001.cognitedata.com/api/v1/projects/bdx-dev/extpipes/runs 200
2026-07-29 21:17:27.108 UTC [DEBUG   ] ThreadPoolExecutor-0_4 - https://az-phx-001.cognitedata.com:443 "POST /api/v1/projects/bdx-dev/raw/dbs/db_databricks_everest_raw/tables/tb_MAST/rows?ensureParent=True HTTP/1.1" 200 6
2026-07-29 21:17:27.108 UTC [DEBUG   ] ThreadPoolExecutor-0_4 - HTTP/1.1 POST https://az-phx-001.cognitedata.com/api/v1/projects/bdx-dev/raw/dbs/db_databricks_everest_raw/tables/tb_MAST/rows?ensureParent=True 200
2026-07-29 21:17:27.170 UTC [DEBUG   ] ThreadPoolExecutor-0_1 - https://az-phx-001.cognitedata.com:443 "POST /api/v1/projects/bdx-dev/raw/dbs/db_databricks_everest_raw/tables/tb_MAST/rows?ensureParent=True HTTP/1.1" 200 6
2026-07-29 21:17:27.170 UTC [DEBUG   ] ThreadPoolExecutor-0_1 - HTTP/1.1 POST https://az-phx-001.cognitedata.com/api/v1/projects/bdx-dev/raw/dbs/db_databricks_everest_raw/tables/tb_MAST/rows?ensureParent=True 200
2026-07-29 21:17:27.452 UTC [DEBUG   ] ThreadPoolExecutor-0_0 - https://az-phx-001.cognitedata.com:443 "POST /api/v1/projects/bdx-dev/raw/dbs/db_databricks_everest_raw/tables/tb_MKAL/rows?ensureParent=True HTTP/1.1" 200 6
2026-07-29 21:17:27.452 UTC [DEBUG   ] ThreadPoolExecutor-0_0 - HTTP/1.1 POST https://az-phx-001.cognitedata.com/api/v1/projects/bdx-dev/raw/dbs/db_databricks_everest_raw/tables/tb_MKAL/rows?ensureParent=True 200
2026-07-29 21:17:28.155 UTC [DEBUG   ] ThreadPoolExecutor-0_2 - https://az-phx-001.cognitedata.com:443 "POST /api/v1/projects/bdx-dev/raw/dbs/db_databricks_everest_raw/tables/tb_PLKO/rows?ensureParent=True HTTP/1.1" 200 6
2026-07-29 21:17:28.155 UTC [DEBUG   ] ThreadPoolExecutor-0_2 - HTTP/1.1 POST https://az-phx-001.cognitedata.com/api/v1/projects/bdx-dev/raw/dbs/db_databricks_everest_raw/tables/tb_PLKO/rows?ensureParent=True 200
2026-07-29 21:17:28.186 UTC [DEBUG   ] ThreadPoolExecutor-0_1 - https://az-phx-001.cognitedata.com:443 "POST /api/v1/projects/bdx-dev/raw/dbs/db_databricks_everest_raw/tables/tb_MKPF/rows?ensureParent=True HTTP/1.1" 200 6
2026-07-29 21:17:28.186 UTC [DEBUG   ] ThreadPoolExecutor-0_1 - HTTP/1.1 POST https://az-phx-001.cognitedata.com/api/v1/projects/bdx-dev/raw/dbs/db_databricks_everest_raw/tables/tb_MKPF/rows?ensureParent=True 200
2026-07-29 21:17:28.186 UTC [INFO    ] QueryExecutor_3 - Uploaded 14010 raw rows
2026-07-29 21:17:29.311 UTC [INFO    ] QueryExecutor_1 - Current_row_count for query extract-everest-MAST: 360000
2026-07-29 21:17:29.436 UTC [INFO    ] QueryExecutor_3 - Connected to db-databricks-raw successfully
2026-07-29 21:17:29.436 UTC [INFO    ] QueryExecutor_3 - Starting extraction of extract-everest-MSEG
2026-07-29 21:17:29.436 UTC [INFO    ] QueryExecutor_3 - Getting rows from odbc
2026-07-29 21:17:30.733 UTC [INFO    ] QueryExecutor_3 - No more rows for extract-everest-MSEG. 10 rows extracted in 1.3 seconds
2026-07-29 21:17:30.733 UTC [INFO    ] QueryExecutor_3 - Reporting new success run: No more rows for extract-everest-MSEG. 10 rows extracted in 1.3 seconds
2026-07-29 21:17:30.764 UTC [DEBUG   ] ThreadPoolExecutor-0_0 - https://az-phx-001.cognitedata.com:443 "POST /api/v1/projects/bdx-dev/extpipes/runs HTTP/1.1" 200 204
2026-07-29 21:17:30.764 UTC [DEBUG   ] ThreadPoolExecutor-0_0 - HTTP/1.1 POST https://az-phx-001.cognitedata.com/api/v1/projects/bdx-dev/extpipes/runs 200
2026-07-29 21:17:31.139 UTC [DEBUG   ] ThreadPoolExecutor-0_2 - https://az-phx-001.cognitedata.com:443 "POST /api/v1/projects/bdx-dev/raw/dbs/db_databricks_everest_raw/tables/tb_MKAL/rows?ensureParent=True HTTP/1.1" 200 6
2026-07-29 21:17:31.139 UTC [DEBUG   ] ThreadPoolExecutor-0_2 - HTTP/1.1 POST https://az-phx-001.cognitedata.com/api/v1/projects/bdx-dev/raw/dbs/db_databricks_everest_raw/tables/tb_MKAL/rows?ensureParent=True 200
2026-07-29 21:17:31.592 UTC [DEBUG   ] ThreadPoolExecutor-0_0 - https://az-phx-001.cognitedata.com:443 "POST /api/v1/projects/bdx-dev/raw/dbs/db_databricks_everest_raw/tables/tb_MAST/rows?ensureParent=True HTTP/1.1" 200 6
2026-07-29 21:17:31.592 UTC [DEBUG   ] ThreadPoolExecutor-0_0 - HTTP/1.1 POST https://az-phx-001.cognitedata.com/api/v1/projects/bdx-dev/raw/dbs/db_databricks_everest_raw/tables/tb_MAST/rows?ensureParent=True 200
2026-07-29 21:17:32.108 UTC [DEBUG   ] ThreadPoolExecutor-0_4 - https://az-phx-001.cognitedata.com:443 "POST /api/v1/projects/bdx-dev/raw/dbs/db_databricks_everest_raw/tables/tb_MAST/rows?ensureParent=True HTTP/1.1" 200 6
2026-07-29 21:17:32.108 UTC [DEBUG   ] ThreadPoolExecutor-0_4 - HTTP/1.1 POST https://az-phx-001.cognitedata.com/api/v1/projects/bdx-dev/raw/dbs/db_databricks_everest_raw/tables/tb_MAST/rows?ensureParent=True 200
2026-07-29 21:17:32.139 UTC [DEBUG   ] ThreadPoolExecutor-0_1 - https://az-phx-001.cognitedata.com:443 "POST /api/v1/projects/bdx-dev/raw/dbs/db_databricks_everest_raw/tables/tb_MAST/rows?ensureParent=True HTTP/1.1" 200 6
2026-07-29 21:17:32.139 UTC [DEBUG   ] ThreadPoolExecutor-0_1 - HTTP/1.1 POST https://az-phx-001.cognitedata.com/api/v1/projects/bdx-dev/raw/dbs/db_databricks_everest_raw/tables/tb_MAST/rows?ensureParent=True 200
2026-07-29 21:17:33.193 UTC [DEBUG   ] ThreadPoolExecutor-0_2 - https://az-phx-001.cognitedata.com:443 "POST /api/v1/projects/bdx-dev/raw/dbs/db_databricks_everest_raw/tables/tb_PLKO/rows?ensureParent=True HTTP/1.1" 200 6
2026-07-29 21:17:33.193 UTC [DEBUG   ] ThreadPoolExecutor-0_2 - HTTP/1.1 POST https://az-phx-001.cognitedata.com/api/v1/projects/bdx-dev/raw/dbs/db_databricks_everest_raw/tables/tb_PLKO/rows?ensureParent=True 200
2026-07-29 21:17:33.236 UTC [DEBUG   ] ThreadPoolExecutor-0_0 - https://az-phx-001.cognitedata.com:443 "POST /api/v1/projects/bdx-dev/raw/dbs/db_databricks_everest_raw/tables/tb_MSEG/rows?ensureParent=True HTTP/1.1" 200 6
2026-07-29 21:17:33.236 UTC [DEBUG   ] ThreadPoolExecutor-0_0 - HTTP/1.1 POST https://az-phx-001.cognitedata.com/api/v1/projects/bdx-dev/raw/dbs/db_databricks_everest_raw/tables/tb_MSEG/rows?ensureParent=True 200
2026-07-29 21:17:33.236 UTC [INFO    ] QueryExecutor_3 - Uploaded 18010 raw rows
2026-07-29 21:17:33.707 UTC [DEBUG   ] ConfigReloader - Loading local config file
2026-07-29 21:17:34.035 UTC [INFO    ] QueryExecutor_3 - Connected to db-databricks-raw successfully
2026-07-29 21:17:34.035 UTC [INFO    ] QueryExecutor_3 - Starting extraction of extract-everest-MDKP
2026-07-29 21:17:34.035 UTC [INFO    ] QueryExecutor_3 - Getting rows from odbc
2026-07-29 21:17:34.441 UTC [INFO    ] QueryExecutor_1 - Current_row_count for query extract-everest-MAST: 370000
2026-07-29 21:17:35.472 UTC [INFO    ] QueryExecutor_2 - Current_row_count for query extract-everest-MKAL: 90000
2026-07-29 21:17:35.488 UTC [INFO    ] QueryExecutor_3 - No more rows for extract-everest-MDKP. 10 rows extracted in 1.45 seconds
2026-07-29 21:17:35.488 UTC [INFO    ] QueryExecutor_3 - Reporting new success run: No more rows for extract-everest-MDKP. 10 rows extracted in 1.45 seconds
2026-07-29 21:17:35.535 UTC [DEBUG   ] ThreadPoolExecutor-0_1 - https://az-phx-001.cognitedata.com:443 "POST /api/v1/projects/bdx-dev/extpipes/runs HTTP/1.1" 200 205
2026-07-29 21:17:35.535 UTC [DEBUG   ] ThreadPoolExecutor-0_1 - HTTP/1.1 POST https://az-phx-001.cognitedata.com/api/v1/projects/bdx-dev/extpipes/runs 200
2026-07-29 21:17:36.441 UTC [DEBUG   ] ThreadPoolExecutor-0_4 - https://az-phx-001.cognitedata.com:443 "POST /api/v1/projects/bdx-dev/raw/dbs/db_databricks_everest_raw/tables/tb_MAST/rows?ensureParent=True HTTP/1.1" 200 6
2026-07-29 21:17:36.441 UTC [DEBUG   ] ThreadPoolExecutor-0_4 - HTTP/1.1 POST https://az-phx-001.cognitedata.com/api/v1/projects/bdx-dev/raw/dbs/db_databricks_everest_raw/tables/tb_MAST/rows?ensureParent=True 200
2026-07-29 21:17:36.550 UTC [DEBUG   ] ThreadPoolExecutor-0_2 - https://az-phx-001.cognitedata.com:443 "POST /api/v1/projects/bdx-dev/raw/dbs/db_databricks_everest_raw/tables/tb_MAST/rows?ensureParent=True HTTP/1.1" 200 6
2026-07-29 21:17:36.550 UTC [DEBUG   ] ThreadPoolExecutor-0_2 - HTTP/1.1 POST https://az-phx-001.cognitedata.com/api/v1/projects/bdx-dev/raw/dbs/db_databricks_everest_raw/tables/tb_MAST/rows?ensureParent=True 200
2026-07-29 21:17:36.863 UTC [DEBUG   ] ThreadPoolExecutor-0_3 - https://az-phx-001.cognitedata.com:443 "POST /api/v1/projects/bdx-dev/raw/dbs/db_databricks_everest_raw/tables/tb_MKAL/rows?ensureParent=True HTTP/1.1" 200 6
2026-07-29 21:17:36.863 UTC [DEBUG   ] ThreadPoolExecutor-0_3 - HTTP/1.1 POST https://az-phx-001.cognitedata.com/api/v1/projects/bdx-dev/raw/dbs/db_databricks_everest_raw/tables/tb_MKAL/rows?ensureParent=True 200
2026-07-29 21:17:37.644 UTC [DEBUG   ] ThreadPoolExecutor-0_0 - https://az-phx-001.cognitedata.com:443 "POST /api/v1/projects/bdx-dev/raw/dbs/db_databricks_everest_raw/tables/tb_PLKO/rows?ensureParent=True HTTP/1.1" 200 6
2026-07-29 21:17:37.660 UTC [DEBUG   ] ThreadPoolExecutor-0_0 - HTTP/1.1 POST https://az-phx-001.cognitedata.com/api/v1/projects/bdx-dev/raw/dbs/db_databricks_everest_raw/tables/tb_PLKO/rows?ensureParent=True 200
2026-07-29 21:17:37.707 UTC [DEBUG   ] ThreadPoolExecutor-0_2 - https://az-phx-001.cognitedata.com:443 "POST /api/v1/projects/bdx-dev/raw/dbs/db_databricks_everest_raw/tables/tb_MDKP/rows?ensureParent=True HTTP/1.1" 200 6
2026-07-29 21:17:37.707 UTC [DEBUG   ] ThreadPoolExecutor-0_2 - HTTP/1.1 POST https://az-phx-001.cognitedata.com/api/v1/projects/bdx-dev/raw/dbs/db_databricks_everest_raw/tables/tb_MDKP/rows?ensureParent=True 200
2026-07-29 21:17:37.707 UTC [INFO    ] QueryExecutor_3 - Uploaded 14010 raw rows
2026-07-29 21:17:38.441 UTC [INFO    ] QueryExecutor_3 - Connected to db-databricks-raw successfully
2026-07-29 21:17:38.441 UTC [INFO    ] QueryExecutor_3 - Starting extraction of extract-everest-MDTB
2026-07-29 21:17:38.441 UTC [INFO    ] QueryExecutor_3 - Getting rows from odbc
2026-07-29 21:17:38.972 UTC [INFO    ] QueryExecutor_0 - Current_row_count for query extract-everest-PLKO: 110000
2026-07-29 21:17:39.066 UTC [INFO    ] QueryExecutor_1 - Current_row_count for query extract-everest-MAST: 380000
2026-07-29 21:17:39.863 UTC [INFO    ] QueryExecutor_3 - No more rows for extract-everest-MDTB. 10 rows extracted in 1.42 seconds
2026-07-29 21:17:39.863 UTC [INFO    ] QueryExecutor_3 - Reporting new success run: No more rows for extract-everest-MDTB. 10 rows extracted in 1.42 seconds
2026-07-29 21:17:39.894 UTC [DEBUG   ] ThreadPoolExecutor-0_3 - https://az-phx-001.cognitedata.com:443 "POST /api/v1/projects/bdx-dev/extpipes/runs HTTP/1.1" 200 205
2026-07-29 21:17:39.894 UTC [DEBUG   ] ThreadPoolExecutor-0_3 - HTTP/1.1 POST https://az-phx-001.cognitedata.com/api/v1/projects/bdx-dev/extpipes/runs 200
2026-07-29 21:17:40.785 UTC [DEBUG   ] ThreadPoolExecutor-0_0 - https://az-phx-001.cognitedata.com:443 "POST /api/v1/projects/bdx-dev/raw/dbs/db_databricks_everest_raw/tables/tb_MAST/rows?ensureParent=True HTTP/1.1" 200 6
2026-07-29 21:17:40.785 UTC [DEBUG   ] ThreadPoolExecutor-0_0 - HTTP/1.1 POST https://az-phx-001.cognitedata.com/api/v1/projects/bdx-dev/raw/dbs/db_databricks_everest_raw/tables/tb_MAST/rows?ensureParent=True 200
2026-07-29 21:17:41.144 UTC [DEBUG   ] ThreadPoolExecutor-0_1 - https://az-phx-001.cognitedata.com:443 "POST /api/v1/projects/bdx-dev/raw/dbs/db_databricks_everest_raw/tables/tb_MAST/rows?ensureParent=True HTTP/1.1" 200 6
2026-07-29 21:17:41.144 UTC [DEBUG   ] ThreadPoolExecutor-0_1 - HTTP/1.1 POST https://az-phx-001.cognitedata.com/api/v1/projects/bdx-dev/raw/dbs/db_databricks_everest_raw/tables/tb_MAST/rows?ensureParent=True 200
2026-07-29 21:17:41.457 UTC [DEBUG   ] ThreadPoolExecutor-0_4 - https://az-phx-001.cognitedata.com:443 "POST /api/v1/projects/bdx-dev/raw/dbs/db_databricks_everest_raw/tables/tb_MKAL/rows?ensureParent=True HTTP/1.1" 200 6
2026-07-29 21:17:41.457 UTC [DEBUG   ] ThreadPoolExecutor-0_4 - HTTP/1.1 POST https://az-phx-001.cognitedata.com/api/v1/projects/bdx-dev/raw/dbs/db_databricks_everest_raw/tables/tb_MKAL/rows?ensureParent=True 200
2026-07-29 21:17:42.285 UTC [DEBUG   ] ThreadPoolExecutor-0_2 - https://az-phx-001.cognitedata.com:443 "POST /api/v1/projects/bdx-dev/raw/dbs/db_databricks_everest_raw/tables/tb_PLKO/rows?ensureParent=True HTTP/1.1" 200 6
2026-07-29 21:17:42.285 UTC [DEBUG   ] ThreadPoolExecutor-0_2 - HTTP/1.1 POST https://az-phx-001.cognitedata.com/api/v1/projects/bdx-dev/raw/dbs/db_databricks_everest_raw/tables/tb_PLKO/rows?ensureParent=True 200
2026-07-29 21:17:42.332 UTC [DEBUG   ] ThreadPoolExecutor-0_1 - https://az-phx-001.cognitedata.com:443 "POST /api/v1/projects/bdx-dev/raw/dbs/db_databricks_everest_raw/tables/tb_MDTB/rows?ensureParent=True HTTP/1.1" 200 6
2026-07-29 21:17:42.332 UTC [DEBUG   ] ThreadPoolExecutor-0_1 - HTTP/1.1 POST https://az-phx-001.cognitedata.com/api/v1/projects/bdx-dev/raw/dbs/db_databricks_everest_raw/tables/tb_MDTB/rows?ensureParent=True 200
2026-07-29 21:17:42.332 UTC [INFO    ] QueryExecutor_3 - Uploaded 16010 raw rows
2026-07-29 21:17:42.988 UTC [INFO    ] QueryExecutor_3 - Connected to db-databricks-raw successfully
2026-07-29 21:17:42.988 UTC [INFO    ] QueryExecutor_3 - Starting extraction of extract-everest-MDMA
2026-07-29 21:17:42.988 UTC [INFO    ] QueryExecutor_3 - Getting rows from odbc
2026-07-29 21:17:43.519 UTC [INFO    ] QueryExecutor_1 - Current_row_count for query extract-everest-MAST: 390000
2026-07-29 21:17:43.675 UTC [INFO    ] QueryExecutor_3 - No more rows for extract-everest-MDMA. 0 rows extracted in 0.687 seconds
2026-07-29 21:17:43.675 UTC [INFO    ] QueryExecutor_3 - Reporting new success run: No more rows for extract-everest-MDMA. 0 rows extracted in 0.687 seconds
2026-07-29 21:17:43.706 UTC [DEBUG   ] ThreadPoolExecutor-0_4 - https://az-phx-001.cognitedata.com:443 "POST /api/v1/projects/bdx-dev/extpipes/runs HTTP/1.1" 200 205
2026-07-29 21:17:43.706 UTC [DEBUG   ] ThreadPoolExecutor-0_4 - HTTP/1.1 POST https://az-phx-001.cognitedata.com/api/v1/projects/bdx-dev/extpipes/runs 200
2026-07-29 21:17:44.691 UTC [DEBUG   ] ThreadPoolExecutor-0_2 - https://az-phx-001.cognitedata.com:443 "POST /api/v1/projects/bdx-dev/raw/dbs/db_databricks_everest_raw/tables/tb_PLKO/rows?ensureParent=True HTTP/1.1" 200 6
2026-07-29 21:17:44.691 UTC [DEBUG   ] ThreadPoolExecutor-0_2 - HTTP/1.1 POST https://az-phx-001.cognitedata.com/api/v1/projects/bdx-dev/raw/dbs/db_databricks_everest_raw/tables/tb_PLKO/rows?ensureParent=True 200
2026-07-29 21:17:44.957 UTC [DEBUG   ] ThreadPoolExecutor-0_0 - https://az-phx-001.cognitedata.com:443 "POST /api/v1/projects/bdx-dev/raw/dbs/db_databricks_everest_raw/tables/tb_MAST/rows?ensureParent=True HTTP/1.1" 200 6
2026-07-29 21:17:44.957 UTC [DEBUG   ] ThreadPoolExecutor-0_0 - HTTP/1.1 POST https://az-phx-001.cognitedata.com/api/v1/projects/bdx-dev/raw/dbs/db_databricks_everest_raw/tables/tb_MAST/rows?ensureParent=True 200
2026-07-29 21:17:45.269 UTC [DEBUG   ] ThreadPoolExecutor-0_1 - https://az-phx-001.cognitedata.com:443 "POST /api/v1/projects/bdx-dev/raw/dbs/db_databricks_everest_raw/tables/tb_MAST/rows?ensureParent=True HTTP/1.1" 200 6
2026-07-29 21:17:45.269 UTC [DEBUG   ] ThreadPoolExecutor-0_1 - HTTP/1.1 POST https://az-phx-001.cognitedata.com/api/v1/projects/bdx-dev/raw/dbs/db_databricks_everest_raw/tables/tb_MAST/rows?ensureParent=True 200
2026-07-29 21:17:45.472 UTC [DEBUG   ] ThreadPoolExecutor-0_3 - https://az-phx-001.cognitedata.com:443 "POST /api/v1/projects/bdx-dev/raw/dbs/db_databricks_everest_raw/tables/tb_MKAL/rows?ensureParent=True HTTP/1.1" 200 6
2026-07-29 21:17:45.472 UTC [DEBUG   ] ThreadPoolExecutor-0_3 - HTTP/1.1 POST https://az-phx-001.cognitedata.com/api/v1/projects/bdx-dev/raw/dbs/db_databricks_everest_raw/tables/tb_MKAL/rows?ensureParent=True 200
2026-07-29 21:17:45.472 UTC [INFO    ] QueryExecutor_3 - Uploaded 10000 raw rows
2026-07-29 21:17:46.456 UTC [INFO    ] QueryExecutor_3 - Connected to db-databricks-raw successfully
2026-07-29 21:17:46.456 UTC [INFO    ] QueryExecutor_3 - Starting extraction of extract-everest-RKPF
2026-07-29 21:17:46.456 UTC [INFO    ] QueryExecutor_3 - Getting rows from odbc
2026-07-29 21:17:47.441 UTC [INFO    ] QueryExecutor_2 - Current_row_count for query extract-everest-MKAL: 100000
2026-07-29 21:17:47.488 UTC [INFO    ] QueryExecutor_1 - Current_row_count for query extract-everest-MAST: 400000
2026-07-29 21:17:47.894 UTC [INFO    ] QueryExecutor_3 - No more rows for extract-everest-RKPF. 10 rows extracted in 1.44 seconds
2026-07-29 21:17:47.894 UTC [INFO    ] QueryExecutor_3 - Reporting new success run: No more rows for extract-everest-RKPF. 10 rows extracted in 1.44 seconds
2026-07-29 21:17:47.956 UTC [DEBUG   ] ThreadPoolExecutor-0_4 - https://az-phx-001.cognitedata.com:443 "POST /api/v1/projects/bdx-dev/extpipes/runs HTTP/1.1" 200 205
2026-07-29 21:17:47.956 UTC [DEBUG   ] ThreadPoolExecutor-0_4 - HTTP/1.1 POST https://az-phx-001.cognitedata.com/api/v1/projects/bdx-dev/extpipes/runs 200
2026-07-29 21:17:48.286 UTC [DEBUG   ] ThreadPoolExecutor-0_1 - https://az-phx-001.cognitedata.com:443 "POST /api/v1/projects/bdx-dev/raw/dbs/db_databricks_everest_raw/tables/tb_MKAL/rows?ensureParent=True HTTP/1.1" 200 6
2026-07-29 21:17:48.286 UTC [DEBUG   ] ThreadPoolExecutor-0_1 - HTTP/1.1 POST https://az-phx-001.cognitedata.com/api/v1/projects/bdx-dev/raw/dbs/db_databricks_everest_raw/tables/tb_MKAL/rows?ensureParent=True 200
2026-07-29 21:17:49.349 UTC [DEBUG   ] ThreadPoolExecutor-0_4 - https://az-phx-001.cognitedata.com:443 "POST /api/v1/projects/bdx-dev/raw/dbs/db_databricks_everest_raw/tables/tb_MAST/rows?ensureParent=True HTTP/1.1" 200 6
2026-07-29 21:17:49.349 UTC [DEBUG   ] ThreadPoolExecutor-0_4 - HTTP/1.1 POST https://az-phx-001.cognitedata.com/api/v1/projects/bdx-dev/raw/dbs/db_databricks_everest_raw/tables/tb_MAST/rows?ensureParent=True 200
2026-07-29 21:17:49.411 UTC [DEBUG   ] ThreadPoolExecutor-0_0 - https://az-phx-001.cognitedata.com:443 "POST /api/v1/projects/bdx-dev/raw/dbs/db_databricks_everest_raw/tables/tb_MAST/rows?ensureParent=True HTTP/1.1" 200 6
2026-07-29 21:17:49.411 UTC [DEBUG   ] ThreadPoolExecutor-0_0 - HTTP/1.1 POST https://az-phx-001.cognitedata.com/api/v1/projects/bdx-dev/raw/dbs/db_databricks_everest_raw/tables/tb_MAST/rows?ensureParent=True 200
2026-07-29 21:17:49.474 UTC [DEBUG   ] ThreadPoolExecutor-0_3 - https://az-phx-001.cognitedata.com:443 "POST /api/v1/projects/bdx-dev/raw/dbs/db_databricks_everest_raw/tables/tb_MAST/rows?ensureParent=True HTTP/1.1" 200 6
2026-07-29 21:17:49.474 UTC [DEBUG   ] ThreadPoolExecutor-0_3 - HTTP/1.1 POST https://az-phx-001.cognitedata.com/api/v1/projects/bdx-dev/raw/dbs/db_databricks_everest_raw/tables/tb_MAST/rows?ensureParent=True 200
2026-07-29 21:17:50.740 UTC [DEBUG   ] ThreadPoolExecutor-0_1 - https://az-phx-001.cognitedata.com:443 "POST /api/v1/projects/bdx-dev/raw/dbs/db_databricks_everest_raw/tables/tb_PLKO/rows?ensureParent=True HTTP/1.1" 200 6
2026-07-29 21:17:50.740 UTC [DEBUG   ] ThreadPoolExecutor-0_1 - HTTP/1.1 POST https://az-phx-001.cognitedata.com/api/v1/projects/bdx-dev/raw/dbs/db_databricks_everest_raw/tables/tb_PLKO/rows?ensureParent=True 200
2026-07-29 21:17:50.880 UTC [DEBUG   ] ThreadPoolExecutor-0_4 - https://az-phx-001.cognitedata.com:443 "POST /api/v1/projects/bdx-dev/raw/dbs/db_databricks_everest_raw/tables/tb_RKPF/rows?ensureParent=True HTTP/1.1" 200 6
2026-07-29 21:17:50.880 UTC [DEBUG   ] ThreadPoolExecutor-0_4 - HTTP/1.1 POST https://az-phx-001.cognitedata.com/api/v1/projects/bdx-dev/raw/dbs/db_databricks_everest_raw/tables/tb_RKPF/rows?ensureParent=True 200
2026-07-29 21:17:50.880 UTC [INFO    ] QueryExecutor_3 - Uploaded 19010 raw rows
2026-07-29 21:17:51.927 UTC [INFO    ] QueryExecutor_3 - Connected to db-databricks-raw successfully
2026-07-29 21:17:51.927 UTC [INFO    ] QueryExecutor_3 - Starting extraction of extract-everest-RESB
2026-07-29 21:17:51.927 UTC [INFO    ] QueryExecutor_3 - Getting rows from odbc
2026-07-29 21:17:52.755 UTC [INFO    ] QueryExecutor_1 - Current_row_count for query extract-everest-MAST: 410000
2026-07-29 21:17:53.896 UTC [INFO    ] QueryExecutor_3 - No more rows for extract-everest-RESB. 10 rows extracted in 1.97 seconds
2026-07-29 21:17:53.896 UTC [INFO    ] QueryExecutor_3 - Reporting new success run: No more rows for extract-everest-RESB. 10 rows extracted in 1.97 seconds
2026-07-29 21:17:53.943 UTC [DEBUG   ] ThreadPoolExecutor-0_3 - https://az-phx-001.cognitedata.com:443 "POST /api/v1/projects/bdx-dev/extpipes/runs HTTP/1.1" 200 205
2026-07-29 21:17:53.943 UTC [DEBUG   ] ThreadPoolExecutor-0_3 - HTTP/1.1 POST https://az-phx-001.cognitedata.com/api/v1/projects/bdx-dev/extpipes/runs 200
2026-07-29 21:17:54.521 UTC [DEBUG   ] ThreadPoolExecutor-0_1 - https://az-phx-001.cognitedata.com:443 "POST /api/v1/projects/bdx-dev/raw/dbs/db_databricks_everest_raw/tables/tb_MKAL/rows?ensureParent=True HTTP/1.1" 200 6
2026-07-29 21:17:54.521 UTC [DEBUG   ] ThreadPoolExecutor-0_1 - HTTP/1.1 POST https://az-phx-001.cognitedata.com/api/v1/projects/bdx-dev/raw/dbs/db_databricks_everest_raw/tables/tb_MKAL/rows?ensureParent=True 200
2026-07-29 21:17:55.839 UTC [DEBUG   ] ThreadPoolExecutor-0_3 - https://az-phx-001.cognitedata.com:443 "POST /api/v1/projects/bdx-dev/raw/dbs/db_databricks_everest_raw/tables/tb_MAST/rows?ensureParent=True HTTP/1.1" 200 6
2026-07-29 21:17:55.839 UTC [DEBUG   ] ThreadPoolExecutor-0_3 - HTTP/1.1 POST https://az-phx-001.cognitedata.com/api/v1/projects/bdx-dev/raw/dbs/db_databricks_everest_raw/tables/tb_MAST/rows?ensureParent=True 200
2026-07-29 21:17:55.870 UTC [DEBUG   ] ThreadPoolExecutor-0_2 - https://az-phx-001.cognitedata.com:443 "POST /api/v1/projects/bdx-dev/raw/dbs/db_databricks_everest_raw/tables/tb_MAST/rows?ensureParent=True HTTP/1.1" 200 6
2026-07-29 21:17:55.870 UTC [DEBUG   ] ThreadPoolExecutor-0_2 - HTTP/1.1 POST https://az-phx-001.cognitedata.com/api/v1/projects/bdx-dev/raw/dbs/db_databricks_everest_raw/tables/tb_MAST/rows?ensureParent=True 200
2026-07-29 21:17:55.885 UTC [DEBUG   ] ThreadPoolExecutor-0_4 - https://az-phx-001.cognitedata.com:443 "POST /api/v1/projects/bdx-dev/raw/dbs/db_databricks_everest_raw/tables/tb_MAST/rows?ensureParent=True HTTP/1.1" 200 6
2026-07-29 21:17:55.885 UTC [DEBUG   ] ThreadPoolExecutor-0_4 - HTTP/1.1 POST https://az-phx-001.cognitedata.com/api/v1/projects/bdx-dev/raw/dbs/db_databricks_everest_raw/tables/tb_MAST/rows?ensureParent=True 200
2026-07-29 21:17:57.120 UTC [DEBUG   ] ThreadPoolExecutor-0_1 - https://az-phx-001.cognitedata.com:443 "POST /api/v1/projects/bdx-dev/raw/dbs/db_databricks_everest_raw/tables/tb_PLKO/rows?ensureParent=True HTTP/1.1" 200 6
2026-07-29 21:17:57.120 UTC [DEBUG   ] ThreadPoolExecutor-0_1 - HTTP/1.1 POST https://az-phx-001.cognitedata.com/api/v1/projects/bdx-dev/raw/dbs/db_databricks_everest_raw/tables/tb_PLKO/rows?ensureParent=True 200
2026-07-29 21:17:57.167 UTC [DEBUG   ] ThreadPoolExecutor-0_3 - https://az-phx-001.cognitedata.com:443 "POST /api/v1/projects/bdx-dev/raw/dbs/db_databricks_everest_raw/tables/tb_RESB/rows?ensureParent=True HTTP/1.1" 200 6
2026-07-29 21:17:57.167 UTC [DEBUG   ] ThreadPoolExecutor-0_3 - HTTP/1.1 POST https://az-phx-001.cognitedata.com/api/v1/projects/bdx-dev/raw/dbs/db_databricks_everest_raw/tables/tb_RESB/rows?ensureParent=True 200
2026-07-29 21:17:57.167 UTC [INFO    ] QueryExecutor_3 - Uploaded 21010 raw rows
2026-07-29 21:17:58.182 UTC [INFO    ] QueryExecutor_1 - Current_row_count for query extract-everest-MAST: 420000
2026-07-29 21:17:58.495 UTC [INFO    ] QueryExecutor_3 - Connected to db-databricks-raw successfully
2026-07-29 21:17:58.495 UTC [INFO    ] QueryExecutor_0 - Current_row_count for query extract-everest-PLKO: 120000
2026-07-29 21:17:58.495 UTC [INFO    ] QueryExecutor_3 - Starting extraction of extract-everest-EBAN
2026-07-29 21:17:58.495 UTC [INFO    ] QueryExecutor_3 - Getting rows from odbc
2026-07-29 21:17:59.698 UTC [INFO    ] QueryExecutor_3 - No more rows for extract-everest-EBAN. 10 rows extracted in 1.2 seconds
2026-07-29 21:17:59.698 UTC [INFO    ] QueryExecutor_3 - Reporting new success run: No more rows for extract-everest-EBAN. 10 rows extracted in 1.2 seconds
2026-07-29 21:17:59.760 UTC [DEBUG   ] ThreadPoolExecutor-0_4 - https://az-phx-001.cognitedata.com:443 "POST /api/v1/projects/bdx-dev/extpipes/runs HTTP/1.1" 200 204
2026-07-29 21:17:59.760 UTC [INFO    ] QueryExecutor_2 - Current_row_count for query extract-everest-MKAL: 110000
2026-07-29 21:17:59.760 UTC [DEBUG   ] ThreadPoolExecutor-0_4 - HTTP/1.1 POST https://az-phx-001.cognitedata.com/api/v1/projects/bdx-dev/extpipes/runs 200
2026-07-29 21:18:00.135 UTC [DEBUG   ] ThreadPoolExecutor-0_3 - https://az-phx-001.cognitedata.com:443 "POST /api/v1/projects/bdx-dev/raw/dbs/db_databricks_everest_raw/tables/tb_MAST/rows?ensureParent=True HTTP/1.1" 200 6
2026-07-29 21:18:00.135 UTC [DEBUG   ] ThreadPoolExecutor-0_3 - HTTP/1.1 POST https://az-phx-001.cognitedata.com/api/v1/projects/bdx-dev/raw/dbs/db_databricks_everest_raw/tables/tb_MAST/rows?ensureParent=True 200
2026-07-29 21:18:00.870 UTC [DEBUG   ] ThreadPoolExecutor-0_1 - https://az-phx-001.cognitedata.com:443 "POST /api/v1/projects/bdx-dev/raw/dbs/db_databricks_everest_raw/tables/tb_MAST/rows?ensureParent=True HTTP/1.1" 200 6
2026-07-29 21:18:00.870 UTC [DEBUG   ] ThreadPoolExecutor-0_1 - HTTP/1.1 POST https://az-phx-001.cognitedata.com/api/v1/projects/bdx-dev/raw/dbs/db_databricks_everest_raw/tables/tb_MAST/rows?ensureParent=True 200
2026-07-29 21:18:00.916 UTC [DEBUG   ] ThreadPoolExecutor-0_2 - https://az-phx-001.cognitedata.com:443 "POST /api/v1/projects/bdx-dev/raw/dbs/db_databricks_everest_raw/tables/tb_MAST/rows?ensureParent=True HTTP/1.1" 200 6
2026-07-29 21:18:00.916 UTC [DEBUG   ] ThreadPoolExecutor-0_2 - HTTP/1.1 POST https://az-phx-001.cognitedata.com/api/v1/projects/bdx-dev/raw/dbs/db_databricks_everest_raw/tables/tb_MAST/rows?ensureParent=True 200
2026-07-29 21:18:02.364 UTC [DEBUG   ] ThreadPoolExecutor-0_4 - https://az-phx-001.cognitedata.com:443 "POST /api/v1/projects/bdx-dev/raw/dbs/db_databricks_everest_raw/tables/tb_PLKO/rows?ensureParent=True HTTP/1.1" 200 6
2026-07-29 21:18:02.364 UTC [DEBUG   ] ThreadPoolExecutor-0_4 - HTTP/1.1 POST https://az-phx-001.cognitedata.com/api/v1/projects/bdx-dev/raw/dbs/db_databricks_everest_raw/tables/tb_PLKO/rows?ensureParent=True 200
2026-07-29 21:18:02.895 UTC [DEBUG   ] ThreadPoolExecutor-0_3 - https://az-phx-001.cognitedata.com:443 "POST /api/v1/projects/bdx-dev/raw/dbs/db_databricks_everest_raw/tables/tb_MKAL/rows?ensureParent=True HTTP/1.1" 200 6
2026-07-29 21:18:02.895 UTC [DEBUG   ] ThreadPoolExecutor-0_3 - HTTP/1.1 POST https://az-phx-001.cognitedata.com/api/v1/projects/bdx-dev/raw/dbs/db_databricks_everest_raw/tables/tb_MKAL/rows?ensureParent=True 200
2026-07-29 21:18:02.958 UTC [DEBUG   ] ThreadPoolExecutor-0_2 - https://az-phx-001.cognitedata.com:443 "POST /api/v1/projects/bdx-dev/raw/dbs/db_databricks_everest_raw/tables/tb_EBAN/rows?ensureParent=True HTTP/1.1" 200 6
2026-07-29 21:18:02.958 UTC [DEBUG   ] ThreadPoolExecutor-0_2 - HTTP/1.1 POST https://az-phx-001.cognitedata.com/api/v1/projects/bdx-dev/raw/dbs/db_databricks_everest_raw/tables/tb_EBAN/rows?ensureParent=True 200
2026-07-29 21:18:02.958 UTC [INFO    ] QueryExecutor_3 - Uploaded 19010 raw rows
2026-07-29 21:18:03.727 UTC [INFO    ] QueryExecutor_1 - Current_row_count for query extract-everest-MAST: 430000
2026-07-29 21:18:03.884 UTC [INFO    ] QueryExecutor_3 - Connected to db-databricks-raw successfully
2026-07-29 21:18:03.884 UTC [INFO    ] QueryExecutor_3 - Starting extraction of extract-everest-EKKO
2026-07-29 21:18:03.899 UTC [INFO    ] QueryExecutor_3 - Getting rows from odbc
2026-07-29 21:18:05.009 UTC [INFO    ] QueryExecutor_3 - No more rows for extract-everest-EKKO. 10 rows extracted in 1.11 seconds
2026-07-29 21:18:05.009 UTC [INFO    ] QueryExecutor_3 - Reporting new success run: No more rows for extract-everest-EKKO. 10 rows extracted in 1.11 seconds
2026-07-29 21:18:05.071 UTC [DEBUG   ] ThreadPoolExecutor-0_4 - https://az-phx-001.cognitedata.com:443 "POST /api/v1/projects/bdx-dev/extpipes/runs HTTP/1.1" 200 205
2026-07-29 21:18:05.149 UTC [DEBUG   ] ThreadPoolExecutor-0_4 - HTTP/1.1 POST https://az-phx-001.cognitedata.com/api/v1/projects/bdx-dev/extpipes/runs 200
2026-07-29 21:18:06.102 UTC [DEBUG   ] ThreadPoolExecutor-0_3 - https://az-phx-001.cognitedata.com:443 "POST /api/v1/projects/bdx-dev/raw/dbs/db_databricks_everest_raw/tables/tb_MAST/rows?ensureParent=True HTTP/1.1" 200 6
2026-07-29 21:18:06.102 UTC [DEBUG   ] ThreadPoolExecutor-0_3 - HTTP/1.1 POST https://az-phx-001.cognitedata.com/api/v1/projects/bdx-dev/raw/dbs/db_databricks_everest_raw/tables/tb_MAST/rows?ensureParent=True 200
2026-07-29 21:18:06.180 UTC [DEBUG   ] ThreadPoolExecutor-0_0 - https://az-phx-001.cognitedata.com:443 "POST /api/v1/projects/bdx-dev/raw/dbs/db_databricks_everest_raw/tables/tb_MAST/rows?ensureParent=True HTTP/1.1" 200 6
2026-07-29 21:18:06.196 UTC [DEBUG   ] ThreadPoolExecutor-0_0 - HTTP/1.1 POST https://az-phx-001.cognitedata.com/api/v1/projects/bdx-dev/raw/dbs/db_databricks_everest_raw/tables/tb_MAST/rows?ensureParent=True 200
2026-07-29 21:18:06.555 UTC [DEBUG   ] ThreadPoolExecutor-0_1 - https://az-phx-001.cognitedata.com:443 "POST /api/v1/projects/bdx-dev/raw/dbs/db_databricks_everest_raw/tables/tb_MKAL/rows?ensureParent=True HTTP/1.1" 200 6
2026-07-29 21:18:06.555 UTC [DEBUG   ] ThreadPoolExecutor-0_1 - HTTP/1.1 POST https://az-phx-001.cognitedata.com/api/v1/projects/bdx-dev/raw/dbs/db_databricks_everest_raw/tables/tb_MKAL/rows?ensureParent=True 200
2026-07-29 21:18:07.696 UTC [DEBUG   ] ThreadPoolExecutor-0_2 - https://az-phx-001.cognitedata.com:443 "POST /api/v1/projects/bdx-dev/raw/dbs/db_databricks_everest_raw/tables/tb_PLKO/rows?ensureParent=True HTTP/1.1" 200 6
2026-07-29 21:18:07.696 UTC [DEBUG   ] ThreadPoolExecutor-0_2 - HTTP/1.1 POST https://az-phx-001.cognitedata.com/api/v1/projects/bdx-dev/raw/dbs/db_databricks_everest_raw/tables/tb_PLKO/rows?ensureParent=True 200
2026-07-29 21:18:07.743 UTC [DEBUG   ] ThreadPoolExecutor-0_0 - https://az-phx-001.cognitedata.com:443 "POST /api/v1/projects/bdx-dev/raw/dbs/db_databricks_everest_raw/tables/tb_EKKO/rows?ensureParent=True HTTP/1.1" 200 6
2026-07-29 21:18:07.743 UTC [DEBUG   ] ThreadPoolExecutor-0_0 - HTTP/1.1 POST https://az-phx-001.cognitedata.com/api/v1/projects/bdx-dev/raw/dbs/db_databricks_everest_raw/tables/tb_EKKO/rows?ensureParent=True 200
2026-07-29 21:18:07.743 UTC [INFO    ] QueryExecutor_3 - Uploaded 17010 raw rows
2026-07-29 21:18:08.399 UTC [INFO    ] QueryExecutor_3 - Connected to db-databricks-raw successfully
2026-07-29 21:18:08.399 UTC [INFO    ] QueryExecutor_3 - Starting extraction of extract-everest-EKPO
2026-07-29 21:18:08.399 UTC [INFO    ] QueryExecutor_3 - Getting rows from odbc
2026-07-29 21:18:08.633 UTC [INFO    ] QueryExecutor_1 - Current_row_count for query extract-everest-MAST: 440000
2026-07-29 21:18:10.118 UTC [INFO    ] QueryExecutor_3 - No more rows for extract-everest-EKPO. 10 rows extracted in 1.72 seconds
2026-07-29 21:18:10.118 UTC [INFO    ] QueryExecutor_3 - Reporting new success run: No more rows for extract-everest-EKPO. 10 rows extracted in 1.72 seconds
2026-07-29 21:18:10.188 UTC [DEBUG   ] ThreadPoolExecutor-0_1 - https://az-phx-001.cognitedata.com:443 "POST /api/v1/projects/bdx-dev/extpipes/runs HTTP/1.1" 200 205
2026-07-29 21:18:10.203 UTC [DEBUG   ] ThreadPoolExecutor-0_1 - HTTP/1.1 POST https://az-phx-001.cognitedata.com/api/v1/projects/bdx-dev/extpipes/runs 200
2026-07-29 21:18:11.422 UTC [DEBUG   ] ThreadPoolExecutor-0_2 - https://az-phx-001.cognitedata.com:443 "POST /api/v1/projects/bdx-dev/raw/dbs/db_databricks_everest_raw/tables/tb_MAST/rows?ensureParent=True HTTP/1.1" 200 6
2026-07-29 21:18:11.422 UTC [DEBUG   ] ThreadPoolExecutor-0_2 - HTTP/1.1 POST https://az-phx-001.cognitedata.com/api/v1/projects/bdx-dev/raw/dbs/db_databricks_everest_raw/tables/tb_MAST/rows?ensureParent=True 200
2026-07-29 21:18:11.422 UTC [DEBUG   ] ThreadPoolExecutor-0_4 - https://az-phx-001.cognitedata.com:443 "POST /api/v1/projects/bdx-dev/raw/dbs/db_databricks_everest_raw/tables/tb_MAST/rows?ensureParent=True HTTP/1.1" 200 6
2026-07-29 21:18:11.422 UTC [DEBUG   ] ThreadPoolExecutor-0_4 - HTTP/1.1 POST https://az-phx-001.cognitedata.com/api/v1/projects/bdx-dev/raw/dbs/db_databricks_everest_raw/tables/tb_MAST/rows?ensureParent=True 200
2026-07-29 21:18:12.719 UTC [DEBUG   ] ThreadPoolExecutor-0_3 - https://az-phx-001.cognitedata.com:443 "POST /api/v1/projects/bdx-dev/raw/dbs/db_databricks_everest_raw/tables/tb_PLKO/rows?ensureParent=True HTTP/1.1" 200 6
2026-07-29 21:18:12.719 UTC [DEBUG   ] ThreadPoolExecutor-0_3 - HTTP/1.1 POST https://az-phx-001.cognitedata.com/api/v1/projects/bdx-dev/raw/dbs/db_databricks_everest_raw/tables/tb_PLKO/rows?ensureParent=True 200
2026-07-29 21:18:13.126 UTC [DEBUG   ] ThreadPoolExecutor-0_0 - https://az-phx-001.cognitedata.com:443 "POST /api/v1/projects/bdx-dev/raw/dbs/db_databricks_everest_raw/tables/tb_MKAL/rows?ensureParent=True HTTP/1.1" 200 6
2026-07-29 21:18:13.126 UTC [DEBUG   ] ThreadPoolExecutor-0_0 - HTTP/1.1 POST https://az-phx-001.cognitedata.com/api/v1/projects/bdx-dev/raw/dbs/db_databricks_everest_raw/tables/tb_MKAL/rows?ensureParent=True 200
2026-07-29 21:18:13.172 UTC [DEBUG   ] ThreadPoolExecutor-0_4 - https://az-phx-001.cognitedata.com:443 "POST /api/v1/projects/bdx-dev/raw/dbs/db_databricks_everest_raw/tables/tb_EKPO/rows?ensureParent=True HTTP/1.1" 200 6
2026-07-29 21:18:13.172 UTC [DEBUG   ] ThreadPoolExecutor-0_4 - HTTP/1.1 POST https://az-phx-001.cognitedata.com/api/v1/projects/bdx-dev/raw/dbs/db_databricks_everest_raw/tables/tb_EKPO/rows?ensureParent=True 200
2026-07-29 21:18:13.172 UTC [INFO    ] QueryExecutor_3 - Uploaded 17010 raw rows
2026-07-29 21:18:13.813 UTC [INFO    ] QueryExecutor_3 - Connected to db-databricks-raw successfully
2026-07-29 21:18:13.813 UTC [INFO    ] QueryExecutor_3 - Starting extraction of extract-everest-EKKN
2026-07-29 21:18:13.829 UTC [INFO    ] QueryExecutor_3 - Getting rows from odbc
2026-07-29 21:18:13.985 UTC [INFO    ] QueryExecutor_2 - Current_row_count for query extract-everest-MKAL: 120000
2026-07-29 21:18:14.079 UTC [INFO    ] QueryExecutor_1 - Current_row_count for query extract-everest-MAST: 450000
2026-07-29 21:18:14.766 UTC [INFO    ] QueryExecutor_3 - No more rows for extract-everest-EKKN. 10 rows extracted in 0.937 seconds
2026-07-29 21:18:14.766 UTC [INFO    ] QueryExecutor_3 - Reporting new success run: No more rows for extract-everest-EKKN. 10 rows extracted in 0.937 seconds
2026-07-29 21:18:14.813 UTC [DEBUG   ] ThreadPoolExecutor-0_3 - https://az-phx-001.cognitedata.com:443 "POST /api/v1/projects/bdx-dev/extpipes/runs HTTP/1.1" 200 206
2026-07-29 21:18:14.813 UTC [DEBUG   ] ThreadPoolExecutor-0_3 - HTTP/1.1 POST https://az-phx-001.cognitedata.com/api/v1/projects/bdx-dev/extpipes/runs 200
2026-07-29 21:18:15.430 UTC [DEBUG   ] ThreadPoolExecutor-0_1 - https://az-phx-001.cognitedata.com:443 "POST /api/v1/projects/bdx-dev/raw/dbs/db_databricks_everest_raw/tables/tb_MAST/rows?ensureParent=True HTTP/1.1" 200 6
2026-07-29 21:18:15.430 UTC [DEBUG   ] ThreadPoolExecutor-0_1 - HTTP/1.1 POST https://az-phx-001.cognitedata.com/api/v1/projects/bdx-dev/raw/dbs/db_databricks_everest_raw/tables/tb_MAST/rows?ensureParent=True 200
2026-07-29 21:18:15.617 UTC [DEBUG   ] ThreadPoolExecutor-0_0 - https://az-phx-001.cognitedata.com:443 "POST /api/v1/projects/bdx-dev/raw/dbs/db_databricks_everest_raw/tables/tb_MAST/rows?ensureParent=True HTTP/1.1" 200 6
2026-07-29 21:18:15.617 UTC [DEBUG   ] ThreadPoolExecutor-0_0 - HTTP/1.1 POST https://az-phx-001.cognitedata.com/api/v1/projects/bdx-dev/raw/dbs/db_databricks_everest_raw/tables/tb_MAST/rows?ensureParent=True 200
2026-07-29 21:18:15.851 UTC [DEBUG   ] ThreadPoolExecutor-0_2 - https://az-phx-001.cognitedata.com:443 "POST /api/v1/projects/bdx-dev/raw/dbs/db_databricks_everest_raw/tables/tb_MKAL/rows?ensureParent=True HTTP/1.1" 200 6
2026-07-29 21:18:15.851 UTC [DEBUG   ] ThreadPoolExecutor-0_2 - HTTP/1.1 POST https://az-phx-001.cognitedata.com/api/v1/projects/bdx-dev/raw/dbs/db_databricks_everest_raw/tables/tb_MKAL/rows?ensureParent=True 200
2026-07-29 21:18:16.601 UTC [DEBUG   ] ThreadPoolExecutor-0_4 - https://az-phx-001.cognitedata.com:443 "POST /api/v1/projects/bdx-dev/raw/dbs/db_databricks_everest_raw/tables/tb_PLKO/rows?ensureParent=True HTTP/1.1" 200 6
2026-07-29 21:18:16.601 UTC [DEBUG   ] ThreadPoolExecutor-0_4 - HTTP/1.1 POST https://az-phx-001.cognitedata.com/api/v1/projects/bdx-dev/raw/dbs/db_databricks_everest_raw/tables/tb_PLKO/rows?ensureParent=True 200
2026-07-29 21:18:16.664 UTC [DEBUG   ] ThreadPoolExecutor-0_0 - https://az-phx-001.cognitedata.com:443 "POST /api/v1/projects/bdx-dev/raw/dbs/db_databricks_everest_raw/tables/tb_EKKN/rows?ensureParent=True HTTP/1.1" 200 6
2026-07-29 21:18:16.664 UTC [DEBUG   ] ThreadPoolExecutor-0_0 - HTTP/1.1 POST https://az-phx-001.cognitedata.com/api/v1/projects/bdx-dev/raw/dbs/db_databricks_everest_raw/tables/tb_EKKN/rows?ensureParent=True 200
2026-07-29 21:18:16.664 UTC [INFO    ] QueryExecutor_3 - Uploaded 12010 raw rows
2026-07-29 21:18:16.930 UTC [INFO    ] QueryExecutor_0 - Current_row_count for query extract-everest-PLKO: 130000
2026-07-29 21:18:17.304 UTC [INFO    ] QueryExecutor_3 - Connected to db-databricks-raw successfully
2026-07-29 21:18:17.304 UTC [INFO    ] QueryExecutor_3 - Starting extraction of extract-everest-EKET
2026-07-29 21:18:17.304 UTC [INFO    ] QueryExecutor_3 - Getting rows from odbc
2026-07-29 21:18:18.278 UTC [INFO    ] QueryExecutor_1 - Current_row_count for query extract-everest-MAST: 460000
2026-07-29 21:18:18.403 UTC [INFO    ] QueryExecutor_3 - No more rows for extract-everest-EKET. 10 rows extracted in 1.1 seconds
2026-07-29 21:18:18.403 UTC [INFO    ] QueryExecutor_3 - Reporting new success run: No more rows for extract-everest-EKET. 10 rows extracted in 1.1 seconds
2026-07-29 21:18:18.434 UTC [DEBUG   ] ThreadPoolExecutor-0_2 - https://az-phx-001.cognitedata.com:443 "POST /api/v1/projects/bdx-dev/extpipes/runs HTTP/1.1" 200 204
2026-07-29 21:18:18.434 UTC [DEBUG   ] ThreadPoolExecutor-0_2 - HTTP/1.1 POST https://az-phx-001.cognitedata.com/api/v1/projects/bdx-dev/extpipes/runs 200
2026-07-29 21:18:19.090 UTC [DEBUG   ] ThreadPoolExecutor-0_3 - https://az-phx-001.cognitedata.com:443 "POST /api/v1/projects/bdx-dev/raw/dbs/db_databricks_everest_raw/tables/tb_MAST/rows?ensureParent=True HTTP/1.1" 200 6
2026-07-29 21:18:19.090 UTC [DEBUG   ] ThreadPoolExecutor-0_3 - HTTP/1.1 POST https://az-phx-001.cognitedata.com/api/v1/projects/bdx-dev/raw/dbs/db_databricks_everest_raw/tables/tb_MAST/rows?ensureParent=True 200
2026-07-29 21:18:19.325 UTC [DEBUG   ] ThreadPoolExecutor-0_4 - https://az-phx-001.cognitedata.com:443 "POST /api/v1/projects/bdx-dev/raw/dbs/db_databricks_everest_raw/tables/tb_MAST/rows?ensureParent=True HTTP/1.1" 200 6
2026-07-29 21:18:19.325 UTC [DEBUG   ] ThreadPoolExecutor-0_4 - HTTP/1.1 POST https://az-phx-001.cognitedata.com/api/v1/projects/bdx-dev/raw/dbs/db_databricks_everest_raw/tables/tb_MAST/rows?ensureParent=True 200
2026-07-29 21:18:19.606 UTC [DEBUG   ] ThreadPoolExecutor-0_1 - https://az-phx-001.cognitedata.com:443 "POST /api/v1/projects/bdx-dev/raw/dbs/db_databricks_everest_raw/tables/tb_MKAL/rows?ensureParent=True HTTP/1.1" 200 6
2026-07-29 21:18:19.606 UTC [DEBUG   ] ThreadPoolExecutor-0_1 - HTTP/1.1 POST https://az-phx-001.cognitedata.com/api/v1/projects/bdx-dev/raw/dbs/db_databricks_everest_raw/tables/tb_MKAL/rows?ensureParent=True 200
2026-07-29 21:18:20.512 UTC [DEBUG   ] ThreadPoolExecutor-0_0 - https://az-phx-001.cognitedata.com:443 "POST /api/v1/projects/bdx-dev/raw/dbs/db_databricks_everest_raw/tables/tb_PLKO/rows?ensureParent=True HTTP/1.1" 200 6
2026-07-29 21:18:20.512 UTC [DEBUG   ] ThreadPoolExecutor-0_0 - HTTP/1.1 POST https://az-phx-001.cognitedata.com/api/v1/projects/bdx-dev/raw/dbs/db_databricks_everest_raw/tables/tb_PLKO/rows?ensureParent=True 200
2026-07-29 21:18:20.575 UTC [DEBUG   ] ThreadPoolExecutor-0_4 - https://az-phx-001.cognitedata.com:443 "POST /api/v1/projects/bdx-dev/raw/dbs/db_databricks_everest_raw/tables/tb_EKET/rows?ensureParent=True HTTP/1.1" 200 6
2026-07-29 21:18:20.575 UTC [DEBUG   ] ThreadPoolExecutor-0_4 - HTTP/1.1 POST https://az-phx-001.cognitedata.com/api/v1/projects/bdx-dev/raw/dbs/db_databricks_everest_raw/tables/tb_EKET/rows?ensureParent=True 200
2026-07-29 21:18:20.575 UTC [INFO    ] QueryExecutor_3 - Uploaded 12010 raw rows
2026-07-29 21:18:21.762 UTC [INFO    ] QueryExecutor_3 - Connected to db-databricks-raw successfully
2026-07-29 21:18:21.762 UTC [INFO    ] QueryExecutor_3 - Starting extraction of extract-everest-EKBE
2026-07-29 21:18:21.778 UTC [INFO    ] QueryExecutor_3 - Getting rows from odbc
2026-07-29 21:18:22.699 UTC [INFO    ] QueryExecutor_1 - Current_row_count for query extract-everest-MAST: 470000
2026-07-29 21:18:22.981 UTC [INFO    ] QueryExecutor_3 - No more rows for extract-everest-EKBE. 10 rows extracted in 1.2 seconds
2026-07-29 21:18:22.981 UTC [INFO    ] QueryExecutor_3 - Reporting new success run: No more rows for extract-everest-EKBE. 10 rows extracted in 1.2 seconds
2026-07-29 21:18:23.012 UTC [DEBUG   ] ThreadPoolExecutor-0_1 - https://az-phx-001.cognitedata.com:443 "POST /api/v1/projects/bdx-dev/extpipes/runs HTTP/1.1" 200 204
2026-07-29 21:18:23.012 UTC [DEBUG   ] ThreadPoolExecutor-0_1 - HTTP/1.1 POST https://az-phx-001.cognitedata.com/api/v1/projects/bdx-dev/extpipes/runs 200
2026-07-29 21:18:23.402 UTC [DEBUG   ] ThreadPoolExecutor-0_4 - https://az-phx-001.cognitedata.com:443 "POST /api/v1/projects/bdx-dev/raw/dbs/db_databricks_everest_raw/tables/tb_MAST/rows?ensureParent=True HTTP/1.1" 200 6
2026-07-29 21:18:23.402 UTC [DEBUG   ] ThreadPoolExecutor-0_4 - HTTP/1.1 POST https://az-phx-001.cognitedata.com/api/v1/projects/bdx-dev/raw/dbs/db_databricks_everest_raw/tables/tb_MAST/rows?ensureParent=True 200
2026-07-29 21:18:24.387 UTC [DEBUG   ] ThreadPoolExecutor-0_2 - https://az-phx-001.cognitedata.com:443 "POST /api/v1/projects/bdx-dev/raw/dbs/db_databricks_everest_raw/tables/tb_MAST/rows?ensureParent=True HTTP/1.1" 200 6
2026-07-29 21:18:24.387 UTC [DEBUG   ] ThreadPoolExecutor-0_2 - HTTP/1.1 POST https://az-phx-001.cognitedata.com/api/v1/projects/bdx-dev/raw/dbs/db_databricks_everest_raw/tables/tb_MAST/rows?ensureParent=True 200
2026-07-29 21:18:24.402 UTC [DEBUG   ] ThreadPoolExecutor-0_0 - https://az-phx-001.cognitedata.com:443 "POST /api/v1/projects/bdx-dev/raw/dbs/db_databricks_everest_raw/tables/tb_MAST/rows?ensureParent=True HTTP/1.1" 200 6
2026-07-29 21:18:24.402 UTC [DEBUG   ] ThreadPoolExecutor-0_0 - HTTP/1.1 POST https://az-phx-001.cognitedata.com/api/v1/projects/bdx-dev/raw/dbs/db_databricks_everest_raw/tables/tb_MAST/rows?ensureParent=True 200
2026-07-29 21:18:24.715 UTC [DEBUG   ] ThreadPoolExecutor-0_1 - https://az-phx-001.cognitedata.com:443 "POST /api/v1/projects/bdx-dev/raw/dbs/db_databricks_everest_raw/tables/tb_MKAL/rows?ensureParent=True HTTP/1.1" 200 6
2026-07-29 21:18:24.715 UTC [DEBUG   ] ThreadPoolExecutor-0_1 - HTTP/1.1 POST https://az-phx-001.cognitedata.com/api/v1/projects/bdx-dev/raw/dbs/db_databricks_everest_raw/tables/tb_MKAL/rows?ensureParent=True 200
2026-07-29 21:18:25.856 UTC [DEBUG   ] ThreadPoolExecutor-0_4 - https://az-phx-001.cognitedata.com:443 "POST /api/v1/projects/bdx-dev/raw/dbs/db_databricks_everest_raw/tables/tb_PLKO/rows?ensureParent=True HTTP/1.1" 200 6
2026-07-29 21:18:25.856 UTC [DEBUG   ] ThreadPoolExecutor-0_4 - HTTP/1.1 POST https://az-phx-001.cognitedata.com/api/v1/projects/bdx-dev/raw/dbs/db_databricks_everest_raw/tables/tb_PLKO/rows?ensureParent=True 200
2026-07-29 21:18:25.887 UTC [DEBUG   ] ThreadPoolExecutor-0_0 - https://az-phx-001.cognitedata.com:443 "POST /api/v1/projects/bdx-dev/raw/dbs/db_databricks_everest_raw/tables/tb_EKBE/rows?ensureParent=True HTTP/1.1" 200 6
2026-07-29 21:18:25.887 UTC [DEBUG   ] ThreadPoolExecutor-0_0 - HTTP/1.1 POST https://az-phx-001.cognitedata.com/api/v1/projects/bdx-dev/raw/dbs/db_databricks_everest_raw/tables/tb_EKBE/rows?ensureParent=True 200
2026-07-29 21:18:25.903 UTC [INFO    ] QueryExecutor_3 - Uploaded 18010 raw rows
2026-07-29 21:18:26.743 UTC [INFO    ] QueryExecutor_2 - Current_row_count for query extract-everest-MKAL: 130000
2026-07-29 21:18:27.290 UTC [INFO    ] QueryExecutor_3 - Connected to db-databricks-raw successfully
2026-07-29 21:18:27.306 UTC [INFO    ] QueryExecutor_3 - Starting extraction of extract-everest-EINA
2026-07-29 21:18:27.337 UTC [INFO    ] QueryExecutor_3 - Getting rows from odbc
2026-07-29 21:18:27.930 UTC [INFO    ] QueryExecutor_1 - Current_row_count for query extract-everest-MAST: 480000
2026-07-29 21:18:28.493 UTC [INFO    ] QueryExecutor_3 - No more rows for extract-everest-EINA. 10 rows extracted in 1.16 seconds
2026-07-29 21:18:28.493 UTC [INFO    ] QueryExecutor_3 - Reporting new success run: No more rows for extract-everest-EINA. 10 rows extracted in 1.16 seconds
2026-07-29 21:18:28.571 UTC [DEBUG   ] ThreadPoolExecutor-0_1 - https://az-phx-001.cognitedata.com:443 "POST /api/v1/projects/bdx-dev/extpipes/runs HTTP/1.1" 200 205
2026-07-29 21:18:28.571 UTC [DEBUG   ] ThreadPoolExecutor-0_1 - HTTP/1.1 POST https://az-phx-001.cognitedata.com/api/v1/projects/bdx-dev/extpipes/runs 200
2026-07-29 21:18:28.962 UTC [DEBUG   ] ThreadPoolExecutor-0_4 - https://az-phx-001.cognitedata.com:443 "POST /api/v1/projects/bdx-dev/raw/dbs/db_databricks_everest_raw/tables/tb_MKAL/rows?ensureParent=True HTTP/1.1" 200 6
2026-07-29 21:18:28.962 UTC [DEBUG   ] ThreadPoolExecutor-0_4 - HTTP/1.1 POST https://az-phx-001.cognitedata.com/api/v1/projects/bdx-dev/raw/dbs/db_databricks_everest_raw/tables/tb_MKAL/rows?ensureParent=True 200
2026-07-29 21:18:29.274 UTC [DEBUG   ] ThreadPoolExecutor-0_1 - https://az-phx-001.cognitedata.com:443 "POST /api/v1/projects/bdx-dev/raw/dbs/db_databricks_everest_raw/tables/tb_MAST/rows?ensureParent=True HTTP/1.1" 200 6
2026-07-29 21:18:29.274 UTC [DEBUG   ] ThreadPoolExecutor-0_1 - HTTP/1.1 POST https://az-phx-001.cognitedata.com/api/v1/projects/bdx-dev/raw/dbs/db_databricks_everest_raw/tables/tb_MAST/rows?ensureParent=True 200
2026-07-29 21:18:29.805 UTC [DEBUG   ] ThreadPoolExecutor-0_0 - https://az-phx-001.cognitedata.com:443 "POST /api/v1/projects/bdx-dev/raw/dbs/db_databricks_everest_raw/tables/tb_MAST/rows?ensureParent=True HTTP/1.1" 200 6
2026-07-29 21:18:29.805 UTC [DEBUG   ] ThreadPoolExecutor-0_0 - HTTP/1.1 POST https://az-phx-001.cognitedata.com/api/v1/projects/bdx-dev/raw/dbs/db_databricks_everest_raw/tables/tb_MAST/rows?ensureParent=True 200
2026-07-29 21:18:29.805 UTC [DEBUG   ] ThreadPoolExecutor-0_2 - https://az-phx-001.cognitedata.com:443 "POST /api/v1/projects/bdx-dev/raw/dbs/db_databricks_everest_raw/tables/tb_MAST/rows?ensureParent=True HTTP/1.1" 200 6
2026-07-29 21:18:29.805 UTC [DEBUG   ] ThreadPoolExecutor-0_2 - HTTP/1.1 POST https://az-phx-001.cognitedata.com/api/v1/projects/bdx-dev/raw/dbs/db_databricks_everest_raw/tables/tb_MAST/rows?ensureParent=True 200
2026-07-29 21:18:31.009 UTC [DEBUG   ] ThreadPoolExecutor-0_4 - https://az-phx-001.cognitedata.com:443 "POST /api/v1/projects/bdx-dev/raw/dbs/db_databricks_everest_raw/tables/tb_PLKO/rows?ensureParent=True HTTP/1.1" 200 6
2026-07-29 21:18:31.009 UTC [DEBUG   ] ThreadPoolExecutor-0_4 - HTTP/1.1 POST https://az-phx-001.cognitedata.com/api/v1/projects/bdx-dev/raw/dbs/db_databricks_everest_raw/tables/tb_PLKO/rows?ensureParent=True 200
2026-07-29 21:18:31.040 UTC [DEBUG   ] ThreadPoolExecutor-0_1 - https://az-phx-001.cognitedata.com:443 "POST /api/v1/projects/bdx-dev/raw/dbs/db_databricks_everest_raw/tables/tb_EINA/rows?ensureParent=True HTTP/1.1" 200 6
2026-07-29 21:18:31.040 UTC [DEBUG   ] ThreadPoolExecutor-0_1 - HTTP/1.1 POST https://az-phx-001.cognitedata.com/api/v1/projects/bdx-dev/raw/dbs/db_databricks_everest_raw/tables/tb_EINA/rows?ensureParent=True 200
2026-07-29 21:18:31.055 UTC [INFO    ] QueryExecutor_3 - Uploaded 18010 raw rows
2026-07-29 21:18:31.727 UTC [INFO    ] QueryExecutor_3 - Connected to db-databricks-raw successfully
2026-07-29 21:18:31.727 UTC [INFO    ] QueryExecutor_3 - Starting extraction of extract-everest-EINE
2026-07-29 21:18:31.727 UTC [INFO    ] QueryExecutor_3 - Getting rows from odbc
2026-07-29 21:18:32.774 UTC [INFO    ] QueryExecutor_1 - Current_row_count for query extract-everest-MAST: 490000
2026-07-29 21:18:33.024 UTC [INFO    ] QueryExecutor_3 - No more rows for extract-everest-EINE. 10 rows extracted in 1.3 seconds
2026-07-29 21:18:33.024 UTC [INFO    ] QueryExecutor_3 - Reporting new success run: No more rows for extract-everest-EINE. 10 rows extracted in 1.3 seconds
2026-07-29 21:18:33.055 UTC [DEBUG   ] ThreadPoolExecutor-0_2 - https://az-phx-001.cognitedata.com:443 "POST /api/v1/projects/bdx-dev/extpipes/runs HTTP/1.1" 200 204
2026-07-29 21:18:33.055 UTC [DEBUG   ] ThreadPoolExecutor-0_2 - HTTP/1.1 POST https://az-phx-001.cognitedata.com/api/v1/projects/bdx-dev/extpipes/runs 200
2026-07-29 21:18:33.703 UTC [DEBUG   ] ThreadPoolExecutor-0_4 - https://az-phx-001.cognitedata.com:443 "POST /api/v1/projects/bdx-dev/raw/dbs/db_databricks_everest_raw/tables/tb_MAST/rows?ensureParent=True HTTP/1.1" 200 6
2026-07-29 21:18:33.703 UTC [DEBUG   ] ThreadPoolExecutor-0_4 - HTTP/1.1 POST https://az-phx-001.cognitedata.com/api/v1/projects/bdx-dev/raw/dbs/db_databricks_everest_raw/tables/tb_MAST/rows?ensureParent=True 200
2026-07-29 21:18:34.547 UTC [DEBUG   ] ThreadPoolExecutor-0_0 - https://az-phx-001.cognitedata.com:443 "POST /api/v1/projects/bdx-dev/raw/dbs/db_databricks_everest_raw/tables/tb_MAST/rows?ensureParent=True HTTP/1.1" 200 6
2026-07-29 21:18:34.547 UTC [DEBUG   ] ThreadPoolExecutor-0_0 - HTTP/1.1 POST https://az-phx-001.cognitedata.com/api/v1/projects/bdx-dev/raw/dbs/db_databricks_everest_raw/tables/tb_MAST/rows?ensureParent=True 200
2026-07-29 21:18:35.343 UTC [DEBUG   ] ThreadPoolExecutor-0_3 - https://az-phx-001.cognitedata.com:443 "POST /api/v1/projects/bdx-dev/raw/dbs/db_databricks_everest_raw/tables/tb_PLKO/rows?ensureParent=True HTTP/1.1" 200 6
2026-07-29 21:18:35.343 UTC [DEBUG   ] ThreadPoolExecutor-0_3 - HTTP/1.1 POST https://az-phx-001.cognitedata.com/api/v1/projects/bdx-dev/raw/dbs/db_databricks_everest_raw/tables/tb_PLKO/rows?ensureParent=True 200
2026-07-29 21:18:35.578 UTC [DEBUG   ] ThreadPoolExecutor-0_1 - https://az-phx-001.cognitedata.com:443 "POST /api/v1/projects/bdx-dev/raw/dbs/db_databricks_everest_raw/tables/tb_MKAL/rows?ensureParent=True HTTP/1.1" 200 6
2026-07-29 21:18:35.578 UTC [DEBUG   ] ThreadPoolExecutor-0_1 - HTTP/1.1 POST https://az-phx-001.cognitedata.com/api/v1/projects/bdx-dev/raw/dbs/db_databricks_everest_raw/tables/tb_MKAL/rows?ensureParent=True 200
2026-07-29 21:18:35.625 UTC [DEBUG   ] ThreadPoolExecutor-0_0 - https://az-phx-001.cognitedata.com:443 "POST /api/v1/projects/bdx-dev/raw/dbs/db_databricks_everest_raw/tables/tb_EINE/rows?ensureParent=True HTTP/1.1" 200 6
2026-07-29 21:18:35.625 UTC [DEBUG   ] ThreadPoolExecutor-0_0 - HTTP/1.1 POST https://az-phx-001.cognitedata.com/api/v1/projects/bdx-dev/raw/dbs/db_databricks_everest_raw/tables/tb_EINE/rows?ensureParent=True 200
2026-07-29 21:18:35.625 UTC [INFO    ] QueryExecutor_3 - Uploaded 14010 raw rows
2026-07-29 21:18:35.890 UTC [INFO    ] QueryExecutor_0 - Current_row_count for query extract-everest-PLKO: 140000
2026-07-29 21:18:36.359 UTC [INFO    ] QueryExecutor_3 - Connected to db-databricks-raw successfully
2026-07-29 21:18:36.359 UTC [INFO    ] QueryExecutor_3 - Starting extraction of extract-everest-LFA1
2026-07-29 21:18:36.359 UTC [INFO    ] QueryExecutor_3 - Getting rows from odbc
2026-07-29 21:18:37.515 UTC [INFO    ] QueryExecutor_1 - Current_row_count for query extract-everest-MAST: 500000
2026-07-29 21:18:38.265 UTC [INFO    ] QueryExecutor_2 - Current_row_count for query extract-everest-MKAL: 140000
2026-07-29 21:18:40.203 UTC [INFO    ] QueryExecutor_1 - Current_row_count for query extract-everest-MAST: 510000
2026-07-29 21:18:43.874 UTC [INFO    ] QueryExecutor_1 - Current_row_count for query extract-everest-MAST: 520000
2026-07-29 21:18:44.296 UTC [INFO    ] QueryExecutor_1 - Upload queue reached threshold size 50000/50000, triggering upload
2026-07-29 21:18:44.624 UTC [DEBUG   ] ThreadPoolExecutor-0_1 - https://az-phx-001.cognitedata.com:443 "POST /api/v1/projects/bdx-dev/raw/dbs/db_databricks_everest_raw/tables/tb_MKAL/rows?ensureParent=True HTTP/1.1" 200 6
2026-07-29 21:18:44.624 UTC [DEBUG   ] ThreadPoolExecutor-0_1 - HTTP/1.1 POST https://az-phx-001.cognitedata.com/api/v1/projects/bdx-dev/raw/dbs/db_databricks_everest_raw/tables/tb_MKAL/rows?ensureParent=True 200
2026-07-29 21:18:44.843 UTC [DEBUG   ] ThreadPoolExecutor-0_4 - https://az-phx-001.cognitedata.com:443 "POST /api/v1/projects/bdx-dev/raw/dbs/db_databricks_everest_raw/tables/tb_MKAL/rows?ensureParent=True HTTP/1.1" 200 6
2026-07-29 21:18:44.843 UTC [DEBUG   ] ThreadPoolExecutor-0_4 - HTTP/1.1 POST https://az-phx-001.cognitedata.com/api/v1/projects/bdx-dev/raw/dbs/db_databricks_everest_raw/tables/tb_MKAL/rows?ensureParent=True 200
2026-07-29 21:18:44.843 UTC [DEBUG   ] ThreadPoolExecutor-0_3 - https://az-phx-001.cognitedata.com:443 "POST /api/v1/projects/bdx-dev/raw/dbs/db_databricks_everest_raw/tables/tb_MKAL/rows?ensureParent=True HTTP/1.1" 200 6
2026-07-29 21:18:44.843 UTC [DEBUG   ] ThreadPoolExecutor-0_3 - HTTP/1.1 POST https://az-phx-001.cognitedata.com/api/v1/projects/bdx-dev/raw/dbs/db_databricks_everest_raw/tables/tb_MKAL/rows?ensureParent=True 200
2026-07-29 21:18:46.562 UTC [DEBUG   ] ThreadPoolExecutor-0_3 - https://az-phx-001.cognitedata.com:443 "POST /api/v1/projects/bdx-dev/raw/dbs/db_databricks_everest_raw/tables/tb_MAST/rows?ensureParent=True HTTP/1.1" 200 6
2026-07-29 21:18:46.562 UTC [DEBUG   ] ThreadPoolExecutor-0_3 - HTTP/1.1 POST https://az-phx-001.cognitedata.com/api/v1/projects/bdx-dev/raw/dbs/db_databricks_everest_raw/tables/tb_MAST/rows?ensureParent=True 200
2026-07-29 21:18:47.046 UTC [DEBUG   ] ThreadPoolExecutor-0_0 - https://az-phx-001.cognitedata.com:443 "POST /api/v1/projects/bdx-dev/raw/dbs/db_databricks_everest_raw/tables/tb_MAST/rows?ensureParent=True HTTP/1.1" 200 6
2026-07-29 21:18:47.046 UTC [DEBUG   ] ThreadPoolExecutor-0_0 - HTTP/1.1 POST https://az-phx-001.cognitedata.com/api/v1/projects/bdx-dev/raw/dbs/db_databricks_everest_raw/tables/tb_MAST/rows?ensureParent=True 200
2026-07-29 21:18:47.078 UTC [DEBUG   ] ThreadPoolExecutor-0_4 - https://az-phx-001.cognitedata.com:443 "POST /api/v1/projects/bdx-dev/raw/dbs/db_databricks_everest_raw/tables/tb_MAST/rows?ensureParent=True HTTP/1.1" 200 6
2026-07-29 21:18:47.093 UTC [DEBUG   ] ThreadPoolExecutor-0_4 - HTTP/1.1 POST https://az-phx-001.cognitedata.com/api/v1/projects/bdx-dev/raw/dbs/db_databricks_everest_raw/tables/tb_MAST/rows?ensureParent=True 200
2026-07-29 21:18:47.093 UTC [DEBUG   ] ThreadPoolExecutor-0_2 - https://az-phx-001.cognitedata.com:443 "POST /api/v1/projects/bdx-dev/raw/dbs/db_databricks_everest_raw/tables/tb_MAST/rows?ensureParent=True HTTP/1.1" 200 6
2026-07-29 21:18:47.093 UTC [DEBUG   ] ThreadPoolExecutor-0_2 - HTTP/1.1 POST https://az-phx-001.cognitedata.com/api/v1/projects/bdx-dev/raw/dbs/db_databricks_everest_raw/tables/tb_MAST/rows?ensureParent=True 200
2026-07-29 21:18:47.140 UTC [DEBUG   ] ThreadPoolExecutor-0_1 - https://az-phx-001.cognitedata.com:443 "POST /api/v1/projects/bdx-dev/raw/dbs/db_databricks_everest_raw/tables/tb_MAST/rows?ensureParent=True HTTP/1.1" 200 6
2026-07-29 21:18:47.156 UTC [DEBUG   ] ThreadPoolExecutor-0_1 - HTTP/1.1 POST https://az-phx-001.cognitedata.com/api/v1/projects/bdx-dev/raw/dbs/db_databricks_everest_raw/tables/tb_MAST/rows?ensureParent=True 200
2026-07-29 21:18:48.109 UTC [DEBUG   ] ThreadPoolExecutor-0_3 - https://az-phx-001.cognitedata.com:443 "POST /api/v1/projects/bdx-dev/raw/dbs/db_databricks_everest_raw/tables/tb_MAST/rows?ensureParent=True HTTP/1.1" 200 6
2026-07-29 21:18:48.109 UTC [DEBUG   ] ThreadPoolExecutor-0_3 - HTTP/1.1 POST https://az-phx-001.cognitedata.com/api/v1/projects/bdx-dev/raw/dbs/db_databricks_everest_raw/tables/tb_MAST/rows?ensureParent=True 200
2026-07-29 21:18:48.940 UTC [DEBUG   ] ThreadPoolExecutor-0_4 - https://az-phx-001.cognitedata.com:443 "POST /api/v1/projects/bdx-dev/raw/dbs/db_databricks_everest_raw/tables/tb_PLKO/rows?ensureParent=True HTTP/1.1" 200 6
2026-07-29 21:18:48.940 UTC [DEBUG   ] ThreadPoolExecutor-0_4 - HTTP/1.1 POST https://az-phx-001.cognitedata.com/api/v1/projects/bdx-dev/raw/dbs/db_databricks_everest_raw/tables/tb_PLKO/rows?ensureParent=True 200
2026-07-29 21:18:49.987 UTC [DEBUG   ] ThreadPoolExecutor-0_0 - https://az-phx-001.cognitedata.com:443 "POST /api/v1/projects/bdx-dev/raw/dbs/db_databricks_everest_raw/tables/tb_PLKO/rows?ensureParent=True HTTP/1.1" 200 6
2026-07-29 21:18:49.987 UTC [DEBUG   ] ThreadPoolExecutor-0_0 - HTTP/1.1 POST https://az-phx-001.cognitedata.com/api/v1/projects/bdx-dev/raw/dbs/db_databricks_everest_raw/tables/tb_PLKO/rows?ensureParent=True 200
2026-07-29 21:18:50.222 UTC [DEBUG   ] ThreadPoolExecutor-0_1 - https://az-phx-001.cognitedata.com:443 "POST /api/v1/projects/bdx-dev/raw/dbs/db_databricks_everest_raw/tables/tb_LFA1/rows?ensureParent=True HTTP/1.1" 200 6
2026-07-29 21:18:50.222 UTC [DEBUG   ] ThreadPoolExecutor-0_1 - HTTP/1.1 POST https://az-phx-001.cognitedata.com/api/v1/projects/bdx-dev/raw/dbs/db_databricks_everest_raw/tables/tb_LFA1/rows?ensureParent=True 200
2026-07-29 21:18:50.222 UTC [INFO    ] QueryExecutor_1 - Uploaded 50000 raw rows
2026-07-29 21:18:52.565 UTC [INFO    ] QueryExecutor_2 - Current_row_count for query extract-everest-MKAL: 150000
2026-07-29 21:18:53.393 UTC [INFO    ] QueryExecutor_1 - Current_row_count for query extract-everest-MAST: 530000
2026-07-29 21:18:55.690 UTC [INFO    ] QueryExecutor_0 - Current_row_count for query extract-everest-PLKO: 150000
2026-07-29 21:18:57.049 UTC [INFO    ] QueryExecutor_1 - Current_row_count for query extract-everest-MAST: 540000
2026-07-29 21:18:58.549 UTC [INFO    ] QueryExecutor_1 - No more rows for extract-everest-MAST. 544242 rows extracted in 2.84e+02 seconds
2026-07-29 21:18:58.549 UTC [INFO    ] QueryExecutor_1 - Reporting new success run: No more rows for extract-everest-MAST. 544242 rows extracted in 2.84e+02 seconds
2026-07-29 21:18:58.581 UTC [DEBUG   ] ThreadPoolExecutor-0_2 - https://az-phx-001.cognitedata.com:443 "POST /api/v1/projects/bdx-dev/extpipes/runs HTTP/1.1" 200 213
2026-07-29 21:18:58.581 UTC [DEBUG   ] ThreadPoolExecutor-0_2 - HTTP/1.1 POST https://az-phx-001.cognitedata.com/api/v1/projects/bdx-dev/extpipes/runs 200
2026-07-29 21:18:59.174 UTC [DEBUG   ] ThreadPoolExecutor-0_0 - https://az-phx-001.cognitedata.com:443 "POST /api/v1/projects/bdx-dev/raw/dbs/db_databricks_everest_raw/tables/tb_LFA1/rows?ensureParent=True HTTP/1.1" 200 6
2026-07-29 21:18:59.174 UTC [DEBUG   ] ThreadPoolExecutor-0_0 - HTTP/1.1 POST https://az-phx-001.cognitedata.com/api/v1/projects/bdx-dev/raw/dbs/db_databricks_everest_raw/tables/tb_LFA1/rows?ensureParent=True 200
2026-07-29 21:18:59.659 UTC [DEBUG   ] ThreadPoolExecutor-0_4 - https://az-phx-001.cognitedata.com:443 "POST /api/v1/projects/bdx-dev/raw/dbs/db_databricks_everest_raw/tables/tb_MKAL/rows?ensureParent=True HTTP/1.1" 200 6
2026-07-29 21:18:59.659 UTC [DEBUG   ] ThreadPoolExecutor-0_4 - HTTP/1.1 POST https://az-phx-001.cognitedata.com/api/v1/projects/bdx-dev/raw/dbs/db_databricks_everest_raw/tables/tb_MKAL/rows?ensureParent=True 200
2026-07-29 21:18:59.659 UTC [DEBUG   ] ThreadPoolExecutor-0_1 - https://az-phx-001.cognitedata.com:443 "POST /api/v1/projects/bdx-dev/raw/dbs/db_databricks_everest_raw/tables/tb_MKAL/rows?ensureParent=True HTTP/1.1" 200 6
2026-07-29 21:18:59.659 UTC [DEBUG   ] ThreadPoolExecutor-0_1 - HTTP/1.1 POST https://az-phx-001.cognitedata.com/api/v1/projects/bdx-dev/raw/dbs/db_databricks_everest_raw/tables/tb_MKAL/rows?ensureParent=True 200
2026-07-29 21:19:01.830 UTC [DEBUG   ] ThreadPoolExecutor-0_3 - https://az-phx-001.cognitedata.com:443 "POST /api/v1/projects/bdx-dev/raw/dbs/db_databricks_everest_raw/tables/tb_PLKO/rows?ensureParent=True HTTP/1.1" 200 6
2026-07-29 21:19:01.830 UTC [DEBUG   ] ThreadPoolExecutor-0_3 - HTTP/1.1 POST https://az-phx-001.cognitedata.com/api/v1/projects/bdx-dev/raw/dbs/db_databricks_everest_raw/tables/tb_PLKO/rows?ensureParent=True 200
2026-07-29 21:19:02.887 UTC [DEBUG   ] ThreadPoolExecutor-0_3 - https://az-phx-001.cognitedata.com:443 "POST /api/v1/projects/bdx-dev/raw/dbs/db_databricks_everest_raw/tables/tb_MAST/rows?ensureParent=True HTTP/1.1" 200 6
2026-07-29 21:19:02.887 UTC [DEBUG   ] ThreadPoolExecutor-0_3 - HTTP/1.1 POST https://az-phx-001.cognitedata.com/api/v1/projects/bdx-dev/raw/dbs/db_databricks_everest_raw/tables/tb_MAST/rows?ensureParent=True 200
2026-07-29 21:19:03.745 UTC [DEBUG   ] ThreadPoolExecutor-0_4 - https://az-phx-001.cognitedata.com:443 "POST /api/v1/projects/bdx-dev/raw/dbs/db_databricks_everest_raw/tables/tb_MAST/rows?ensureParent=True HTTP/1.1" 200 6
2026-07-29 21:19:03.745 UTC [DEBUG   ] ThreadPoolExecutor-0_4 - HTTP/1.1 POST https://az-phx-001.cognitedata.com/api/v1/projects/bdx-dev/raw/dbs/db_databricks_everest_raw/tables/tb_MAST/rows?ensureParent=True 200
2026-07-29 21:19:03.791 UTC [DEBUG   ] ThreadPoolExecutor-0_0 - https://az-phx-001.cognitedata.com:443 "POST /api/v1/projects/bdx-dev/raw/dbs/db_databricks_everest_raw/tables/tb_MAST/rows?ensureParent=True HTTP/1.1" 200 6
2026-07-29 21:19:03.791 UTC [DEBUG   ] ThreadPoolExecutor-0_0 - HTTP/1.1 POST https://az-phx-001.cognitedata.com/api/v1/projects/bdx-dev/raw/dbs/db_databricks_everest_raw/tables/tb_MAST/rows?ensureParent=True 200
2026-07-29 21:19:03.807 UTC [DEBUG   ] ThreadPoolExecutor-0_2 - https://az-phx-001.cognitedata.com:443 "POST /api/v1/projects/bdx-dev/raw/dbs/db_databricks_everest_raw/tables/tb_MAST/rows?ensureParent=True HTTP/1.1" 200 6
2026-07-29 21:19:03.807 UTC [DEBUG   ] ThreadPoolExecutor-0_2 - HTTP/1.1 POST https://az-phx-001.cognitedata.com/api/v1/projects/bdx-dev/raw/dbs/db_databricks_everest_raw/tables/tb_MAST/rows?ensureParent=True 200
2026-07-29 21:19:03.823 UTC [DEBUG   ] ThreadPoolExecutor-0_1 - https://az-phx-001.cognitedata.com:443 "POST /api/v1/projects/bdx-dev/raw/dbs/db_databricks_everest_raw/tables/tb_MAST/rows?ensureParent=True HTTP/1.1" 200 6
2026-07-29 21:19:03.823 UTC [DEBUG   ] ThreadPoolExecutor-0_1 - HTTP/1.1 POST https://az-phx-001.cognitedata.com/api/v1/projects/bdx-dev/raw/dbs/db_databricks_everest_raw/tables/tb_MAST/rows?ensureParent=True 200
2026-07-29 21:19:03.823 UTC [INFO    ] QueryExecutor_1 - Uploaded 40242 raw rows
2026-07-29 21:19:04.870 UTC [INFO    ] QueryExecutor_1 - Connected to db-databricks-raw successfully
2026-07-29 21:19:04.870 UTC [INFO    ] QueryExecutor_1 - Starting extraction of extract-everest-KNA1
2026-07-29 21:19:04.870 UTC [INFO    ] QueryExecutor_1 - Getting rows from odbc
2026-07-29 21:19:05.635 UTC [INFO    ] QueryExecutor_2 - Current_row_count for query extract-everest-MKAL: 160000
2026-07-29 21:19:06.354 UTC [INFO    ] QueryExecutor_1 - No more rows for extract-everest-KNA1. 10 rows extracted in 1.48 seconds
2026-07-29 21:19:06.354 UTC [INFO    ] QueryExecutor_1 - Reporting new success run: No more rows for extract-everest-KNA1. 10 rows extracted in 1.48 seconds
2026-07-29 21:19:06.401 UTC [DEBUG   ] ThreadPoolExecutor-0_3 - https://az-phx-001.cognitedata.com:443 "POST /api/v1/projects/bdx-dev/extpipes/runs HTTP/1.1" 200 205
2026-07-29 21:19:06.401 UTC [DEBUG   ] ThreadPoolExecutor-0_3 - HTTP/1.1 POST https://az-phx-001.cognitedata.com/api/v1/projects/bdx-dev/extpipes/runs 200
2026-07-29 21:19:07.432 UTC [DEBUG   ] ThreadPoolExecutor-0_0 - https://az-phx-001.cognitedata.com:443 "POST /api/v1/projects/bdx-dev/raw/dbs/db_databricks_everest_raw/tables/tb_PLKO/rows?ensureParent=True HTTP/1.1" 200 6
2026-07-29 21:19:07.448 UTC [DEBUG   ] ThreadPoolExecutor-0_0 - HTTP/1.1 POST https://az-phx-001.cognitedata.com/api/v1/projects/bdx-dev/raw/dbs/db_databricks_everest_raw/tables/tb_PLKO/rows?ensureParent=True 200
2026-07-29 21:19:07.838 UTC [DEBUG   ] ThreadPoolExecutor-0_1 - https://az-phx-001.cognitedata.com:443 "POST /api/v1/projects/bdx-dev/raw/dbs/db_databricks_everest_raw/tables/tb_LFA1/rows?ensureParent=True HTTP/1.1" 200 6
2026-07-29 21:19:07.838 UTC [DEBUG   ] ThreadPoolExecutor-0_1 - HTTP/1.1 POST https://az-phx-001.cognitedata.com/api/v1/projects/bdx-dev/raw/dbs/db_databricks_everest_raw/tables/tb_LFA1/rows?ensureParent=True 200
2026-07-29 21:19:08.276 UTC [DEBUG   ] ThreadPoolExecutor-0_3 - https://az-phx-001.cognitedata.com:443 "POST /api/v1/projects/bdx-dev/raw/dbs/db_databricks_everest_raw/tables/tb_MKAL/rows?ensureParent=True HTTP/1.1" 200 6
2026-07-29 21:19:08.276 UTC [DEBUG   ] ThreadPoolExecutor-0_3 - HTTP/1.1 POST https://az-phx-001.cognitedata.com/api/v1/projects/bdx-dev/raw/dbs/db_databricks_everest_raw/tables/tb_MKAL/rows?ensureParent=True 200
2026-07-29 21:19:08.323 UTC [DEBUG   ] ThreadPoolExecutor-0_0 - https://az-phx-001.cognitedata.com:443 "POST /api/v1/projects/bdx-dev/raw/dbs/db_databricks_everest_raw/tables/tb_KNA1/rows?ensureParent=True HTTP/1.1" 200 6
2026-07-29 21:19:08.323 UTC [DEBUG   ] ThreadPoolExecutor-0_0 - HTTP/1.1 POST https://az-phx-001.cognitedata.com/api/v1/projects/bdx-dev/raw/dbs/db_databricks_everest_raw/tables/tb_KNA1/rows?ensureParent=True 200
2026-07-29 21:19:08.323 UTC [INFO    ] QueryExecutor_1 - Uploaded 10010 raw rows
2026-07-29 21:19:09.322 UTC [INFO    ] QueryExecutor_1 - Connected to db-databricks-raw successfully
2026-07-29 21:19:09.322 UTC [INFO    ] QueryExecutor_1 - Starting extraction of extract-everest-KNVV
2026-07-29 21:19:09.322 UTC [INFO    ] QueryExecutor_1 - Getting rows from odbc
2026-07-29 21:19:11.026 UTC [INFO    ] QueryExecutor_1 - No more rows for extract-everest-KNVV. 10 rows extracted in 1.7 seconds
2026-07-29 21:19:11.026 UTC [INFO    ] QueryExecutor_1 - Reporting new success run: No more rows for extract-everest-KNVV. 10 rows extracted in 1.7 seconds
2026-07-29 21:19:11.057 UTC [DEBUG   ] ThreadPoolExecutor-0_1 - https://az-phx-001.cognitedata.com:443 "POST /api/v1/projects/bdx-dev/extpipes/runs HTTP/1.1" 200 204
2026-07-29 21:19:11.057 UTC [DEBUG   ] ThreadPoolExecutor-0_1 - HTTP/1.1 POST https://az-phx-001.cognitedata.com/api/v1/projects/bdx-dev/extpipes/runs 200
2026-07-29 21:19:11.416 UTC [DEBUG   ] ThreadPoolExecutor-0_3 - https://az-phx-001.cognitedata.com:443 "POST /api/v1/projects/bdx-dev/raw/dbs/db_databricks_everest_raw/tables/tb_MKAL/rows?ensureParent=True HTTP/1.1" 200 6
2026-07-29 21:19:11.416 UTC [DEBUG   ] ThreadPoolExecutor-0_3 - HTTP/1.1 POST https://az-phx-001.cognitedata.com/api/v1/projects/bdx-dev/raw/dbs/db_databricks_everest_raw/tables/tb_MKAL/rows?ensureParent=True 200
2026-07-29 21:19:12.447 UTC [DEBUG   ] ThreadPoolExecutor-0_0 - https://az-phx-001.cognitedata.com:443 "POST /api/v1/projects/bdx-dev/raw/dbs/db_databricks_everest_raw/tables/tb_PLKO/rows?ensureParent=True HTTP/1.1" 200 6
2026-07-29 21:19:12.447 UTC [DEBUG   ] ThreadPoolExecutor-0_0 - HTTP/1.1 POST https://az-phx-001.cognitedata.com/api/v1/projects/bdx-dev/raw/dbs/db_databricks_everest_raw/tables/tb_PLKO/rows?ensureParent=True 200
2026-07-29 21:19:12.807 UTC [DEBUG   ] ThreadPoolExecutor-0_1 - https://az-phx-001.cognitedata.com:443 "POST /api/v1/projects/bdx-dev/raw/dbs/db_databricks_everest_raw/tables/tb_LFA1/rows?ensureParent=True HTTP/1.1" 200 6
2026-07-29 21:19:12.807 UTC [DEBUG   ] ThreadPoolExecutor-0_1 - HTTP/1.1 POST https://az-phx-001.cognitedata.com/api/v1/projects/bdx-dev/raw/dbs/db_databricks_everest_raw/tables/tb_LFA1/rows?ensureParent=True 200
2026-07-29 21:19:12.869 UTC [DEBUG   ] ThreadPoolExecutor-0_3 - https://az-phx-001.cognitedata.com:443 "POST /api/v1/projects/bdx-dev/raw/dbs/db_databricks_everest_raw/tables/tb_KNVV/rows?ensureParent=True HTTP/1.1" 200 6
2026-07-29 21:19:12.869 UTC [DEBUG   ] ThreadPoolExecutor-0_3 - HTTP/1.1 POST https://az-phx-001.cognitedata.com/api/v1/projects/bdx-dev/raw/dbs/db_databricks_everest_raw/tables/tb_KNVV/rows?ensureParent=True 200
2026-07-29 21:19:12.869 UTC [INFO    ] QueryExecutor_1 - Uploaded 10010 raw rows
2026-07-29 21:19:13.744 UTC [INFO    ] QueryExecutor_1 - Connected to db-databricks-raw successfully
2026-07-29 21:19:13.744 UTC [INFO    ] QueryExecutor_1 - Starting extraction of extract-everest-KNVK
2026-07-29 21:19:13.744 UTC [INFO    ] QueryExecutor_1 - Getting rows from odbc
2026-07-29 21:19:14.760 UTC [INFO    ] QueryExecutor_2 - Current_row_count for query extract-everest-MKAL: 170000
2026-07-29 21:19:15.103 UTC [INFO    ] QueryExecutor_3 - Current_row_count for query extract-everest-LFA1: 10000
2026-07-29 21:19:15.400 UTC [INFO    ] QueryExecutor_0 - Current_row_count for query extract-everest-PLKO: 160000
2026-07-29 21:19:16.963 UTC [INFO    ] QueryExecutor_2 - No more rows for extract-everest-MKAL. 172163 rows extracted in 2.31e+02 seconds
2026-07-29 21:19:16.978 UTC [INFO    ] QueryExecutor_2 - Reporting new success run: No more rows for extract-everest-MKAL. 172163 rows extracted in 2.31e+02 seconds
2026-07-29 21:19:17.010 UTC [DEBUG   ] ThreadPoolExecutor-0_0 - https://az-phx-001.cognitedata.com:443 "POST /api/v1/projects/bdx-dev/extpipes/runs HTTP/1.1" 200 213
2026-07-29 21:19:17.010 UTC [DEBUG   ] ThreadPoolExecutor-0_0 - HTTP/1.1 POST https://az-phx-001.cognitedata.com/api/v1/projects/bdx-dev/extpipes/runs 200
2026-07-29 21:19:17.166 UTC [DEBUG   ] ThreadPoolExecutor-0_2 - https://az-phx-001.cognitedata.com:443 "POST /api/v1/projects/bdx-dev/raw/dbs/db_databricks_everest_raw/tables/tb_MKAL/rows?ensureParent=True HTTP/1.1" 200 6
2026-07-29 21:19:17.166 UTC [DEBUG   ] ThreadPoolExecutor-0_2 - HTTP/1.1 POST https://az-phx-001.cognitedata.com/api/v1/projects/bdx-dev/raw/dbs/db_databricks_everest_raw/tables/tb_MKAL/rows?ensureParent=True 200
2026-07-29 21:19:17.385 UTC [DEBUG   ] ThreadPoolExecutor-0_1 - https://az-phx-001.cognitedata.com:443 "POST /api/v1/projects/bdx-dev/raw/dbs/db_databricks_everest_raw/tables/tb_MKAL/rows?ensureParent=True HTTP/1.1" 200 6
2026-07-29 21:19:17.385 UTC [DEBUG   ] ThreadPoolExecutor-0_1 - HTTP/1.1 POST https://az-phx-001.cognitedata.com/api/v1/projects/bdx-dev/raw/dbs/db_databricks_everest_raw/tables/tb_MKAL/rows?ensureParent=True 200
2026-07-29 21:19:18.467 UTC [DEBUG   ] ThreadPoolExecutor-0_4 - https://az-phx-001.cognitedata.com:443 "POST /api/v1/projects/bdx-dev/raw/dbs/db_databricks_everest_raw/tables/tb_PLKO/rows?ensureParent=True HTTP/1.1" 200 6
2026-07-29 21:19:18.482 UTC [DEBUG   ] ThreadPoolExecutor-0_4 - HTTP/1.1 POST https://az-phx-001.cognitedata.com/api/v1/projects/bdx-dev/raw/dbs/db_databricks_everest_raw/tables/tb_PLKO/rows?ensureParent=True 200
2026-07-29 21:19:18.889 UTC [DEBUG   ] ThreadPoolExecutor-0_3 - https://az-phx-001.cognitedata.com:443 "POST /api/v1/projects/bdx-dev/raw/dbs/db_databricks_everest_raw/tables/tb_LFA1/rows?ensureParent=True HTTP/1.1" 200 6
2026-07-29 21:19:18.889 UTC [DEBUG   ] ThreadPoolExecutor-0_3 - HTTP/1.1 POST https://az-phx-001.cognitedata.com/api/v1/projects/bdx-dev/raw/dbs/db_databricks_everest_raw/tables/tb_LFA1/rows?ensureParent=True 200
2026-07-29 21:19:19.045 UTC [DEBUG   ] ThreadPoolExecutor-0_1 - https://az-phx-001.cognitedata.com:443 "POST /api/v1/projects/bdx-dev/raw/dbs/db_databricks_everest_raw/tables/tb_KNVK/rows?ensureParent=True HTTP/1.1" 200 6
2026-07-29 21:19:19.045 UTC [DEBUG   ] ThreadPoolExecutor-0_1 - HTTP/1.1 POST https://az-phx-001.cognitedata.com/api/v1/projects/bdx-dev/raw/dbs/db_databricks_everest_raw/tables/tb_KNVK/rows?ensureParent=True 200
2026-07-29 21:19:19.045 UTC [INFO    ] QueryExecutor_2 - Uploaded 12163 raw rows
2026-07-29 21:19:20.670 UTC [INFO    ] QueryExecutor_2 - Connected to db-databricks-raw successfully
2026-07-29 21:19:20.670 UTC [INFO    ] QueryExecutor_2 - Starting extraction of extract-everest-LIKP
2026-07-29 21:19:20.670 UTC [INFO    ] QueryExecutor_2 - Getting rows from odbc
2026-07-29 21:19:22.279 UTC [INFO    ] QueryExecutor_2 - No more rows for extract-everest-LIKP. 10 rows extracted in 1.61 seconds
2026-07-29 21:19:22.295 UTC [INFO    ] QueryExecutor_2 - Reporting new success run: No more rows for extract-everest-LIKP. 10 rows extracted in 1.61 seconds
2026-07-29 21:19:22.326 UTC [DEBUG   ] ThreadPoolExecutor-0_4 - https://az-phx-001.cognitedata.com:443 "POST /api/v1/projects/bdx-dev/extpipes/runs HTTP/1.1" 200 205
2026-07-29 21:19:22.326 UTC [DEBUG   ] ThreadPoolExecutor-0_4 - HTTP/1.1 POST https://az-phx-001.cognitedata.com/api/v1/projects/bdx-dev/extpipes/runs 200
2026-07-29 21:19:23.794 UTC [DEBUG   ] ThreadPoolExecutor-0_3 - https://az-phx-001.cognitedata.com:443 "POST /api/v1/projects/bdx-dev/raw/dbs/db_databricks_everest_raw/tables/tb_PLKO/rows?ensureParent=True HTTP/1.1" 200 6
2026-07-29 21:19:23.795 UTC [DEBUG   ] ThreadPoolExecutor-0_3 - HTTP/1.1 POST https://az-phx-001.cognitedata.com/api/v1/projects/bdx-dev/raw/dbs/db_databricks_everest_raw/tables/tb_PLKO/rows?ensureParent=True 200
2026-07-29 21:19:24.183 UTC [DEBUG   ] ThreadPoolExecutor-0_1 - https://az-phx-001.cognitedata.com:443 "POST /api/v1/projects/bdx-dev/raw/dbs/db_databricks_everest_raw/tables/tb_LFA1/rows?ensureParent=True HTTP/1.1" 200 6
2026-07-29 21:19:24.184 UTC [DEBUG   ] ThreadPoolExecutor-0_1 - HTTP/1.1 POST https://az-phx-001.cognitedata.com/api/v1/projects/bdx-dev/raw/dbs/db_databricks_everest_raw/tables/tb_LFA1/rows?ensureParent=True 200
2026-07-29 21:19:24.746 UTC [DEBUG   ] ThreadPoolExecutor-0_4 - https://az-phx-001.cognitedata.com:443 "POST /api/v1/projects/bdx-dev/raw/dbs/db_databricks_everest_raw/tables/tb_KNVK/rows?ensureParent=True HTTP/1.1" 200 6
2026-07-29 21:19:24.746 UTC [DEBUG   ] ThreadPoolExecutor-0_4 - HTTP/1.1 POST https://az-phx-001.cognitedata.com/api/v1/projects/bdx-dev/raw/dbs/db_databricks_everest_raw/tables/tb_KNVK/rows?ensureParent=True 200
2026-07-29 21:19:24.854 UTC [DEBUG   ] ThreadPoolExecutor-0_3 - https://az-phx-001.cognitedata.com:443 "POST /api/v1/projects/bdx-dev/raw/dbs/db_databricks_everest_raw/tables/tb_LIKP/rows?ensureParent=True HTTP/1.1" 200 6
2026-07-29 21:19:24.854 UTC [DEBUG   ] ThreadPoolExecutor-0_3 - HTTP/1.1 POST https://az-phx-001.cognitedata.com/api/v1/projects/bdx-dev/raw/dbs/db_databricks_everest_raw/tables/tb_LIKP/rows?ensureParent=True 200
2026-07-29 21:19:24.855 UTC [INFO    ] QueryExecutor_2 - Uploaded 10010 raw rows
2026-07-29 21:19:26.086 UTC [INFO    ] QueryExecutor_2 - Connected to db-databricks-raw successfully
2026-07-29 21:19:26.086 UTC [INFO    ] QueryExecutor_2 - Starting extraction of extract-everest-LIPS
2026-07-29 21:19:26.105 UTC [INFO    ] QueryExecutor_2 - Getting rows from odbc
2026-07-29 21:19:27.941 UTC [INFO    ] QueryExecutor_2 - No more rows for extract-everest-LIPS. 10 rows extracted in 1.84 seconds
2026-07-29 21:19:27.942 UTC [INFO    ] QueryExecutor_2 - Reporting new success run: No more rows for extract-everest-LIPS. 10 rows extracted in 1.84 seconds
2026-07-29 21:19:27.976 UTC [DEBUG   ] ThreadPoolExecutor-0_1 - https://az-phx-001.cognitedata.com:443 "POST /api/v1/projects/bdx-dev/extpipes/runs HTTP/1.1" 200 205
2026-07-29 21:19:27.977 UTC [DEBUG   ] ThreadPoolExecutor-0_1 - HTTP/1.1 POST https://az-phx-001.cognitedata.com/api/v1/projects/bdx-dev/extpipes/runs 200
2026-07-29 21:19:28.398 UTC [DEBUG   ] ThreadPoolExecutor-0_4 - https://az-phx-001.cognitedata.com:443 "POST /api/v1/projects/bdx-dev/raw/dbs/db_databricks_everest_raw/tables/tb_LFA1/rows?ensureParent=True HTTP/1.1" 200 6
2026-07-29 21:19:28.398 UTC [DEBUG   ] ThreadPoolExecutor-0_4 - HTTP/1.1 POST https://az-phx-001.cognitedata.com/api/v1/projects/bdx-dev/raw/dbs/db_databricks_everest_raw/tables/tb_LFA1/rows?ensureParent=True 200
2026-07-29 21:19:29.442 UTC [DEBUG   ] ThreadPoolExecutor-0_3 - https://az-phx-001.cognitedata.com:443 "POST /api/v1/projects/bdx-dev/raw/dbs/db_databricks_everest_raw/tables/tb_PLKO/rows?ensureParent=True HTTP/1.1" 200 6
2026-07-29 21:19:29.442 UTC [DEBUG   ] ThreadPoolExecutor-0_3 - HTTP/1.1 POST https://az-phx-001.cognitedata.com/api/v1/projects/bdx-dev/raw/dbs/db_databricks_everest_raw/tables/tb_PLKO/rows?ensureParent=True 200
2026-07-29 21:19:29.830 UTC [DEBUG   ] ThreadPoolExecutor-0_1 - https://az-phx-001.cognitedata.com:443 "POST /api/v1/projects/bdx-dev/raw/dbs/db_databricks_everest_raw/tables/tb_KNVK/rows?ensureParent=True HTTP/1.1" 200 6
2026-07-29 21:19:29.831 UTC [DEBUG   ] ThreadPoolExecutor-0_1 - HTTP/1.1 POST https://az-phx-001.cognitedata.com/api/v1/projects/bdx-dev/raw/dbs/db_databricks_everest_raw/tables/tb_KNVK/rows?ensureParent=True 200
2026-07-29 21:19:29.874 UTC [DEBUG   ] ThreadPoolExecutor-0_4 - https://az-phx-001.cognitedata.com:443 "POST /api/v1/projects/bdx-dev/raw/dbs/db_databricks_everest_raw/tables/tb_LIPS/rows?ensureParent=True HTTP/1.1" 200 6
2026-07-29 21:19:29.874 UTC [DEBUG   ] ThreadPoolExecutor-0_4 - HTTP/1.1 POST https://az-phx-001.cognitedata.com/api/v1/projects/bdx-dev/raw/dbs/db_databricks_everest_raw/tables/tb_LIPS/rows?ensureParent=True 200
2026-07-29 21:19:29.875 UTC [INFO    ] QueryExecutor_2 - Uploaded 8010 raw rows
2026-07-29 21:19:30.546 UTC [INFO    ] QueryExecutor_2 - Connected to db-databricks-raw successfully
2026-07-29 21:19:30.546 UTC [INFO    ] QueryExecutor_2 - Starting extraction of extract-everest-VBAK
2026-07-29 21:19:30.546 UTC [INFO    ] QueryExecutor_2 - Getting rows from odbc
2026-07-29 21:19:31.086 UTC [INFO    ] QueryExecutor_1 - Current_row_count for query extract-everest-KNVK: 10000
2026-07-29 21:19:31.880 UTC [INFO    ] QueryExecutor_2 - No more rows for extract-everest-VBAK. 10 rows extracted in 1.33 seconds
2026-07-29 21:19:31.880 UTC [INFO    ] QueryExecutor_2 - Reporting new success run: No more rows for extract-everest-VBAK. 10 rows extracted in 1.33 seconds
2026-07-29 21:19:31.943 UTC [DEBUG   ] ThreadPoolExecutor-0_3 - https://az-phx-001.cognitedata.com:443 "POST /api/v1/projects/bdx-dev/extpipes/runs HTTP/1.1" 200 205
2026-07-29 21:19:31.943 UTC [DEBUG   ] ThreadPoolExecutor-0_3 - HTTP/1.1 POST https://az-phx-001.cognitedata.com/api/v1/projects/bdx-dev/extpipes/runs 200
2026-07-29 21:19:32.708 UTC [DEBUG   ] ThreadPoolExecutor-0_1 - https://az-phx-001.cognitedata.com:443 "POST /api/v1/projects/bdx-dev/raw/dbs/db_databricks_everest_raw/tables/tb_PLKO/rows?ensureParent=True HTTP/1.1" 200 6
2026-07-29 21:19:32.708 UTC [DEBUG   ] ThreadPoolExecutor-0_1 - HTTP/1.1 POST https://az-phx-001.cognitedata.com/api/v1/projects/bdx-dev/raw/dbs/db_databricks_everest_raw/tables/tb_PLKO/rows?ensureParent=True 200
2026-07-29 21:19:32.974 UTC [DEBUG   ] ThreadPoolExecutor-0_4 - https://az-phx-001.cognitedata.com:443 "POST /api/v1/projects/bdx-dev/raw/dbs/db_databricks_everest_raw/tables/tb_KNVK/rows?ensureParent=True HTTP/1.1" 200 6
2026-07-29 21:19:32.974 UTC [DEBUG   ] ThreadPoolExecutor-0_4 - HTTP/1.1 POST https://az-phx-001.cognitedata.com/api/v1/projects/bdx-dev/raw/dbs/db_databricks_everest_raw/tables/tb_KNVK/rows?ensureParent=True 200
2026-07-29 21:19:33.408 UTC [DEBUG   ] ThreadPoolExecutor-0_3 - https://az-phx-001.cognitedata.com:443 "POST /api/v1/projects/bdx-dev/raw/dbs/db_databricks_everest_raw/tables/tb_LFA1/rows?ensureParent=True HTTP/1.1" 200 6
2026-07-29 21:19:33.408 UTC [DEBUG   ] ThreadPoolExecutor-0_3 - HTTP/1.1 POST https://az-phx-001.cognitedata.com/api/v1/projects/bdx-dev/raw/dbs/db_databricks_everest_raw/tables/tb_LFA1/rows?ensureParent=True 200
2026-07-29 21:19:33.470 UTC [DEBUG   ] ThreadPoolExecutor-0_1 - https://az-phx-001.cognitedata.com:443 "POST /api/v1/projects/bdx-dev/raw/dbs/db_databricks_everest_raw/tables/tb_VBAK/rows?ensureParent=True HTTP/1.1" 200 6
2026-07-29 21:19:33.470 UTC [DEBUG   ] ThreadPoolExecutor-0_1 - HTTP/1.1 POST https://az-phx-001.cognitedata.com/api/v1/projects/bdx-dev/raw/dbs/db_databricks_everest_raw/tables/tb_VBAK/rows?ensureParent=True 200
2026-07-29 21:19:33.470 UTC [INFO    ] QueryExecutor_2 - Uploaded 6010 raw rows
2026-07-29 21:19:33.876 UTC [INFO    ] QueryExecutor_0 - Current_row_count for query extract-everest-PLKO: 170000
2026-07-29 21:19:34.095 UTC [INFO    ] QueryExecutor_2 - Connected to db-databricks-raw successfully
2026-07-29 21:19:34.095 UTC [INFO    ] QueryExecutor_2 - Starting extraction of extract-everest-VBAP
2026-07-29 21:19:34.095 UTC [INFO    ] QueryExecutor_2 - Getting rows from odbc
2026-07-29 21:19:36.501 UTC [INFO    ] QueryExecutor_2 - No more rows for extract-everest-VBAP. 10 rows extracted in 2.41 seconds
2026-07-29 21:19:36.501 UTC [INFO    ] QueryExecutor_2 - Reporting new success run: No more rows for extract-everest-VBAP. 10 rows extracted in 2.41 seconds
2026-07-29 21:19:36.595 UTC [DEBUG   ] ThreadPoolExecutor-0_4 - https://az-phx-001.cognitedata.com:443 "POST /api/v1/projects/bdx-dev/extpipes/runs HTTP/1.1" 200 205
2026-07-29 21:19:36.595 UTC [DEBUG   ] ThreadPoolExecutor-0_4 - HTTP/1.1 POST https://az-phx-001.cognitedata.com/api/v1/projects/bdx-dev/extpipes/runs 200
2026-07-29 21:19:37.105 UTC [DEBUG   ] ThreadPoolExecutor-0_3 - https://az-phx-001.cognitedata.com:443 "POST /api/v1/projects/bdx-dev/raw/dbs/db_databricks_everest_raw/tables/tb_KNVK/rows?ensureParent=True HTTP/1.1" 200 6
2026-07-29 21:19:37.106 UTC [DEBUG   ] ThreadPoolExecutor-0_3 - HTTP/1.1 POST https://az-phx-001.cognitedata.com/api/v1/projects/bdx-dev/raw/dbs/db_databricks_everest_raw/tables/tb_KNVK/rows?ensureParent=True 200
2026-07-29 21:19:38.669 UTC [DEBUG   ] ThreadPoolExecutor-0_1 - https://az-phx-001.cognitedata.com:443 "POST /api/v1/projects/bdx-dev/raw/dbs/db_databricks_everest_raw/tables/tb_PLKO/rows?ensureParent=True HTTP/1.1" 200 6
2026-07-29 21:19:38.670 UTC [DEBUG   ] ThreadPoolExecutor-0_1 - HTTP/1.1 POST https://az-phx-001.cognitedata.com/api/v1/projects/bdx-dev/raw/dbs/db_databricks_everest_raw/tables/tb_PLKO/rows?ensureParent=True 200
2026-07-29 21:19:39.107 UTC [DEBUG   ] ThreadPoolExecutor-0_4 - https://az-phx-001.cognitedata.com:443 "POST /api/v1/projects/bdx-dev/raw/dbs/db_databricks_everest_raw/tables/tb_LFA1/rows?ensureParent=True HTTP/1.1" 200 6
2026-07-29 21:19:39.107 UTC [DEBUG   ] ThreadPoolExecutor-0_4 - HTTP/1.1 POST https://az-phx-001.cognitedata.com/api/v1/projects/bdx-dev/raw/dbs/db_databricks_everest_raw/tables/tb_LFA1/rows?ensureParent=True 200
2026-07-29 21:19:39.194 UTC [DEBUG   ] ThreadPoolExecutor-0_3 - https://az-phx-001.cognitedata.com:443 "POST /api/v1/projects/bdx-dev/raw/dbs/db_databricks_everest_raw/tables/tb_VBAP/rows?ensureParent=True HTTP/1.1" 200 6
2026-07-29 21:19:39.195 UTC [DEBUG   ] ThreadPoolExecutor-0_3 - HTTP/1.1 POST https://az-phx-001.cognitedata.com/api/v1/projects/bdx-dev/raw/dbs/db_databricks_everest_raw/tables/tb_VBAP/rows?ensureParent=True 200
2026-07-29 21:19:39.196 UTC [INFO    ] QueryExecutor_2 - Uploaded 10010 raw rows
2026-07-29 21:19:40.527 UTC [INFO    ] QueryExecutor_2 - Connected to db-databricks-raw successfully
2026-07-29 21:19:40.528 UTC [INFO    ] QueryExecutor_2 - Starting extraction of extract-everest-VBEP
2026-07-29 21:19:40.529 UTC [INFO    ] QueryExecutor_2 - Getting rows from odbc
2026-07-29 21:19:41.073 UTC [INFO    ] QueryExecutor_3 - Current_row_count for query extract-everest-LFA1: 20000
2026-07-29 21:19:41.658 UTC [INFO    ] QueryExecutor_2 - No more rows for extract-everest-VBEP. 10 rows extracted in 1.13 seconds
2026-07-29 21:19:41.659 UTC [INFO    ] QueryExecutor_2 - Reporting new success run: No more rows for extract-everest-VBEP. 10 rows extracted in 1.13 seconds
2026-07-29 21:19:41.694 UTC [DEBUG   ] ThreadPoolExecutor-0_1 - https://az-phx-001.cognitedata.com:443 "POST /api/v1/projects/bdx-dev/extpipes/runs HTTP/1.1" 200 205
2026-07-29 21:19:41.695 UTC [DEBUG   ] ThreadPoolExecutor-0_1 - HTTP/1.1 POST https://az-phx-001.cognitedata.com/api/v1/projects/bdx-dev/extpipes/runs 200
2026-07-29 21:19:42.107 UTC [DEBUG   ] ThreadPoolExecutor-0_4 - https://az-phx-001.cognitedata.com:443 "POST /api/v1/projects/bdx-dev/raw/dbs/db_databricks_everest_raw/tables/tb_LFA1/rows?ensureParent=True HTTP/1.1" 200 6
2026-07-29 21:19:42.107 UTC [DEBUG   ] ThreadPoolExecutor-0_4 - HTTP/1.1 POST https://az-phx-001.cognitedata.com/api/v1/projects/bdx-dev/raw/dbs/db_databricks_everest_raw/tables/tb_LFA1/rows?ensureParent=True 200
2026-07-29 21:19:42.460 UTC [DEBUG   ] ThreadPoolExecutor-0_3 - https://az-phx-001.cognitedata.com:443 "POST /api/v1/projects/bdx-dev/raw/dbs/db_databricks_everest_raw/tables/tb_KNVK/rows?ensureParent=True HTTP/1.1" 200 6
2026-07-29 21:19:42.460 UTC [DEBUG   ] ThreadPoolExecutor-0_3 - HTTP/1.1 POST https://az-phx-001.cognitedata.com/api/v1/projects/bdx-dev/raw/dbs/db_databricks_everest_raw/tables/tb_KNVK/rows?ensureParent=True 200
2026-07-29 21:19:43.532 UTC [DEBUG   ] ThreadPoolExecutor-0_1 - https://az-phx-001.cognitedata.com:443 "POST /api/v1/projects/bdx-dev/raw/dbs/db_databricks_everest_raw/tables/tb_PLKO/rows?ensureParent=True HTTP/1.1" 200 6
2026-07-29 21:19:43.532 UTC [DEBUG   ] ThreadPoolExecutor-0_1 - HTTP/1.1 POST https://az-phx-001.cognitedata.com/api/v1/projects/bdx-dev/raw/dbs/db_databricks_everest_raw/tables/tb_PLKO/rows?ensureParent=True 200
2026-07-29 21:19:43.563 UTC [DEBUG   ] ThreadPoolExecutor-0_4 - https://az-phx-001.cognitedata.com:443 "POST /api/v1/projects/bdx-dev/raw/dbs/db_databricks_everest_raw/tables/tb_VBEP/rows?ensureParent=True HTTP/1.1" 200 6
2026-07-29 21:19:43.579 UTC [DEBUG   ] ThreadPoolExecutor-0_4 - HTTP/1.1 POST https://az-phx-001.cognitedata.com/api/v1/projects/bdx-dev/raw/dbs/db_databricks_everest_raw/tables/tb_VBEP/rows?ensureParent=True 200
2026-07-29 21:19:43.579 UTC [INFO    ] QueryExecutor_2 - Uploaded 8010 raw rows
2026-07-29 21:19:44.972 UTC [INFO    ] QueryExecutor_2 - Connected to db-databricks-raw successfully
2026-07-29 21:19:44.972 UTC [INFO    ] QueryExecutor_2 - Starting extraction of extract-everest-VBBE
2026-07-29 21:19:44.974 UTC [INFO    ] QueryExecutor_2 - Getting rows from odbc
2026-07-29 21:19:45.647 UTC [INFO    ] QueryExecutor_1 - Current_row_count for query extract-everest-KNVK: 20000
2026-07-29 21:19:46.142 UTC [INFO    ] QueryExecutor_2 - No more rows for extract-everest-VBBE. 10 rows extracted in 1.17 seconds
2026-07-29 21:19:46.142 UTC [INFO    ] QueryExecutor_2 - Reporting new success run: No more rows for extract-everest-VBBE. 10 rows extracted in 1.17 seconds
2026-07-29 21:19:46.178 UTC [DEBUG   ] ThreadPoolExecutor-0_3 - https://az-phx-001.cognitedata.com:443 "POST /api/v1/projects/bdx-dev/extpipes/runs HTTP/1.1" 200 205
2026-07-29 21:19:46.179 UTC [DEBUG   ] ThreadPoolExecutor-0_3 - HTTP/1.1 POST https://az-phx-001.cognitedata.com/api/v1/projects/bdx-dev/extpipes/runs 200
2026-07-29 21:19:46.543 UTC [DEBUG   ] ThreadPoolExecutor-0_1 - https://az-phx-001.cognitedata.com:443 "POST /api/v1/projects/bdx-dev/raw/dbs/db_databricks_everest_raw/tables/tb_KNVK/rows?ensureParent=True HTTP/1.1" 200 6
2026-07-29 21:19:46.543 UTC [DEBUG   ] ThreadPoolExecutor-0_1 - HTTP/1.1 POST https://az-phx-001.cognitedata.com/api/v1/projects/bdx-dev/raw/dbs/db_databricks_everest_raw/tables/tb_KNVK/rows?ensureParent=True 200
2026-07-29 21:19:47.588 UTC [DEBUG   ] ThreadPoolExecutor-0_4 - https://az-phx-001.cognitedata.com:443 "POST /api/v1/projects/bdx-dev/raw/dbs/db_databricks_everest_raw/tables/tb_PLKO/rows?ensureParent=True HTTP/1.1" 200 6
2026-07-29 21:19:47.588 UTC [DEBUG   ] ThreadPoolExecutor-0_4 - HTTP/1.1 POST https://az-phx-001.cognitedata.com/api/v1/projects/bdx-dev/raw/dbs/db_databricks_everest_raw/tables/tb_PLKO/rows?ensureParent=True 200
2026-07-29 21:19:47.991 UTC [DEBUG   ] ThreadPoolExecutor-0_3 - https://az-phx-001.cognitedata.com:443 "POST /api/v1/projects/bdx-dev/raw/dbs/db_databricks_everest_raw/tables/tb_LFA1/rows?ensureParent=True HTTP/1.1" 200 6
2026-07-29 21:19:47.991 UTC [DEBUG   ] ThreadPoolExecutor-0_3 - HTTP/1.1 POST https://az-phx-001.cognitedata.com/api/v1/projects/bdx-dev/raw/dbs/db_databricks_everest_raw/tables/tb_LFA1/rows?ensureParent=True 200
2026-07-29 21:19:48.049 UTC [DEBUG   ] ThreadPoolExecutor-0_1 - https://az-phx-001.cognitedata.com:443 "POST /api/v1/projects/bdx-dev/raw/dbs/db_databricks_everest_raw/tables/tb_VBBE/rows?ensureParent=True HTTP/1.1" 200 6
2026-07-29 21:19:48.050 UTC [DEBUG   ] ThreadPoolExecutor-0_1 - HTTP/1.1 POST https://az-phx-001.cognitedata.com/api/v1/projects/bdx-dev/raw/dbs/db_databricks_everest_raw/tables/tb_VBBE/rows?ensureParent=True 200
2026-07-29 21:19:48.051 UTC [INFO    ] QueryExecutor_2 - Uploaded 8010 raw rows
2026-07-29 21:19:48.462 UTC [INFO    ] QueryExecutor_0 - Current_row_count for query extract-everest-PLKO: 180000
2026-07-29 21:19:49.366 UTC [INFO    ] QueryExecutor_2 - Connected to db-databricks-raw successfully
2026-07-29 21:19:49.395 UTC [INFO    ] QueryExecutor_2 - Starting extraction of extract-everest-VBPA
2026-07-29 21:19:49.406 UTC [INFO    ] QueryExecutor_2 - Getting rows from odbc
2026-07-29 21:19:50.555 UTC [INFO    ] QueryExecutor_2 - No more rows for extract-everest-VBPA. 10 rows extracted in 1.15 seconds
2026-07-29 21:19:50.555 UTC [INFO    ] QueryExecutor_2 - Reporting new success run: No more rows for extract-everest-VBPA. 10 rows extracted in 1.15 seconds
2026-07-29 21:19:50.586 UTC [DEBUG   ] ThreadPoolExecutor-0_4 - https://az-phx-001.cognitedata.com:443 "POST /api/v1/projects/bdx-dev/extpipes/runs HTTP/1.1" 200 205
2026-07-29 21:19:50.586 UTC [DEBUG   ] ThreadPoolExecutor-0_4 - HTTP/1.1 POST https://az-phx-001.cognitedata.com/api/v1/projects/bdx-dev/extpipes/runs 200
2026-07-29 21:19:51.016 UTC [DEBUG   ] ThreadPoolExecutor-0_3 - https://az-phx-001.cognitedata.com:443 "POST /api/v1/projects/bdx-dev/raw/dbs/db_databricks_everest_raw/tables/tb_KNVK/rows?ensureParent=True HTTP/1.1" 200 6
2026-07-29 21:19:51.017 UTC [DEBUG   ] ThreadPoolExecutor-0_3 - HTTP/1.1 POST https://az-phx-001.cognitedata.com/api/v1/projects/bdx-dev/raw/dbs/db_databricks_everest_raw/tables/tb_KNVK/rows?ensureParent=True 200
2026-07-29 21:19:52.157 UTC [DEBUG   ] ThreadPoolExecutor-0_1 - https://az-phx-001.cognitedata.com:443 "POST /api/v1/projects/bdx-dev/raw/dbs/db_databricks_everest_raw/tables/tb_PLKO/rows?ensureParent=True HTTP/1.1" 200 6
2026-07-29 21:19:52.158 UTC [DEBUG   ] ThreadPoolExecutor-0_1 - HTTP/1.1 POST https://az-phx-001.cognitedata.com/api/v1/projects/bdx-dev/raw/dbs/db_databricks_everest_raw/tables/tb_PLKO/rows?ensureParent=True 200
2026-07-29 21:19:52.672 UTC [DEBUG   ] ThreadPoolExecutor-0_4 - https://az-phx-001.cognitedata.com:443 "POST /api/v1/projects/bdx-dev/raw/dbs/db_databricks_everest_raw/tables/tb_LFA1/rows?ensureParent=True HTTP/1.1" 200 6
2026-07-29 21:19:52.673 UTC [DEBUG   ] ThreadPoolExecutor-0_4 - HTTP/1.1 POST https://az-phx-001.cognitedata.com/api/v1/projects/bdx-dev/raw/dbs/db_databricks_everest_raw/tables/tb_LFA1/rows?ensureParent=True 200
2026-07-29 21:19:52.740 UTC [DEBUG   ] ThreadPoolExecutor-0_3 - https://az-phx-001.cognitedata.com:443 "POST /api/v1/projects/bdx-dev/raw/dbs/db_databricks_everest_raw/tables/tb_VBPA/rows?ensureParent=True HTTP/1.1" 200 6
2026-07-29 21:19:52.741 UTC [DEBUG   ] ThreadPoolExecutor-0_3 - HTTP/1.1 POST https://az-phx-001.cognitedata.com/api/v1/projects/bdx-dev/raw/dbs/db_databricks_everest_raw/tables/tb_VBPA/rows?ensureParent=True 200
2026-07-29 21:19:52.742 UTC [INFO    ] QueryExecutor_2 - Uploaded 8010 raw rows
2026-07-29 21:19:53.756 UTC [INFO    ] QueryExecutor_2 - Connected to db-databricks-raw successfully
2026-07-29 21:19:53.756 UTC [INFO    ] QueryExecutor_2 - Starting extraction of extract-everest-VBFA
2026-07-29 21:19:53.756 UTC [INFO    ] QueryExecutor_2 - Getting rows from odbc
2026-07-29 21:19:55.514 UTC [INFO    ] QueryExecutor_2 - No more rows for extract-everest-VBFA. 10 rows extracted in 1.76 seconds
2026-07-29 21:19:55.515 UTC [INFO    ] QueryExecutor_2 - Reporting new success run: No more rows for extract-everest-VBFA. 10 rows extracted in 1.76 seconds
2026-07-29 21:19:55.558 UTC [DEBUG   ] ThreadPoolExecutor-0_1 - https://az-phx-001.cognitedata.com:443 "POST /api/v1/projects/bdx-dev/extpipes/runs HTTP/1.1" 200 205
2026-07-29 21:19:55.559 UTC [DEBUG   ] ThreadPoolExecutor-0_1 - HTTP/1.1 POST https://az-phx-001.cognitedata.com/api/v1/projects/bdx-dev/extpipes/runs 200
2026-07-29 21:19:55.967 UTC [DEBUG   ] ThreadPoolExecutor-0_4 - https://az-phx-001.cognitedata.com:443 "POST /api/v1/projects/bdx-dev/raw/dbs/db_databricks_everest_raw/tables/tb_KNVK/rows?ensureParent=True HTTP/1.1" 200 6
2026-07-29 21:19:55.968 UTC [DEBUG   ] ThreadPoolExecutor-0_4 - HTTP/1.1 POST https://az-phx-001.cognitedata.com/api/v1/projects/bdx-dev/raw/dbs/db_databricks_everest_raw/tables/tb_KNVK/rows?ensureParent=True 200
2026-07-29 21:19:57.138 UTC [DEBUG   ] ThreadPoolExecutor-0_3 - https://az-phx-001.cognitedata.com:443 "POST /api/v1/projects/bdx-dev/raw/dbs/db_databricks_everest_raw/tables/tb_PLKO/rows?ensureParent=True HTTP/1.1" 200 6
2026-07-29 21:19:57.138 UTC [DEBUG   ] ThreadPoolExecutor-0_3 - HTTP/1.1 POST https://az-phx-001.cognitedata.com/api/v1/projects/bdx-dev/raw/dbs/db_databricks_everest_raw/tables/tb_PLKO/rows?ensureParent=True 200
2026-07-29 21:19:57.575 UTC [DEBUG   ] ThreadPoolExecutor-0_1 - https://az-phx-001.cognitedata.com:443 "POST /api/v1/projects/bdx-dev/raw/dbs/db_databricks_everest_raw/tables/tb_LFA1/rows?ensureParent=True HTTP/1.1" 200 6
2026-07-29 21:19:57.575 UTC [DEBUG   ] ThreadPoolExecutor-0_1 - HTTP/1.1 POST https://az-phx-001.cognitedata.com/api/v1/projects/bdx-dev/raw/dbs/db_databricks_everest_raw/tables/tb_LFA1/rows?ensureParent=True 200
2026-07-29 21:19:57.607 UTC [DEBUG   ] ThreadPoolExecutor-0_4 - https://az-phx-001.cognitedata.com:443 "POST /api/v1/projects/bdx-dev/raw/dbs/db_databricks_everest_raw/tables/tb_VBFA/rows?ensureParent=True HTTP/1.1" 200 6
2026-07-29 21:19:57.607 UTC [DEBUG   ] ThreadPoolExecutor-0_4 - HTTP/1.1 POST https://az-phx-001.cognitedata.com/api/v1/projects/bdx-dev/raw/dbs/db_databricks_everest_raw/tables/tb_VBFA/rows?ensureParent=True 200
2026-07-29 21:19:57.607 UTC [INFO    ] QueryExecutor_2 - Uploaded 8010 raw rows
2026-07-29 21:19:58.264 UTC [INFO    ] QueryExecutor_2 - Connected to db-databricks-raw successfully
2026-07-29 21:19:58.264 UTC [INFO    ] QueryExecutor_2 - Starting extraction of extract-everest-TVEPZ
2026-07-29 21:19:58.264 UTC [INFO    ] QueryExecutor_2 - Getting rows from odbc
2026-07-29 21:19:59.029 UTC [INFO    ] QueryExecutor_2 - No more rows for extract-everest-TVEPZ. 10 rows extracted in 0.766 seconds
2026-07-29 21:19:59.029 UTC [INFO    ] QueryExecutor_2 - Reporting new success run: No more rows for extract-everest-TVEPZ. 10 rows extracted in 0.766 seconds
2026-07-29 21:19:59.061 UTC [DEBUG   ] ThreadPoolExecutor-0_3 - https://az-phx-001.cognitedata.com:443 "POST /api/v1/projects/bdx-dev/extpipes/runs HTTP/1.1" 200 207
2026-07-29 21:19:59.061 UTC [DEBUG   ] ThreadPoolExecutor-0_3 - HTTP/1.1 POST https://az-phx-001.cognitedata.com/api/v1/projects/bdx-dev/extpipes/runs 200
2026-07-29 21:19:59.389 UTC [DEBUG   ] ThreadPoolExecutor-0_1 - https://az-phx-001.cognitedata.com:443 "POST /api/v1/projects/bdx-dev/raw/dbs/db_databricks_everest_raw/tables/tb_KNVK/rows?ensureParent=True HTTP/1.1" 200 6
2026-07-29 21:19:59.389 UTC [DEBUG   ] ThreadPoolExecutor-0_1 - HTTP/1.1 POST https://az-phx-001.cognitedata.com/api/v1/projects/bdx-dev/raw/dbs/db_databricks_everest_raw/tables/tb_KNVK/rows?ensureParent=True 200
2026-07-29 21:20:00.248 UTC [DEBUG   ] ThreadPoolExecutor-0_4 - https://az-phx-001.cognitedata.com:443 "POST /api/v1/projects/bdx-dev/raw/dbs/db_databricks_everest_raw/tables/tb_PLKO/rows?ensureParent=True HTTP/1.1" 200 6
2026-07-29 21:20:00.248 UTC [DEBUG   ] ThreadPoolExecutor-0_4 - HTTP/1.1 POST https://az-phx-001.cognitedata.com/api/v1/projects/bdx-dev/raw/dbs/db_databricks_everest_raw/tables/tb_PLKO/rows?ensureParent=True 200
2026-07-29 21:20:00.451 UTC [DEBUG   ] ThreadPoolExecutor-0_3 - https://az-phx-001.cognitedata.com:443 "POST /api/v1/projects/bdx-dev/raw/dbs/db_databricks_everest_raw/tables/tb_LFA1/rows?ensureParent=True HTTP/1.1" 200 6
2026-07-29 21:20:00.451 UTC [DEBUG   ] ThreadPoolExecutor-0_3 - HTTP/1.1 POST https://az-phx-001.cognitedata.com/api/v1/projects/bdx-dev/raw/dbs/db_databricks_everest_raw/tables/tb_LFA1/rows?ensureParent=True 200
2026-07-29 21:20:00.498 UTC [DEBUG   ] ThreadPoolExecutor-0_1 - https://az-phx-001.cognitedata.com:443 "POST /api/v1/projects/bdx-dev/raw/dbs/db_databricks_everest_raw/tables/tb_TVEPZ/rows?ensureParent=True HTTP/1.1" 200 6
2026-07-29 21:20:00.498 UTC [DEBUG   ] ThreadPoolExecutor-0_1 - HTTP/1.1 POST https://az-phx-001.cognitedata.com/api/v1/projects/bdx-dev/raw/dbs/db_databricks_everest_raw/tables/tb_TVEPZ/rows?ensureParent=True 200
2026-07-29 21:20:00.498 UTC [INFO    ] QueryExecutor_2 - Uploaded 5010 raw rows
2026-07-29 21:20:01.670 UTC [INFO    ] QueryExecutor_1 - Current_row_count for query extract-everest-KNVK: 30000
2026-07-29 21:20:01.717 UTC [INFO    ] QueryExecutor_2 - Connected to db-databricks-raw successfully
2026-07-29 21:20:01.764 UTC [INFO    ] QueryExecutor_2 - Starting extraction of extract-everest-TVSB
2026-07-29 21:20:01.764 UTC [INFO    ] QueryExecutor_2 - Getting rows from odbc
2026-07-29 21:20:02.430 UTC [INFO    ] QueryExecutor_2 - No more rows for extract-everest-TVSB. 18 rows extracted in 0.666 seconds
2026-07-29 21:20:02.430 UTC [INFO    ] QueryExecutor_2 - Reporting new success run: No more rows for extract-everest-TVSB. 18 rows extracted in 0.666 seconds
2026-07-29 21:20:02.477 UTC [DEBUG   ] ThreadPoolExecutor-0_4 - https://az-phx-001.cognitedata.com:443 "POST /api/v1/projects/bdx-dev/extpipes/runs HTTP/1.1" 200 206
2026-07-29 21:20:02.477 UTC [DEBUG   ] ThreadPoolExecutor-0_4 - HTTP/1.1 POST https://az-phx-001.cognitedata.com/api/v1/projects/bdx-dev/extpipes/runs 200
2026-07-29 21:20:02.868 UTC [DEBUG   ] ThreadPoolExecutor-0_3 - https://az-phx-001.cognitedata.com:443 "POST /api/v1/projects/bdx-dev/raw/dbs/db_databricks_everest_raw/tables/tb_LFA1/rows?ensureParent=True HTTP/1.1" 200 6
2026-07-29 21:20:02.868 UTC [DEBUG   ] ThreadPoolExecutor-0_3 - HTTP/1.1 POST https://az-phx-001.cognitedata.com/api/v1/projects/bdx-dev/raw/dbs/db_databricks_everest_raw/tables/tb_LFA1/rows?ensureParent=True 200
2026-07-29 21:20:03.180 UTC [DEBUG   ] ThreadPoolExecutor-0_1 - https://az-phx-001.cognitedata.com:443 "POST /api/v1/projects/bdx-dev/raw/dbs/db_databricks_everest_raw/tables/tb_KNVK/rows?ensureParent=True HTTP/1.1" 200 6
2026-07-29 21:20:03.180 UTC [DEBUG   ] ThreadPoolExecutor-0_1 - HTTP/1.1 POST https://az-phx-001.cognitedata.com/api/v1/projects/bdx-dev/raw/dbs/db_databricks_everest_raw/tables/tb_KNVK/rows?ensureParent=True 200
2026-07-29 21:20:03.930 UTC [DEBUG   ] ThreadPoolExecutor-0_4 - https://az-phx-001.cognitedata.com:443 "POST /api/v1/projects/bdx-dev/raw/dbs/db_databricks_everest_raw/tables/tb_PLKO/rows?ensureParent=True HTTP/1.1" 200 6
2026-07-29 21:20:03.930 UTC [DEBUG   ] ThreadPoolExecutor-0_4 - HTTP/1.1 POST https://az-phx-001.cognitedata.com/api/v1/projects/bdx-dev/raw/dbs/db_databricks_everest_raw/tables/tb_PLKO/rows?ensureParent=True 200
2026-07-29 21:20:03.961 UTC [DEBUG   ] ThreadPoolExecutor-0_3 - https://az-phx-001.cognitedata.com:443 "POST /api/v1/projects/bdx-dev/raw/dbs/db_databricks_everest_raw/tables/tb_TVSB/rows?ensureParent=True HTTP/1.1" 200 6
2026-07-29 21:20:03.961 UTC [DEBUG   ] ThreadPoolExecutor-0_3 - HTTP/1.1 POST https://az-phx-001.cognitedata.com/api/v1/projects/bdx-dev/raw/dbs/db_databricks_everest_raw/tables/tb_TVSB/rows?ensureParent=True 200
2026-07-29 21:20:03.961 UTC [INFO    ] QueryExecutor_2 - Uploaded 6018 raw rows
2026-07-29 21:20:04.368 UTC [INFO    ] QueryExecutor_3 - Current_row_count for query extract-everest-LFA1: 30000
2026-07-29 21:20:04.368 UTC [INFO    ] QueryExecutor_0 - Current_row_count for query extract-everest-PLKO: 190000
2026-07-29 21:20:05.211 UTC [INFO    ] QueryExecutor_2 - Connected to db-databricks-raw successfully
2026-07-29 21:20:05.243 UTC [INFO    ] QueryExecutor_2 - Starting extraction of extract-everest-VTTK
2026-07-29 21:20:05.243 UTC [INFO    ] QueryExecutor_2 - Getting rows from odbc
2026-07-29 21:20:06.977 UTC [INFO    ] QueryExecutor_2 - No more rows for extract-everest-VTTK. 10 rows extracted in 1.73 seconds
2026-07-29 21:20:06.977 UTC [INFO    ] QueryExecutor_2 - Reporting new success run: No more rows for extract-everest-VTTK. 10 rows extracted in 1.73 seconds
2026-07-29 21:20:07.055 UTC [DEBUG   ] ThreadPoolExecutor-0_1 - https://az-phx-001.cognitedata.com:443 "POST /api/v1/projects/bdx-dev/extpipes/runs HTTP/1.1" 200 205
2026-07-29 21:20:07.102 UTC [DEBUG   ] ThreadPoolExecutor-0_1 - HTTP/1.1 POST https://az-phx-001.cognitedata.com/api/v1/projects/bdx-dev/extpipes/runs 200
2026-07-29 21:20:07.664 UTC [DEBUG   ] ThreadPoolExecutor-0_4 - https://az-phx-001.cognitedata.com:443 "POST /api/v1/projects/bdx-dev/raw/dbs/db_databricks_everest_raw/tables/tb_KNVK/rows?ensureParent=True HTTP/1.1" 200 6
2026-07-29 21:20:07.664 UTC [DEBUG   ] ThreadPoolExecutor-0_4 - HTTP/1.1 POST https://az-phx-001.cognitedata.com/api/v1/projects/bdx-dev/raw/dbs/db_databricks_everest_raw/tables/tb_KNVK/rows?ensureParent=True 200
2026-07-29 21:20:09.399 UTC [DEBUG   ] ThreadPoolExecutor-0_3 - https://az-phx-001.cognitedata.com:443 "POST /api/v1/projects/bdx-dev/raw/dbs/db_databricks_everest_raw/tables/tb_PLKO/rows?ensureParent=True HTTP/1.1" 200 6
2026-07-29 21:20:09.399 UTC [DEBUG   ] ThreadPoolExecutor-0_3 - HTTP/1.1 POST https://az-phx-001.cognitedata.com/api/v1/projects/bdx-dev/raw/dbs/db_databricks_everest_raw/tables/tb_PLKO/rows?ensureParent=True 200
2026-07-29 21:20:09.867 UTC [DEBUG   ] ThreadPoolExecutor-0_1 - https://az-phx-001.cognitedata.com:443 "POST /api/v1/projects/bdx-dev/raw/dbs/db_databricks_everest_raw/tables/tb_LFA1/rows?ensureParent=True HTTP/1.1" 200 6
2026-07-29 21:20:09.883 UTC [DEBUG   ] ThreadPoolExecutor-0_1 - HTTP/1.1 POST https://az-phx-001.cognitedata.com/api/v1/projects/bdx-dev/raw/dbs/db_databricks_everest_raw/tables/tb_LFA1/rows?ensureParent=True 200
2026-07-29 21:20:09.914 UTC [DEBUG   ] ThreadPoolExecutor-0_4 - https://az-phx-001.cognitedata.com:443 "POST /api/v1/projects/bdx-dev/raw/dbs/db_databricks_everest_raw/tables/tb_VTTK/rows?ensureParent=True HTTP/1.1" 200 6
2026-07-29 21:20:09.914 UTC [DEBUG   ] ThreadPoolExecutor-0_4 - HTTP/1.1 POST https://az-phx-001.cognitedata.com/api/v1/projects/bdx-dev/raw/dbs/db_databricks_everest_raw/tables/tb_VTTK/rows?ensureParent=True 200
2026-07-29 21:20:09.914 UTC [INFO    ] QueryExecutor_2 - Uploaded 10010 raw rows
2026-07-29 21:20:10.711 UTC [INFO    ] QueryExecutor_2 - Connected to db-databricks-raw successfully
2026-07-29 21:20:10.711 UTC [INFO    ] QueryExecutor_2 - Starting extraction of extract-everest-VTTP
2026-07-29 21:20:10.711 UTC [INFO    ] QueryExecutor_2 - Getting rows from odbc
2026-07-29 21:20:11.586 UTC [INFO    ] QueryExecutor_2 - No more rows for extract-everest-VTTP. 10 rows extracted in 0.875 seconds
2026-07-29 21:20:11.586 UTC [INFO    ] QueryExecutor_2 - Reporting new success run: No more rows for extract-everest-VTTP. 10 rows extracted in 0.875 seconds
2026-07-29 21:20:11.633 UTC [DEBUG   ] ThreadPoolExecutor-0_3 - https://az-phx-001.cognitedata.com:443 "POST /api/v1/projects/bdx-dev/extpipes/runs HTTP/1.1" 200 206
2026-07-29 21:20:11.633 UTC [DEBUG   ] ThreadPoolExecutor-0_3 - HTTP/1.1 POST https://az-phx-001.cognitedata.com/api/v1/projects/bdx-dev/extpipes/runs 200
2026-07-29 21:20:11.867 UTC [DEBUG   ] ThreadPoolExecutor-0_1 - https://az-phx-001.cognitedata.com:443 "POST /api/v1/projects/bdx-dev/raw/dbs/db_databricks_everest_raw/tables/tb_LFA1/rows?ensureParent=True HTTP/1.1" 200 6
2026-07-29 21:20:11.883 UTC [DEBUG   ] ThreadPoolExecutor-0_1 - HTTP/1.1 POST https://az-phx-001.cognitedata.com/api/v1/projects/bdx-dev/raw/dbs/db_databricks_everest_raw/tables/tb_LFA1/rows?ensureParent=True 200
2026-07-29 21:20:12.820 UTC [DEBUG   ] ThreadPoolExecutor-0_4 - https://az-phx-001.cognitedata.com:443 "POST /api/v1/projects/bdx-dev/raw/dbs/db_databricks_everest_raw/tables/tb_PLKO/rows?ensureParent=True HTTP/1.1" 200 6
2026-07-29 21:20:12.820 UTC [DEBUG   ] ThreadPoolExecutor-0_4 - HTTP/1.1 POST https://az-phx-001.cognitedata.com/api/v1/projects/bdx-dev/raw/dbs/db_databricks_everest_raw/tables/tb_PLKO/rows?ensureParent=True 200
2026-07-29 21:20:13.180 UTC [DEBUG   ] ThreadPoolExecutor-0_3 - https://az-phx-001.cognitedata.com:443 "POST /api/v1/projects/bdx-dev/raw/dbs/db_databricks_everest_raw/tables/tb_KNVK/rows?ensureParent=True HTTP/1.1" 200 6
2026-07-29 21:20:13.180 UTC [DEBUG   ] ThreadPoolExecutor-0_3 - HTTP/1.1 POST https://az-phx-001.cognitedata.com/api/v1/projects/bdx-dev/raw/dbs/db_databricks_everest_raw/tables/tb_KNVK/rows?ensureParent=True 200
2026-07-29 21:20:13.227 UTC [DEBUG   ] ThreadPoolExecutor-0_1 - https://az-phx-001.cognitedata.com:443 "POST /api/v1/projects/bdx-dev/raw/dbs/db_databricks_everest_raw/tables/tb_VTTP/rows?ensureParent=True HTTP/1.1" 200 6
2026-07-29 21:20:13.227 UTC [DEBUG   ] ThreadPoolExecutor-0_1 - HTTP/1.1 POST https://az-phx-001.cognitedata.com/api/v1/projects/bdx-dev/raw/dbs/db_databricks_everest_raw/tables/tb_VTTP/rows?ensureParent=True 200
2026-07-29 21:20:13.227 UTC [INFO    ] QueryExecutor_2 - Uploaded 5010 raw rows
2026-07-29 21:20:14.148 UTC [INFO    ] QueryExecutor_2 - Connected to db-databricks-raw successfully
2026-07-29 21:20:14.148 UTC [INFO    ] QueryExecutor_2 - Starting extraction of extract-everest-QMEL
2026-07-29 21:20:14.164 UTC [INFO    ] QueryExecutor_2 - Getting rows from odbc
2026-07-29 21:20:15.383 UTC [INFO    ] QueryExecutor_2 - No more rows for extract-everest-QMEL. 10 rows extracted in 1.22 seconds
2026-07-29 21:20:15.383 UTC [INFO    ] QueryExecutor_2 - Reporting new success run: No more rows for extract-everest-QMEL. 10 rows extracted in 1.22 seconds
2026-07-29 21:20:15.414 UTC [DEBUG   ] ThreadPoolExecutor-0_4 - https://az-phx-001.cognitedata.com:443 "POST /api/v1/projects/bdx-dev/extpipes/runs HTTP/1.1" 200 205
2026-07-29 21:20:15.414 UTC [DEBUG   ] ThreadPoolExecutor-0_4 - HTTP/1.1 POST https://az-phx-001.cognitedata.com/api/v1/projects/bdx-dev/extpipes/runs 200
2026-07-29 21:20:15.930 UTC [DEBUG   ] ThreadPoolExecutor-0_3 - https://az-phx-001.cognitedata.com:443 "POST /api/v1/projects/bdx-dev/raw/dbs/db_databricks_everest_raw/tables/tb_LFA1/rows?ensureParent=True HTTP/1.1" 200 6
2026-07-29 21:20:15.930 UTC [DEBUG   ] ThreadPoolExecutor-0_3 - HTTP/1.1 POST https://az-phx-001.cognitedata.com/api/v1/projects/bdx-dev/raw/dbs/db_databricks_everest_raw/tables/tb_LFA1/rows?ensureParent=True 200
2026-07-29 21:20:16.351 UTC [DEBUG   ] ThreadPoolExecutor-0_1 - https://az-phx-001.cognitedata.com:443 "POST /api/v1/projects/bdx-dev/raw/dbs/db_databricks_everest_raw/tables/tb_KNVK/rows?ensureParent=True HTTP/1.1" 200 6
2026-07-29 21:20:16.351 UTC [DEBUG   ] ThreadPoolExecutor-0_1 - HTTP/1.1 POST https://az-phx-001.cognitedata.com/api/v1/projects/bdx-dev/raw/dbs/db_databricks_everest_raw/tables/tb_KNVK/rows?ensureParent=True 200
2026-07-29 21:20:17.398 UTC [DEBUG   ] ThreadPoolExecutor-0_4 - https://az-phx-001.cognitedata.com:443 "POST /api/v1/projects/bdx-dev/raw/dbs/db_databricks_everest_raw/tables/tb_PLKO/rows?ensureParent=True HTTP/1.1" 200 6
2026-07-29 21:20:17.398 UTC [DEBUG   ] ThreadPoolExecutor-0_4 - HTTP/1.1 POST https://az-phx-001.cognitedata.com/api/v1/projects/bdx-dev/raw/dbs/db_databricks_everest_raw/tables/tb_PLKO/rows?ensureParent=True 200
2026-07-29 21:20:17.476 UTC [DEBUG   ] ThreadPoolExecutor-0_3 - https://az-phx-001.cognitedata.com:443 "POST /api/v1/projects/bdx-dev/raw/dbs/db_databricks_everest_raw/tables/tb_QMEL/rows?ensureParent=True HTTP/1.1" 200 6
2026-07-29 21:20:17.476 UTC [DEBUG   ] ThreadPoolExecutor-0_3 - HTTP/1.1 POST https://az-phx-001.cognitedata.com/api/v1/projects/bdx-dev/raw/dbs/db_databricks_everest_raw/tables/tb_QMEL/rows?ensureParent=True 200
2026-07-29 21:20:17.476 UTC [INFO    ] QueryExecutor_2 - Uploaded 7010 raw rows
2026-07-29 21:20:17.883 UTC [INFO    ] QueryExecutor_1 - Current_row_count for query extract-everest-KNVK: 40000
2026-07-29 21:20:18.621 UTC [INFO    ] QueryExecutor_2 - Connected to db-databricks-raw successfully
2026-07-29 21:20:18.621 UTC [INFO    ] QueryExecutor_2 - Starting extraction of extract-everest-QMFE
2026-07-29 21:20:18.621 UTC [INFO    ] QueryExecutor_2 - Getting rows from odbc
2026-07-29 21:20:19.808 UTC [INFO    ] QueryExecutor_0 - Current_row_count for query extract-everest-PLKO: 200000
2026-07-29 21:20:30.214 UTC [INFO    ] QueryExecutor_3 - Current_row_count for query extract-everest-LFA1: 40000
2026-07-29 21:20:31.683 UTC [INFO    ] QueryExecutor_1 - Current_row_count for query extract-everest-KNVK: 50000
2026-07-29 21:20:33.577 UTC [INFO    ] QueryExecutor_2 - Current_row_count for query extract-everest-QMFE: 10000
2026-07-29 21:20:35.530 UTC [INFO    ] QueryExecutor_0 - Current_row_count for query extract-everest-PLKO: 210000
2026-07-29 21:20:38.296 UTC [INFO    ] QueryExecutor_1 - Upload queue reached threshold size 50000/50000, triggering upload
2026-07-29 21:20:39.796 UTC [DEBUG   ] ThreadPoolExecutor-0_0 - Starting new HTTPS connection (6): az-phx-001.cognitedata.com:443
2026-07-29 21:20:41.436 UTC [DEBUG   ] ThreadPoolExecutor-0_4 - https://az-phx-001.cognitedata.com:443 "POST /api/v1/projects/bdx-dev/raw/dbs/db_databricks_everest_raw/tables/tb_PLKO/rows?ensureParent=True HTTP/1.1" 200 6
2026-07-29 21:20:41.436 UTC [DEBUG   ] ThreadPoolExecutor-0_4 - HTTP/1.1 POST https://az-phx-001.cognitedata.com/api/v1/projects/bdx-dev/raw/dbs/db_databricks_everest_raw/tables/tb_PLKO/rows?ensureParent=True 200
2026-07-29 21:20:42.842 UTC [DEBUG   ] ThreadPoolExecutor-0_1 - https://az-phx-001.cognitedata.com:443 "POST /api/v1/projects/bdx-dev/raw/dbs/db_databricks_everest_raw/tables/tb_PLKO/rows?ensureParent=True HTTP/1.1" 200 6
2026-07-29 21:20:42.842 UTC [DEBUG   ] ThreadPoolExecutor-0_1 - HTTP/1.1 POST https://az-phx-001.cognitedata.com/api/v1/projects/bdx-dev/raw/dbs/db_databricks_everest_raw/tables/tb_PLKO/rows?ensureParent=True 200
2026-07-29 21:20:44.217 UTC [DEBUG   ] ThreadPoolExecutor-0_0 - https://az-phx-001.cognitedata.com:443 "POST /api/v1/projects/bdx-dev/raw/dbs/db_databricks_everest_raw/tables/tb_PLKO/rows?ensureParent=True HTTP/1.1" 200 6
2026-07-29 21:20:44.217 UTC [DEBUG   ] ThreadPoolExecutor-0_0 - HTTP/1.1 POST https://az-phx-001.cognitedata.com/api/v1/projects/bdx-dev/raw/dbs/db_databricks_everest_raw/tables/tb_PLKO/rows?ensureParent=True 200
2026-07-29 21:20:45.061 UTC [DEBUG   ] ThreadPoolExecutor-0_2 - https://az-phx-001.cognitedata.com:443 "POST /api/v1/projects/bdx-dev/raw/dbs/db_databricks_everest_raw/tables/tb_KNVK/rows?ensureParent=True HTTP/1.1" 200 6
2026-07-29 21:20:45.061 UTC [DEBUG   ] ThreadPoolExecutor-0_2 - HTTP/1.1 POST https://az-phx-001.cognitedata.com/api/v1/projects/bdx-dev/raw/dbs/db_databricks_everest_raw/tables/tb_KNVK/rows?ensureParent=True 200
2026-07-29 21:20:45.233 UTC [DEBUG   ] ThreadPoolExecutor-0_4 - https://az-phx-001.cognitedata.com:443 "POST /api/v1/projects/bdx-dev/raw/dbs/db_databricks_everest_raw/tables/tb_KNVK/rows?ensureParent=True HTTP/1.1" 200 6
2026-07-29 21:20:45.233 UTC [DEBUG   ] ThreadPoolExecutor-0_4 - HTTP/1.1 POST https://az-phx-001.cognitedata.com/api/v1/projects/bdx-dev/raw/dbs/db_databricks_everest_raw/tables/tb_KNVK/rows?ensureParent=True 200
2026-07-29 21:20:45.248 UTC [DEBUG   ] ThreadPoolExecutor-0_3 - https://az-phx-001.cognitedata.com:443 "POST /api/v1/projects/bdx-dev/raw/dbs/db_databricks_everest_raw/tables/tb_KNVK/rows?ensureParent=True HTTP/1.1" 200 6
2026-07-29 21:20:45.248 UTC [DEBUG   ] ThreadPoolExecutor-0_3 - HTTP/1.1 POST https://az-phx-001.cognitedata.com/api/v1/projects/bdx-dev/raw/dbs/db_databricks_everest_raw/tables/tb_KNVK/rows?ensureParent=True 200
2026-07-29 21:20:45.936 UTC [DEBUG   ] ThreadPoolExecutor-0_1 - https://az-phx-001.cognitedata.com:443 "POST /api/v1/projects/bdx-dev/raw/dbs/db_databricks_everest_raw/tables/tb_LFA1/rows?ensureParent=True HTTP/1.1" 200 6
2026-07-29 21:20:45.936 UTC [DEBUG   ] ThreadPoolExecutor-0_1 - HTTP/1.1 POST https://az-phx-001.cognitedata.com/api/v1/projects/bdx-dev/raw/dbs/db_databricks_everest_raw/tables/tb_LFA1/rows?ensureParent=True 200
2026-07-29 21:20:46.233 UTC [DEBUG   ] ThreadPoolExecutor-0_0 - https://az-phx-001.cognitedata.com:443 "POST /api/v1/projects/bdx-dev/raw/dbs/db_databricks_everest_raw/tables/tb_LFA1/rows?ensureParent=True HTTP/1.1" 200 6
2026-07-29 21:20:46.233 UTC [DEBUG   ] ThreadPoolExecutor-0_0 - HTTP/1.1 POST https://az-phx-001.cognitedata.com/api/v1/projects/bdx-dev/raw/dbs/db_databricks_everest_raw/tables/tb_LFA1/rows?ensureParent=True 200
2026-07-29 21:20:46.858 UTC [DEBUG   ] ThreadPoolExecutor-0_2 - https://az-phx-001.cognitedata.com:443 "POST /api/v1/projects/bdx-dev/raw/dbs/db_databricks_everest_raw/tables/tb_QMFE/rows?ensureParent=True HTTP/1.1" 200 6
2026-07-29 21:20:46.858 UTC [DEBUG   ] ThreadPoolExecutor-0_2 - HTTP/1.1 POST https://az-phx-001.cognitedata.com/api/v1/projects/bdx-dev/raw/dbs/db_databricks_everest_raw/tables/tb_QMFE/rows?ensureParent=True 200
2026-07-29 21:20:46.936 UTC [DEBUG   ] ThreadPoolExecutor-0_3 - https://az-phx-001.cognitedata.com:443 "POST /api/v1/projects/bdx-dev/raw/dbs/db_databricks_everest_raw/tables/tb_QMFE/rows?ensureParent=True HTTP/1.1" 200 6
2026-07-29 21:20:46.936 UTC [DEBUG   ] ThreadPoolExecutor-0_3 - HTTP/1.1 POST https://az-phx-001.cognitedata.com/api/v1/projects/bdx-dev/raw/dbs/db_databricks_everest_raw/tables/tb_QMFE/rows?ensureParent=True 200
2026-07-29 21:20:46.967 UTC [DEBUG   ] ThreadPoolExecutor-0_4 - https://az-phx-001.cognitedata.com:443 "POST /api/v1/projects/bdx-dev/raw/dbs/db_databricks_everest_raw/tables/tb_QMFE/rows?ensureParent=True HTTP/1.1" 200 6
2026-07-29 21:20:46.967 UTC [DEBUG   ] ThreadPoolExecutor-0_4 - HTTP/1.1 POST https://az-phx-001.cognitedata.com/api/v1/projects/bdx-dev/raw/dbs/db_databricks_everest_raw/tables/tb_QMFE/rows?ensureParent=True 200
2026-07-29 21:20:46.967 UTC [INFO    ] QueryExecutor_1 - Uploaded 50000 raw rows
2026-07-29 21:20:49.533 UTC [INFO    ] QueryExecutor_0 - No more rows for extract-everest-PLKO. 213382 rows extracted in 4.18e+02 seconds
2026-07-29 21:20:49.533 UTC [INFO    ] QueryExecutor_0 - Reporting new success run: No more rows for extract-everest-PLKO. 213382 rows extracted in 4.18e+02 seconds
2026-07-29 21:20:49.596 UTC [DEBUG   ] ThreadPoolExecutor-0_0 - https://az-phx-001.cognitedata.com:443 "POST /api/v1/projects/bdx-dev/extpipes/runs HTTP/1.1" 200 213
2026-07-29 21:20:49.596 UTC [DEBUG   ] ThreadPoolExecutor-0_0 - HTTP/1.1 POST https://az-phx-001.cognitedata.com/api/v1/projects/bdx-dev/extpipes/runs 200
2026-07-29 21:20:49.861 UTC [DEBUG   ] ThreadPoolExecutor-0_2 - https://az-phx-001.cognitedata.com:443 "POST /api/v1/projects/bdx-dev/raw/dbs/db_databricks_everest_raw/tables/tb_QMFE/rows?ensureParent=True HTTP/1.1" 200 6
2026-07-29 21:20:49.877 UTC [DEBUG   ] ThreadPoolExecutor-0_2 - HTTP/1.1 POST https://az-phx-001.cognitedata.com/api/v1/projects/bdx-dev/raw/dbs/db_databricks_everest_raw/tables/tb_QMFE/rows?ensureParent=True 200
2026-07-29 21:20:50.064 UTC [DEBUG   ] ThreadPoolExecutor-0_4 - https://az-phx-001.cognitedata.com:443 "POST /api/v1/projects/bdx-dev/raw/dbs/db_databricks_everest_raw/tables/tb_LFA1/rows?ensureParent=True HTTP/1.1" 200 6
2026-07-29 21:20:50.064 UTC [DEBUG   ] ThreadPoolExecutor-0_4 - HTTP/1.1 POST https://az-phx-001.cognitedata.com/api/v1/projects/bdx-dev/raw/dbs/db_databricks_everest_raw/tables/tb_LFA1/rows?ensureParent=True 200
2026-07-29 21:20:51.674 UTC [DEBUG   ] ThreadPoolExecutor-0_0 - https://az-phx-001.cognitedata.com:443 "POST /api/v1/projects/bdx-dev/raw/dbs/db_databricks_everest_raw/tables/tb_PLKO/rows?ensureParent=True HTTP/1.1" 200 6
2026-07-29 21:20:51.674 UTC [DEBUG   ] ThreadPoolExecutor-0_0 - HTTP/1.1 POST https://az-phx-001.cognitedata.com/api/v1/projects/bdx-dev/raw/dbs/db_databricks_everest_raw/tables/tb_PLKO/rows?ensureParent=True 200
2026-07-29 21:20:51.861 UTC [DEBUG   ] ThreadPoolExecutor-0_2 - https://az-phx-001.cognitedata.com:443 "POST /api/v1/projects/bdx-dev/raw/dbs/db_databricks_everest_raw/tables/tb_KNVK/rows?ensureParent=True HTTP/1.1" 200 6
2026-07-29 21:20:51.861 UTC [DEBUG   ] ThreadPoolExecutor-0_2 - HTTP/1.1 POST https://az-phx-001.cognitedata.com/api/v1/projects/bdx-dev/raw/dbs/db_databricks_everest_raw/tables/tb_KNVK/rows?ensureParent=True 200
2026-07-29 21:20:51.861 UTC [INFO    ] QueryExecutor_0 - Uploaded 6382 raw rows
2026-07-29 21:20:52.783 UTC [INFO    ] QueryExecutor_0 - Connected to db-databricks-raw successfully
2026-07-29 21:20:52.783 UTC [INFO    ] QueryExecutor_0 - Starting extraction of extract-everest-QMIH
2026-07-29 21:20:52.783 UTC [INFO    ] QueryExecutor_0 - Getting rows from odbc
2026-07-29 21:20:54.127 UTC [INFO    ] QueryExecutor_0 - No more rows for extract-everest-QMIH. 10 rows extracted in 1.34 seconds
2026-07-29 21:20:54.127 UTC [INFO    ] QueryExecutor_0 - Reporting new success run: No more rows for extract-everest-QMIH. 10 rows extracted in 1.34 seconds
2026-07-29 21:20:54.158 UTC [DEBUG   ] ThreadPoolExecutor-0_4 - https://az-phx-001.cognitedata.com:443 "POST /api/v1/projects/bdx-dev/extpipes/runs HTTP/1.1" 200 205
2026-07-29 21:20:54.158 UTC [DEBUG   ] ThreadPoolExecutor-0_4 - HTTP/1.1 POST https://az-phx-001.cognitedata.com/api/v1/projects/bdx-dev/extpipes/runs 200
2026-07-29 21:20:54.674 UTC [DEBUG   ] ThreadPoolExecutor-0_0 - https://az-phx-001.cognitedata.com:443 "POST /api/v1/projects/bdx-dev/raw/dbs/db_databricks_everest_raw/tables/tb_QMFE/rows?ensureParent=True HTTP/1.1" 200 6
2026-07-29 21:20:54.674 UTC [DEBUG   ] ThreadPoolExecutor-0_0 - HTTP/1.1 POST https://az-phx-001.cognitedata.com/api/v1/projects/bdx-dev/raw/dbs/db_databricks_everest_raw/tables/tb_QMFE/rows?ensureParent=True 200
2026-07-29 21:20:55.252 UTC [DEBUG   ] ThreadPoolExecutor-0_2 - https://az-phx-001.cognitedata.com:443 "POST /api/v1/projects/bdx-dev/raw/dbs/db_databricks_everest_raw/tables/tb_KNVK/rows?ensureParent=True HTTP/1.1" 200 6
2026-07-29 21:20:55.252 UTC [DEBUG   ] ThreadPoolExecutor-0_2 - HTTP/1.1 POST https://az-phx-001.cognitedata.com/api/v1/projects/bdx-dev/raw/dbs/db_databricks_everest_raw/tables/tb_KNVK/rows?ensureParent=True 200
2026-07-29 21:20:55.705 UTC [DEBUG   ] ThreadPoolExecutor-0_4 - https://az-phx-001.cognitedata.com:443 "POST /api/v1/projects/bdx-dev/raw/dbs/db_databricks_everest_raw/tables/tb_LFA1/rows?ensureParent=True HTTP/1.1" 200 6
2026-07-29 21:20:55.720 UTC [DEBUG   ] ThreadPoolExecutor-0_4 - HTTP/1.1 POST https://az-phx-001.cognitedata.com/api/v1/projects/bdx-dev/raw/dbs/db_databricks_everest_raw/tables/tb_LFA1/rows?ensureParent=True 200
2026-07-29 21:20:55.767 UTC [DEBUG   ] ThreadPoolExecutor-0_0 - https://az-phx-001.cognitedata.com:443 "POST /api/v1/projects/bdx-dev/raw/dbs/db_databricks_everest_raw/tables/tb_QMIH/rows?ensureParent=True HTTP/1.1" 200 6
2026-07-29 21:20:55.767 UTC [DEBUG   ] ThreadPoolExecutor-0_0 - HTTP/1.1 POST https://az-phx-001.cognitedata.com/api/v1/projects/bdx-dev/raw/dbs/db_databricks_everest_raw/tables/tb_QMIH/rows?ensureParent=True 200
2026-07-29 21:20:55.767 UTC [INFO    ] QueryExecutor_0 - Uploaded 8010 raw rows
2026-07-29 21:20:56.392 UTC [INFO    ] QueryExecutor_0 - Connected to db-databricks-raw successfully
2026-07-29 21:20:56.392 UTC [INFO    ] QueryExecutor_0 - Starting extraction of extract-everest-QMSM
2026-07-29 21:20:56.392 UTC [INFO    ] QueryExecutor_0 - Getting rows from odbc
2026-07-29 21:20:56.689 UTC [INFO    ] QueryExecutor_2 - Current_row_count for query extract-everest-QMFE: 20000
2026-07-29 21:20:56.970 UTC [INFO    ] QueryExecutor_1 - Current_row_count for query extract-everest-KNVK: 60000
2026-07-29 21:20:57.283 UTC [INFO    ] QueryExecutor_0 - No more rows for extract-everest-QMSM. 10 rows extracted in 0.891 seconds
2026-07-29 21:20:57.283 UTC [INFO    ] QueryExecutor_0 - Reporting new success run: No more rows for extract-everest-QMSM. 10 rows extracted in 0.891 seconds
2026-07-29 21:20:57.345 UTC [DEBUG   ] ThreadPoolExecutor-0_2 - https://az-phx-001.cognitedata.com:443 "POST /api/v1/projects/bdx-dev/extpipes/runs HTTP/1.1" 200 206
2026-07-29 21:20:57.377 UTC [DEBUG   ] ThreadPoolExecutor-0_2 - HTTP/1.1 POST https://az-phx-001.cognitedata.com/api/v1/projects/bdx-dev/extpipes/runs 200
2026-07-29 21:20:57.783 UTC [DEBUG   ] ThreadPoolExecutor-0_4 - https://az-phx-001.cognitedata.com:443 "POST /api/v1/projects/bdx-dev/raw/dbs/db_databricks_everest_raw/tables/tb_QMFE/rows?ensureParent=True HTTP/1.1" 200 6
2026-07-29 21:20:57.783 UTC [DEBUG   ] ThreadPoolExecutor-0_4 - HTTP/1.1 POST https://az-phx-001.cognitedata.com/api/v1/projects/bdx-dev/raw/dbs/db_databricks_everest_raw/tables/tb_QMFE/rows?ensureParent=True 200
2026-07-29 21:20:58.064 UTC [DEBUG   ] ThreadPoolExecutor-0_0 - https://az-phx-001.cognitedata.com:443 "POST /api/v1/projects/bdx-dev/raw/dbs/db_databricks_everest_raw/tables/tb_KNVK/rows?ensureParent=True HTTP/1.1" 200 6
2026-07-29 21:20:58.064 UTC [DEBUG   ] ThreadPoolExecutor-0_0 - HTTP/1.1 POST https://az-phx-001.cognitedata.com/api/v1/projects/bdx-dev/raw/dbs/db_databricks_everest_raw/tables/tb_KNVK/rows?ensureParent=True 200
2026-07-29 21:20:58.267 UTC [DEBUG   ] ThreadPoolExecutor-0_2 - https://az-phx-001.cognitedata.com:443 "POST /api/v1/projects/bdx-dev/raw/dbs/db_databricks_everest_raw/tables/tb_LFA1/rows?ensureParent=True HTTP/1.1" 200 6
2026-07-29 21:20:58.267 UTC [DEBUG   ] ThreadPoolExecutor-0_2 - HTTP/1.1 POST https://az-phx-001.cognitedata.com/api/v1/projects/bdx-dev/raw/dbs/db_databricks_everest_raw/tables/tb_LFA1/rows?ensureParent=True 200
2026-07-29 21:20:58.314 UTC [DEBUG   ] ThreadPoolExecutor-0_4 - https://az-phx-001.cognitedata.com:443 "POST /api/v1/projects/bdx-dev/raw/dbs/db_databricks_everest_raw/tables/tb_QMSM/rows?ensureParent=True HTTP/1.1" 200 6
2026-07-29 21:20:58.314 UTC [DEBUG   ] ThreadPoolExecutor-0_4 - HTTP/1.1 POST https://az-phx-001.cognitedata.com/api/v1/projects/bdx-dev/raw/dbs/db_databricks_everest_raw/tables/tb_QMSM/rows?ensureParent=True 200
2026-07-29 21:20:58.314 UTC [INFO    ] QueryExecutor_0 - Uploaded 6010 raw rows
2026-07-29 21:20:58.970 UTC [INFO    ] QueryExecutor_0 - Connected to db-databricks-raw successfully
2026-07-29 21:20:58.970 UTC [INFO    ] QueryExecutor_0 - Starting extraction of extract-everest-QMUR
2026-07-29 21:20:58.970 UTC [INFO    ] QueryExecutor_0 - Getting rows from odbc
2026-07-29 21:21:06.131 UTC [INFO    ] QueryExecutor_3 - Current_row_count for query extract-everest-LFA1: 50000
2026-07-29 21:21:06.865 UTC [INFO    ] QueryExecutor_0 - Current_row_count for query extract-everest-QMUR: 10000
2026-07-29 21:21:07.209 UTC [INFO    ] QueryExecutor_2 - Current_row_count for query extract-everest-QMFE: 30000
2026-07-29 21:21:12.037 UTC [INFO    ] QueryExecutor_1 - Current_row_count for query extract-everest-KNVK: 70000
2026-07-29 21:21:13.302 UTC [INFO    ] QueryExecutor_0 - Current_row_count for query extract-everest-QMUR: 20000
2026-07-29 21:21:13.380 UTC [INFO    ] QueryExecutor_2 - Upload queue reached threshold size 50000/50000, triggering upload
2026-07-29 21:21:13.693 UTC [DEBUG   ] ThreadPoolExecutor-0_3 - https://az-phx-001.cognitedata.com:443 "POST /api/v1/projects/bdx-dev/raw/dbs/db_databricks_everest_raw/tables/tb_LFA1/rows?ensureParent=True HTTP/1.1" 200 6
2026-07-29 21:21:13.693 UTC [DEBUG   ] ThreadPoolExecutor-0_3 - HTTP/1.1 POST https://az-phx-001.cognitedata.com/api/v1/projects/bdx-dev/raw/dbs/db_databricks_everest_raw/tables/tb_LFA1/rows?ensureParent=True 200
2026-07-29 21:21:14.271 UTC [DEBUG   ] ThreadPoolExecutor-0_0 - https://az-phx-001.cognitedata.com:443 "POST /api/v1/projects/bdx-dev/raw/dbs/db_databricks_everest_raw/tables/tb_LFA1/rows?ensureParent=True HTTP/1.1" 200 6
2026-07-29 21:21:14.271 UTC [DEBUG   ] ThreadPoolExecutor-0_0 - HTTP/1.1 POST https://az-phx-001.cognitedata.com/api/v1/projects/bdx-dev/raw/dbs/db_databricks_everest_raw/tables/tb_LFA1/rows?ensureParent=True 200
2026-07-29 21:21:15.083 UTC [DEBUG   ] ThreadPoolExecutor-0_1 - https://az-phx-001.cognitedata.com:443 "POST /api/v1/projects/bdx-dev/raw/dbs/db_databricks_everest_raw/tables/tb_KNVK/rows?ensureParent=True HTTP/1.1" 200 6
2026-07-29 21:21:15.083 UTC [DEBUG   ] ThreadPoolExecutor-0_1 - HTTP/1.1 POST https://az-phx-001.cognitedata.com/api/v1/projects/bdx-dev/raw/dbs/db_databricks_everest_raw/tables/tb_KNVK/rows?ensureParent=True 200
2026-07-29 21:21:15.083 UTC [DEBUG   ] ThreadPoolExecutor-0_4 - https://az-phx-001.cognitedata.com:443 "POST /api/v1/projects/bdx-dev/raw/dbs/db_databricks_everest_raw/tables/tb_KNVK/rows?ensureParent=True HTTP/1.1" 200 6
2026-07-29 21:21:15.083 UTC [DEBUG   ] ThreadPoolExecutor-0_4 - HTTP/1.1 POST https://az-phx-001.cognitedata.com/api/v1/projects/bdx-dev/raw/dbs/db_databricks_everest_raw/tables/tb_KNVK/rows?ensureParent=True 200
2026-07-29 21:21:15.943 UTC [DEBUG   ] ThreadPoolExecutor-0_2 - https://az-phx-001.cognitedata.com:443 "POST /api/v1/projects/bdx-dev/raw/dbs/db_databricks_everest_raw/tables/tb_QMFE/rows?ensureParent=True HTTP/1.1" 200 6
2026-07-29 21:21:15.943 UTC [DEBUG   ] ThreadPoolExecutor-0_2 - HTTP/1.1 POST https://az-phx-001.cognitedata.com/api/v1/projects/bdx-dev/raw/dbs/db_databricks_everest_raw/tables/tb_QMFE/rows?ensureParent=True 200
2026-07-29 21:21:16.115 UTC [DEBUG   ] ThreadPoolExecutor-0_3 - https://az-phx-001.cognitedata.com:443 "POST /api/v1/projects/bdx-dev/raw/dbs/db_databricks_everest_raw/tables/tb_QMFE/rows?ensureParent=True HTTP/1.1" 200 6
2026-07-29 21:21:16.115 UTC [DEBUG   ] ThreadPoolExecutor-0_3 - HTTP/1.1 POST https://az-phx-001.cognitedata.com/api/v1/projects/bdx-dev/raw/dbs/db_databricks_everest_raw/tables/tb_QMFE/rows?ensureParent=True 200
2026-07-29 21:21:16.115 UTC [DEBUG   ] ThreadPoolExecutor-0_0 - https://az-phx-001.cognitedata.com:443 "POST /api/v1/projects/bdx-dev/raw/dbs/db_databricks_everest_raw/tables/tb_QMFE/rows?ensureParent=True HTTP/1.1" 200 6
2026-07-29 21:21:16.115 UTC [DEBUG   ] ThreadPoolExecutor-0_0 - HTTP/1.1 POST https://az-phx-001.cognitedata.com/api/v1/projects/bdx-dev/raw/dbs/db_databricks_everest_raw/tables/tb_QMFE/rows?ensureParent=True 200
2026-07-29 21:21:16.412 UTC [DEBUG   ] ThreadPoolExecutor-0_4 - Resetting dropped connection: az-phx-001.cognitedata.com
2026-07-29 21:21:16.927 UTC [DEBUG   ] ThreadPoolExecutor-0_2 - https://az-phx-001.cognitedata.com:443 "POST /api/v1/projects/bdx-dev/raw/dbs/db_databricks_everest_raw/tables/tb_QMUR/rows?ensureParent=True HTTP/1.1" 200 6
2026-07-29 21:21:16.927 UTC [DEBUG   ] ThreadPoolExecutor-0_2 - HTTP/1.1 POST https://az-phx-001.cognitedata.com/api/v1/projects/bdx-dev/raw/dbs/db_databricks_everest_raw/tables/tb_QMUR/rows?ensureParent=True 200
2026-07-29 21:21:16.927 UTC [DEBUG   ] ThreadPoolExecutor-0_1 - https://az-phx-001.cognitedata.com:443 "POST /api/v1/projects/bdx-dev/raw/dbs/db_databricks_everest_raw/tables/tb_QMUR/rows?ensureParent=True HTTP/1.1" 200 6
2026-07-29 21:21:16.927 UTC [DEBUG   ] ThreadPoolExecutor-0_1 - HTTP/1.1 POST https://az-phx-001.cognitedata.com/api/v1/projects/bdx-dev/raw/dbs/db_databricks_everest_raw/tables/tb_QMUR/rows?ensureParent=True 200
2026-07-29 21:21:16.943 UTC [DEBUG   ] ThreadPoolExecutor-0_4 - https://az-phx-001.cognitedata.com:443 "POST /api/v1/projects/bdx-dev/raw/dbs/db_databricks_everest_raw/tables/tb_QMUR/rows?ensureParent=True HTTP/1.1" 200 6
2026-07-29 21:21:16.943 UTC [DEBUG   ] ThreadPoolExecutor-0_4 - HTTP/1.1 POST https://az-phx-001.cognitedata.com/api/v1/projects/bdx-dev/raw/dbs/db_databricks_everest_raw/tables/tb_QMUR/rows?ensureParent=True 200
2026-07-29 21:21:17.021 UTC [DEBUG   ] ThreadPoolExecutor-0_3 - https://az-phx-001.cognitedata.com:443 "POST /api/v1/projects/bdx-dev/raw/dbs/db_databricks_everest_raw/tables/tb_QMUR/rows?ensureParent=True HTTP/1.1" 200 6
2026-07-29 21:21:17.021 UTC [DEBUG   ] ThreadPoolExecutor-0_3 - HTTP/1.1 POST https://az-phx-001.cognitedata.com/api/v1/projects/bdx-dev/raw/dbs/db_databricks_everest_raw/tables/tb_QMUR/rows?ensureParent=True 200
2026-07-29 21:21:17.021 UTC [INFO    ] QueryExecutor_2 - Uploaded 50000 raw rows
2026-07-29 21:21:22.853 UTC [INFO    ] QueryExecutor_2 - Current_row_count for query extract-everest-QMFE: 40000
2026-07-29 21:21:23.260 UTC [INFO    ] QueryExecutor_0 - Current_row_count for query extract-everest-QMUR: 30000
2026-07-29 21:21:30.041 UTC [INFO    ] QueryExecutor_0 - Current_row_count for query extract-everest-QMUR: 40000
2026-07-29 21:21:32.119 UTC [INFO    ] QueryExecutor_0 - Upload queue reached threshold size 50000/50000, triggering upload
2026-07-29 21:21:33.623 UTC [DEBUG   ] ThreadPoolExecutor-0_2 - https://az-phx-001.cognitedata.com:443 "POST /api/v1/projects/bdx-dev/raw/dbs/db_databricks_everest_raw/tables/tb_KNVK/rows?ensureParent=True HTTP/1.1" 200 6
2026-07-29 21:21:33.623 UTC [DEBUG   ] ThreadPoolExecutor-0_2 - HTTP/1.1 POST https://az-phx-001.cognitedata.com/api/v1/projects/bdx-dev/raw/dbs/db_databricks_everest_raw/tables/tb_KNVK/rows?ensureParent=True 200
2026-07-29 21:21:33.842 UTC [DEBUG   ] ThreadPoolExecutor-0_0 - https://az-phx-001.cognitedata.com:443 "POST /api/v1/projects/bdx-dev/raw/dbs/db_databricks_everest_raw/tables/tb_KNVK/rows?ensureParent=True HTTP/1.1" 200 6
2026-07-29 21:21:33.842 UTC [DEBUG   ] ThreadPoolExecutor-0_0 - HTTP/1.1 POST https://az-phx-001.cognitedata.com/api/v1/projects/bdx-dev/raw/dbs/db_databricks_everest_raw/tables/tb_KNVK/rows?ensureParent=True 200
2026-07-29 21:21:34.217 UTC [DEBUG   ] ThreadPoolExecutor-0_2 - Resetting dropped connection: az-phx-001.cognitedata.com
2026-07-29 21:21:35.514 UTC [DEBUG   ] ThreadPoolExecutor-0_0 - https://az-phx-001.cognitedata.com:443 "POST /api/v1/projects/bdx-dev/raw/dbs/db_databricks_everest_raw/tables/tb_QMUR/rows?ensureParent=True HTTP/1.1" 200 6
2026-07-29 21:21:35.514 UTC [DEBUG   ] ThreadPoolExecutor-0_0 - HTTP/1.1 POST https://az-phx-001.cognitedata.com/api/v1/projects/bdx-dev/raw/dbs/db_databricks_everest_raw/tables/tb_QMUR/rows?ensureParent=True 200
2026-07-29 21:21:35.514 UTC [DEBUG   ] ThreadPoolExecutor-0_3 - https://az-phx-001.cognitedata.com:443 "POST /api/v1/projects/bdx-dev/raw/dbs/db_databricks_everest_raw/tables/tb_QMUR/rows?ensureParent=True HTTP/1.1" 200 6
2026-07-29 21:21:35.514 UTC [DEBUG   ] ThreadPoolExecutor-0_3 - HTTP/1.1 POST https://az-phx-001.cognitedata.com/api/v1/projects/bdx-dev/raw/dbs/db_databricks_everest_raw/tables/tb_QMUR/rows?ensureParent=True 200
2026-07-29 21:21:35.623 UTC [DEBUG   ] ThreadPoolExecutor-0_4 - https://az-phx-001.cognitedata.com:443 "POST /api/v1/projects/bdx-dev/raw/dbs/db_databricks_everest_raw/tables/tb_QMUR/rows?ensureParent=True HTTP/1.1" 200 6
2026-07-29 21:21:35.623 UTC [DEBUG   ] ThreadPoolExecutor-0_4 - HTTP/1.1 POST https://az-phx-001.cognitedata.com/api/v1/projects/bdx-dev/raw/dbs/db_databricks_everest_raw/tables/tb_QMUR/rows?ensureParent=True 200
2026-07-29 21:21:35.717 UTC [DEBUG   ] ThreadPoolExecutor-0_1 - https://az-phx-001.cognitedata.com:443 "POST /api/v1/projects/bdx-dev/raw/dbs/db_databricks_everest_raw/tables/tb_QMUR/rows?ensureParent=True HTTP/1.1" 200 6
2026-07-29 21:21:35.717 UTC [DEBUG   ] ThreadPoolExecutor-0_1 - HTTP/1.1 POST https://az-phx-001.cognitedata.com/api/v1/projects/bdx-dev/raw/dbs/db_databricks_everest_raw/tables/tb_QMUR/rows?ensureParent=True 200
2026-07-29 21:21:35.842 UTC [DEBUG   ] ThreadPoolExecutor-0_2 - https://az-phx-001.cognitedata.com:443 "POST /api/v1/projects/bdx-dev/raw/dbs/db_databricks_everest_raw/tables/tb_QMUR/rows?ensureParent=True HTTP/1.1" 200 6
2026-07-29 21:21:35.842 UTC [DEBUG   ] ThreadPoolExecutor-0_2 - HTTP/1.1 POST https://az-phx-001.cognitedata.com/api/v1/projects/bdx-dev/raw/dbs/db_databricks_everest_raw/tables/tb_QMUR/rows?ensureParent=True 200
2026-07-29 21:21:36.201 UTC [DEBUG   ] ThreadPoolExecutor-0_3 - https://az-phx-001.cognitedata.com:443 "POST /api/v1/projects/bdx-dev/raw/dbs/db_databricks_everest_raw/tables/tb_LFA1/rows?ensureParent=True HTTP/1.1" 200 6
2026-07-29 21:21:36.201 UTC [DEBUG   ] ThreadPoolExecutor-0_3 - HTTP/1.1 POST https://az-phx-001.cognitedata.com/api/v1/projects/bdx-dev/raw/dbs/db_databricks_everest_raw/tables/tb_LFA1/rows?ensureParent=True 200
2026-07-29 21:21:37.310 UTC [DEBUG   ] ThreadPoolExecutor-0_0 - https://az-phx-001.cognitedata.com:443 "POST /api/v1/projects/bdx-dev/raw/dbs/db_databricks_everest_raw/tables/tb_LFA1/rows?ensureParent=True HTTP/1.1" 200 6
2026-07-29 21:21:37.310 UTC [DEBUG   ] ThreadPoolExecutor-0_0 - HTTP/1.1 POST https://az-phx-001.cognitedata.com/api/v1/projects/bdx-dev/raw/dbs/db_databricks_everest_raw/tables/tb_LFA1/rows?ensureParent=True 200
2026-07-29 21:21:38.310 UTC [DEBUG   ] ThreadPoolExecutor-0_4 - https://az-phx-001.cognitedata.com:443 "POST /api/v1/projects/bdx-dev/raw/dbs/db_databricks_everest_raw/tables/tb_QMFE/rows?ensureParent=True HTTP/1.1" 200 6
2026-07-29 21:21:38.310 UTC [DEBUG   ] ThreadPoolExecutor-0_4 - HTTP/1.1 POST https://az-phx-001.cognitedata.com/api/v1/projects/bdx-dev/raw/dbs/db_databricks_everest_raw/tables/tb_QMFE/rows?ensureParent=True 200
2026-07-29 21:21:38.795 UTC [DEBUG   ] ThreadPoolExecutor-0_2 - https://az-phx-001.cognitedata.com:443 "POST /api/v1/projects/bdx-dev/raw/dbs/db_databricks_everest_raw/tables/tb_QMFE/rows?ensureParent=True HTTP/1.1" 200 6
2026-07-29 21:21:38.795 UTC [DEBUG   ] ThreadPoolExecutor-0_2 - HTTP/1.1 POST https://az-phx-001.cognitedata.com/api/v1/projects/bdx-dev/raw/dbs/db_databricks_everest_raw/tables/tb_QMFE/rows?ensureParent=True 200
2026-07-29 21:21:38.920 UTC [DEBUG   ] ThreadPoolExecutor-0_1 - https://az-phx-001.cognitedata.com:443 "POST /api/v1/projects/bdx-dev/raw/dbs/db_databricks_everest_raw/tables/tb_QMFE/rows?ensureParent=True HTTP/1.1" 200 6
2026-07-29 21:21:38.920 UTC [DEBUG   ] ThreadPoolExecutor-0_1 - HTTP/1.1 POST https://az-phx-001.cognitedata.com/api/v1/projects/bdx-dev/raw/dbs/db_databricks_everest_raw/tables/tb_QMFE/rows?ensureParent=True 200
2026-07-29 21:21:38.920 UTC [INFO    ] QueryExecutor_0 - Uploaded 50000 raw rows
2026-07-29 21:21:39.420 UTC [INFO    ] QueryExecutor_1 - Current_row_count for query extract-everest-KNVK: 80000
2026-07-29 21:21:41.748 UTC [INFO    ] QueryExecutor_2 - Current_row_count for query extract-everest-QMFE: 50000
2026-07-29 21:21:42.216 UTC [INFO    ] QueryExecutor_3 - Current_row_count for query extract-everest-LFA1: 60000
2026-07-29 21:21:43.466 UTC [INFO    ] QueryExecutor_0 - Current_row_count for query extract-everest-QMUR: 50000
2026-07-29 21:21:50.079 UTC [INFO    ] QueryExecutor_0 - Current_row_count for query extract-everest-QMUR: 60000
2026-07-29 21:21:53.782 UTC [INFO    ] QueryExecutor_1 - Upload queue reached threshold size 50000/50000, triggering upload
2026-07-29 21:21:55.251 UTC [DEBUG   ] ThreadPoolExecutor-0_3 - https://az-phx-001.cognitedata.com:443 "POST /api/v1/projects/bdx-dev/raw/dbs/db_databricks_everest_raw/tables/tb_KNVK/rows?ensureParent=True HTTP/1.1" 200 6
2026-07-29 21:21:55.251 UTC [DEBUG   ] ThreadPoolExecutor-0_3 - HTTP/1.1 POST https://az-phx-001.cognitedata.com/api/v1/projects/bdx-dev/raw/dbs/db_databricks_everest_raw/tables/tb_KNVK/rows?ensureParent=True 200
2026-07-29 21:21:55.329 UTC [DEBUG   ] ThreadPoolExecutor-0_0 - https://az-phx-001.cognitedata.com:443 "POST /api/v1/projects/bdx-dev/raw/dbs/db_databricks_everest_raw/tables/tb_KNVK/rows?ensureParent=True HTTP/1.1" 200 6
2026-07-29 21:21:55.344 UTC [DEBUG   ] ThreadPoolExecutor-0_0 - HTTP/1.1 POST https://az-phx-001.cognitedata.com/api/v1/projects/bdx-dev/raw/dbs/db_databricks_everest_raw/tables/tb_KNVK/rows?ensureParent=True 200
2026-07-29 21:21:56.391 UTC [DEBUG   ] ThreadPoolExecutor-0_4 - https://az-phx-001.cognitedata.com:443 "POST /api/v1/projects/bdx-dev/raw/dbs/db_databricks_everest_raw/tables/tb_QMFE/rows?ensureParent=True HTTP/1.1" 200 6
2026-07-29 21:21:56.391 UTC [DEBUG   ] ThreadPoolExecutor-0_4 - HTTP/1.1 POST https://az-phx-001.cognitedata.com/api/v1/projects/bdx-dev/raw/dbs/db_databricks_everest_raw/tables/tb_QMFE/rows?ensureParent=True 200
2026-07-29 21:21:56.876 UTC [DEBUG   ] ThreadPoolExecutor-0_2 - https://az-phx-001.cognitedata.com:443 "POST /api/v1/projects/bdx-dev/raw/dbs/db_databricks_everest_raw/tables/tb_QMFE/rows?ensureParent=True HTTP/1.1" 200 6
2026-07-29 21:21:56.876 UTC [DEBUG   ] ThreadPoolExecutor-0_2 - HTTP/1.1 POST https://az-phx-001.cognitedata.com/api/v1/projects/bdx-dev/raw/dbs/db_databricks_everest_raw/tables/tb_QMFE/rows?ensureParent=True 200
2026-07-29 21:21:56.907 UTC [DEBUG   ] ThreadPoolExecutor-0_1 - https://az-phx-001.cognitedata.com:443 "POST /api/v1/projects/bdx-dev/raw/dbs/db_databricks_everest_raw/tables/tb_QMFE/rows?ensureParent=True HTTP/1.1" 200 6
2026-07-29 21:21:56.907 UTC [DEBUG   ] ThreadPoolExecutor-0_1 - HTTP/1.1 POST https://az-phx-001.cognitedata.com/api/v1/projects/bdx-dev/raw/dbs/db_databricks_everest_raw/tables/tb_QMFE/rows?ensureParent=True 200
2026-07-29 21:21:57.376 UTC [DEBUG   ] ThreadPoolExecutor-0_3 - https://az-phx-001.cognitedata.com:443 "POST /api/v1/projects/bdx-dev/raw/dbs/db_databricks_everest_raw/tables/tb_LFA1/rows?ensureParent=True HTTP/1.1" 200 6
2026-07-29 21:21:57.376 UTC [DEBUG   ] ThreadPoolExecutor-0_3 - HTTP/1.1 POST https://az-phx-001.cognitedata.com/api/v1/projects/bdx-dev/raw/dbs/db_databricks_everest_raw/tables/tb_LFA1/rows?ensureParent=True 200
2026-07-29 21:21:58.313 UTC [DEBUG   ] ThreadPoolExecutor-0_0 - https://az-phx-001.cognitedata.com:443 "POST /api/v1/projects/bdx-dev/raw/dbs/db_databricks_everest_raw/tables/tb_LFA1/rows?ensureParent=True HTTP/1.1" 200 6
2026-07-29 21:21:58.313 UTC [DEBUG   ] ThreadPoolExecutor-0_0 - HTTP/1.1 POST https://az-phx-001.cognitedata.com/api/v1/projects/bdx-dev/raw/dbs/db_databricks_everest_raw/tables/tb_LFA1/rows?ensureParent=True 200
2026-07-29 21:21:59.688 UTC [DEBUG   ] ThreadPoolExecutor-0_0 - https://az-phx-001.cognitedata.com:443 "POST /api/v1/projects/bdx-dev/raw/dbs/db_databricks_everest_raw/tables/tb_QMUR/rows?ensureParent=True HTTP/1.1" 200 6
2026-07-29 21:21:59.688 UTC [DEBUG   ] ThreadPoolExecutor-0_0 - HTTP/1.1 POST https://az-phx-001.cognitedata.com/api/v1/projects/bdx-dev/raw/dbs/db_databricks_everest_raw/tables/tb_QMUR/rows?ensureParent=True 200
2026-07-29 21:22:00.172 UTC [DEBUG   ] ThreadPoolExecutor-0_4 - https://az-phx-001.cognitedata.com:443 "POST /api/v1/projects/bdx-dev/raw/dbs/db_databricks_everest_raw/tables/tb_QMUR/rows?ensureParent=True HTTP/1.1" 200 6
2026-07-29 21:22:00.172 UTC [DEBUG   ] ThreadPoolExecutor-0_4 - HTTP/1.1 POST https://az-phx-001.cognitedata.com/api/v1/projects/bdx-dev/raw/dbs/db_databricks_everest_raw/tables/tb_QMUR/rows?ensureParent=True 200
2026-07-29 21:22:00.266 UTC [DEBUG   ] ThreadPoolExecutor-0_2 - https://az-phx-001.cognitedata.com:443 "POST /api/v1/projects/bdx-dev/raw/dbs/db_databricks_everest_raw/tables/tb_QMUR/rows?ensureParent=True HTTP/1.1" 200 6
2026-07-29 21:22:00.266 UTC [DEBUG   ] ThreadPoolExecutor-0_2 - HTTP/1.1 POST https://az-phx-001.cognitedata.com/api/v1/projects/bdx-dev/raw/dbs/db_databricks_everest_raw/tables/tb_QMUR/rows?ensureParent=True 200
2026-07-29 21:22:00.391 UTC [DEBUG   ] ThreadPoolExecutor-0_1 - https://az-phx-001.cognitedata.com:443 "POST /api/v1/projects/bdx-dev/raw/dbs/db_databricks_everest_raw/tables/tb_QMUR/rows?ensureParent=True HTTP/1.1" 200 6
2026-07-29 21:22:00.391 UTC [DEBUG   ] ThreadPoolExecutor-0_1 - HTTP/1.1 POST https://az-phx-001.cognitedata.com/api/v1/projects/bdx-dev/raw/dbs/db_databricks_everest_raw/tables/tb_QMUR/rows?ensureParent=True 200
2026-07-29 21:22:00.829 UTC [DEBUG   ] ThreadPoolExecutor-0_3 - https://az-phx-001.cognitedata.com:443 "POST /api/v1/projects/bdx-dev/raw/dbs/db_databricks_everest_raw/tables/tb_QMUR/rows?ensureParent=True HTTP/1.1" 200 6
2026-07-29 21:22:00.829 UTC [DEBUG   ] ThreadPoolExecutor-0_3 - HTTP/1.1 POST https://az-phx-001.cognitedata.com/api/v1/projects/bdx-dev/raw/dbs/db_databricks_everest_raw/tables/tb_QMUR/rows?ensureParent=True 200
2026-07-29 21:22:00.829 UTC [INFO    ] QueryExecutor_1 - Uploaded 50000 raw rows
2026-07-29 21:22:01.297 UTC [INFO    ] QueryExecutor_2 - Current_row_count for query extract-everest-QMFE: 60000
2026-07-29 21:22:02.078 UTC [INFO    ] QueryExecutor_1 - Current_row_count for query extract-everest-KNVK: 90000
2026-07-29 21:22:03.458 UTC [INFO    ] QueryExecutor_0 - Current_row_count for query extract-everest-QMUR: 70000
2026-07-29 21:22:10.036 UTC [INFO    ] QueryExecutor_0 - Current_row_count for query extract-everest-QMUR: 80000
2026-07-29 21:22:13.504 UTC [INFO    ] QueryExecutor_2 - Current_row_count for query extract-everest-QMFE: 70000
2026-07-29 21:22:15.316 UTC [INFO    ] QueryExecutor_3 - Current_row_count for query extract-everest-LFA1: 70000
2026-07-29 21:22:15.754 UTC [INFO    ] QueryExecutor_0 - Upload queue reached threshold size 50000/50000, triggering upload
2026-07-29 21:22:17.348 UTC [DEBUG   ] ThreadPoolExecutor-0_3 - https://az-phx-001.cognitedata.com:443 "POST /api/v1/projects/bdx-dev/raw/dbs/db_databricks_everest_raw/tables/tb_QMUR/rows?ensureParent=True HTTP/1.1" 200 6
2026-07-29 21:22:17.348 UTC [DEBUG   ] ThreadPoolExecutor-0_3 - HTTP/1.1 POST https://az-phx-001.cognitedata.com/api/v1/projects/bdx-dev/raw/dbs/db_databricks_everest_raw/tables/tb_QMUR/rows?ensureParent=True 200
2026-07-29 21:22:17.551 UTC [DEBUG   ] ThreadPoolExecutor-0_0 - https://az-phx-001.cognitedata.com:443 "POST /api/v1/projects/bdx-dev/raw/dbs/db_databricks_everest_raw/tables/tb_QMUR/rows?ensureParent=True HTTP/1.1" 200 6
2026-07-29 21:22:17.551 UTC [DEBUG   ] ThreadPoolExecutor-0_0 - HTTP/1.1 POST https://az-phx-001.cognitedata.com/api/v1/projects/bdx-dev/raw/dbs/db_databricks_everest_raw/tables/tb_QMUR/rows?ensureParent=True 200
2026-07-29 21:22:17.551 UTC [DEBUG   ] ThreadPoolExecutor-0_4 - https://az-phx-001.cognitedata.com:443 "POST /api/v1/projects/bdx-dev/raw/dbs/db_databricks_everest_raw/tables/tb_QMUR/rows?ensureParent=True HTTP/1.1" 200 6
2026-07-29 21:22:17.551 UTC [DEBUG   ] ThreadPoolExecutor-0_2 - https://az-phx-001.cognitedata.com:443 "POST /api/v1/projects/bdx-dev/raw/dbs/db_databricks_everest_raw/tables/tb_QMUR/rows?ensureParent=True HTTP/1.1" 200 6
2026-07-29 21:22:17.551 UTC [DEBUG   ] ThreadPoolExecutor-0_4 - HTTP/1.1 POST https://az-phx-001.cognitedata.com/api/v1/projects/bdx-dev/raw/dbs/db_databricks_everest_raw/tables/tb_QMUR/rows?ensureParent=True 200
2026-07-29 21:22:17.551 UTC [DEBUG   ] ThreadPoolExecutor-0_2 - HTTP/1.1 POST https://az-phx-001.cognitedata.com/api/v1/projects/bdx-dev/raw/dbs/db_databricks_everest_raw/tables/tb_QMUR/rows?ensureParent=True 200
2026-07-29 21:22:17.566 UTC [DEBUG   ] ThreadPoolExecutor-0_1 - https://az-phx-001.cognitedata.com:443 "POST /api/v1/projects/bdx-dev/raw/dbs/db_databricks_everest_raw/tables/tb_QMUR/rows?ensureParent=True HTTP/1.1" 200 6
2026-07-29 21:22:17.582 UTC [DEBUG   ] ThreadPoolExecutor-0_1 - HTTP/1.1 POST https://az-phx-001.cognitedata.com/api/v1/projects/bdx-dev/raw/dbs/db_databricks_everest_raw/tables/tb_QMUR/rows?ensureParent=True 200
2026-07-29 21:22:18.508 UTC [DEBUG   ] ThreadPoolExecutor-0_4 - https://az-phx-001.cognitedata.com:443 "POST /api/v1/projects/bdx-dev/raw/dbs/db_databricks_everest_raw/tables/tb_QMFE/rows?ensureParent=True HTTP/1.1" 200 6
2026-07-29 21:22:18.508 UTC [DEBUG   ] ThreadPoolExecutor-0_4 - HTTP/1.1 POST https://az-phx-001.cognitedata.com/api/v1/projects/bdx-dev/raw/dbs/db_databricks_everest_raw/tables/tb_QMFE/rows?ensureParent=True 200
2026-07-29 21:22:18.805 UTC [DEBUG   ] ThreadPoolExecutor-0_3 - https://az-phx-001.cognitedata.com:443 "POST /api/v1/projects/bdx-dev/raw/dbs/db_databricks_everest_raw/tables/tb_QMFE/rows?ensureParent=True HTTP/1.1" 200 6
2026-07-29 21:22:18.805 UTC [DEBUG   ] ThreadPoolExecutor-0_3 - HTTP/1.1 POST https://az-phx-001.cognitedata.com/api/v1/projects/bdx-dev/raw/dbs/db_databricks_everest_raw/tables/tb_QMFE/rows?ensureParent=True 200
2026-07-29 21:22:19.149 UTC [DEBUG   ] ThreadPoolExecutor-0_0 - https://az-phx-001.cognitedata.com:443 "POST /api/v1/projects/bdx-dev/raw/dbs/db_databricks_everest_raw/tables/tb_QMFE/rows?ensureParent=True HTTP/1.1" 200 6
2026-07-29 21:22:19.149 UTC [DEBUG   ] ThreadPoolExecutor-0_0 - HTTP/1.1 POST https://az-phx-001.cognitedata.com/api/v1/projects/bdx-dev/raw/dbs/db_databricks_everest_raw/tables/tb_QMFE/rows?ensureParent=True 200
2026-07-29 21:22:19.493 UTC [DEBUG   ] ThreadPoolExecutor-0_2 - https://az-phx-001.cognitedata.com:443 "POST /api/v1/projects/bdx-dev/raw/dbs/db_databricks_everest_raw/tables/tb_LFA1/rows?ensureParent=True HTTP/1.1" 200 6
2026-07-29 21:22:19.493 UTC [DEBUG   ] ThreadPoolExecutor-0_2 - HTTP/1.1 POST https://az-phx-001.cognitedata.com/api/v1/projects/bdx-dev/raw/dbs/db_databricks_everest_raw/tables/tb_LFA1/rows?ensureParent=True 200
2026-07-29 21:22:20.508 UTC [DEBUG   ] ThreadPoolExecutor-0_1 - https://az-phx-001.cognitedata.com:443 "POST /api/v1/projects/bdx-dev/raw/dbs/db_databricks_everest_raw/tables/tb_LFA1/rows?ensureParent=True HTTP/1.1" 200 6
2026-07-29 21:22:20.508 UTC [DEBUG   ] ThreadPoolExecutor-0_1 - HTTP/1.1 POST https://az-phx-001.cognitedata.com/api/v1/projects/bdx-dev/raw/dbs/db_databricks_everest_raw/tables/tb_LFA1/rows?ensureParent=True 200
2026-07-29 21:22:21.915 UTC [DEBUG   ] ThreadPoolExecutor-0_3 - https://az-phx-001.cognitedata.com:443 "POST /api/v1/projects/bdx-dev/raw/dbs/db_databricks_everest_raw/tables/tb_KNVK/rows?ensureParent=True HTTP/1.1" 200 6
2026-07-29 21:22:21.930 UTC [DEBUG   ] ThreadPoolExecutor-0_3 - HTTP/1.1 POST https://az-phx-001.cognitedata.com/api/v1/projects/bdx-dev/raw/dbs/db_databricks_everest_raw/tables/tb_KNVK/rows?ensureParent=True 200
2026-07-29 21:22:22.024 UTC [DEBUG   ] ThreadPoolExecutor-0_0 - https://az-phx-001.cognitedata.com:443 "POST /api/v1/projects/bdx-dev/raw/dbs/db_databricks_everest_raw/tables/tb_KNVK/rows?ensureParent=True HTTP/1.1" 200 6
2026-07-29 21:22:22.024 UTC [DEBUG   ] ThreadPoolExecutor-0_0 - HTTP/1.1 POST https://az-phx-001.cognitedata.com/api/v1/projects/bdx-dev/raw/dbs/db_databricks_everest_raw/tables/tb_KNVK/rows?ensureParent=True 200
2026-07-29 21:22:22.024 UTC [INFO    ] QueryExecutor_0 - Uploaded 50000 raw rows
2026-07-29 21:22:23.180 UTC [INFO    ] QueryExecutor_0 - Current_row_count for query extract-everest-QMUR: 90000
2026-07-29 21:22:24.008 UTC [INFO    ] QueryExecutor_1 - Current_row_count for query extract-everest-KNVK: 100000
2026-07-29 21:22:30.321 UTC [INFO    ] QueryExecutor_0 - Current_row_count for query extract-everest-QMUR: 100000
2026-07-29 21:22:33.196 UTC [INFO    ] QueryExecutor_2 - Current_row_count for query extract-everest-QMFE: 80000
2026-07-29 21:22:34.027 UTC [DEBUG   ] ConfigReloader - Loading local config file
2026-07-29 21:22:34.621 UTC [INFO    ] HeartbeatLoop - Reporting new heartbeat
2026-07-29 21:22:34.668 UTC [DEBUG   ] ThreadPoolExecutor-0_2 - https://az-phx-001.cognitedata.com:443 "POST /api/v1/projects/bdx-dev/extpipes/runs HTTP/1.1" 200 117
2026-07-29 21:22:34.668 UTC [DEBUG   ] ThreadPoolExecutor-0_2 - HTTP/1.1 POST https://az-phx-001.cognitedata.com/api/v1/projects/bdx-dev/extpipes/runs 200
2026-07-29 21:22:37.527 UTC [INFO    ] QueryExecutor_0 - Current_row_count for query extract-everest-QMUR: 110000
2026-07-29 21:22:38.058 UTC [INFO    ] QueryExecutor_3 - Upload queue reached threshold size 50000/50000, triggering upload
2026-07-29 21:22:38.933 UTC [DEBUG   ] ThreadPoolExecutor-0_0 - https://az-phx-001.cognitedata.com:443 "POST /api/v1/projects/bdx-dev/raw/dbs/db_databricks_everest_raw/tables/tb_QMFE/rows?ensureParent=True HTTP/1.1" 200 6
2026-07-29 21:22:38.933 UTC [DEBUG   ] ThreadPoolExecutor-0_0 - HTTP/1.1 POST https://az-phx-001.cognitedata.com/api/v1/projects/bdx-dev/raw/dbs/db_databricks_everest_raw/tables/tb_QMFE/rows?ensureParent=True 200
2026-07-29 21:22:39.621 UTC [DEBUG   ] ThreadPoolExecutor-0_3 - https://az-phx-001.cognitedata.com:443 "POST /api/v1/projects/bdx-dev/raw/dbs/db_databricks_everest_raw/tables/tb_QMFE/rows?ensureParent=True HTTP/1.1" 200 6
2026-07-29 21:22:39.621 UTC [DEBUG   ] ThreadPoolExecutor-0_3 - HTTP/1.1 POST https://az-phx-001.cognitedata.com/api/v1/projects/bdx-dev/raw/dbs/db_databricks_everest_raw/tables/tb_QMFE/rows?ensureParent=True 200
2026-07-29 21:22:39.699 UTC [DEBUG   ] ThreadPoolExecutor-0_4 - https://az-phx-001.cognitedata.com:443 "POST /api/v1/projects/bdx-dev/raw/dbs/db_databricks_everest_raw/tables/tb_QMFE/rows?ensureParent=True HTTP/1.1" 200 6
2026-07-29 21:22:39.699 UTC [DEBUG   ] ThreadPoolExecutor-0_4 - HTTP/1.1 POST https://az-phx-001.cognitedata.com/api/v1/projects/bdx-dev/raw/dbs/db_databricks_everest_raw/tables/tb_QMFE/rows?ensureParent=True 200
2026-07-29 21:22:41.027 UTC [DEBUG   ] ThreadPoolExecutor-0_1 - https://az-phx-001.cognitedata.com:443 "POST /api/v1/projects/bdx-dev/raw/dbs/db_databricks_everest_raw/tables/tb_KNVK/rows?ensureParent=True HTTP/1.1" 200 6
2026-07-29 21:22:41.027 UTC [DEBUG   ] ThreadPoolExecutor-0_1 - HTTP/1.1 POST https://az-phx-001.cognitedata.com/api/v1/projects/bdx-dev/raw/dbs/db_databricks_everest_raw/tables/tb_KNVK/rows?ensureParent=True 200
2026-07-29 21:22:41.277 UTC [DEBUG   ] ThreadPoolExecutor-0_2 - https://az-phx-001.cognitedata.com:443 "POST /api/v1/projects/bdx-dev/raw/dbs/db_databricks_everest_raw/tables/tb_KNVK/rows?ensureParent=True HTTP/1.1" 200 6
2026-07-29 21:22:41.277 UTC [DEBUG   ] ThreadPoolExecutor-0_2 - HTTP/1.1 POST https://az-phx-001.cognitedata.com/api/v1/projects/bdx-dev/raw/dbs/db_databricks_everest_raw/tables/tb_KNVK/rows?ensureParent=True 200
2026-07-29 21:22:41.667 UTC [DEBUG   ] ThreadPoolExecutor-0_4 - https://az-phx-001.cognitedata.com:443 "POST /api/v1/projects/bdx-dev/raw/dbs/db_databricks_everest_raw/tables/tb_LFA1/rows?ensureParent=True HTTP/1.1" 200 6
2026-07-29 21:22:41.667 UTC [DEBUG   ] ThreadPoolExecutor-0_4 - HTTP/1.1 POST https://az-phx-001.cognitedata.com/api/v1/projects/bdx-dev/raw/dbs/db_databricks_everest_raw/tables/tb_LFA1/rows?ensureParent=True 200
2026-07-29 21:22:42.511 UTC [DEBUG   ] ThreadPoolExecutor-0_3 - https://az-phx-001.cognitedata.com:443 "POST /api/v1/projects/bdx-dev/raw/dbs/db_databricks_everest_raw/tables/tb_LFA1/rows?ensureParent=True HTTP/1.1" 200 6
2026-07-29 21:22:42.511 UTC [DEBUG   ] ThreadPoolExecutor-0_3 - HTTP/1.1 POST https://az-phx-001.cognitedata.com/api/v1/projects/bdx-dev/raw/dbs/db_databricks_everest_raw/tables/tb_LFA1/rows?ensureParent=True 200
2026-07-29 21:22:43.480 UTC [DEBUG   ] ThreadPoolExecutor-0_3 - https://az-phx-001.cognitedata.com:443 "POST /api/v1/projects/bdx-dev/raw/dbs/db_databricks_everest_raw/tables/tb_QMUR/rows?ensureParent=True HTTP/1.1" 200 6
2026-07-29 21:22:43.480 UTC [DEBUG   ] ThreadPoolExecutor-0_3 - HTTP/1.1 POST https://az-phx-001.cognitedata.com/api/v1/projects/bdx-dev/raw/dbs/db_databricks_everest_raw/tables/tb_QMUR/rows?ensureParent=True 200
2026-07-29 21:22:44.011 UTC [DEBUG   ] ThreadPoolExecutor-0_4 - https://az-phx-001.cognitedata.com:443 "POST /api/v1/projects/bdx-dev/raw/dbs/db_databricks_everest_raw/tables/tb_QMUR/rows?ensureParent=True HTTP/1.1" 200 6
2026-07-29 21:22:44.011 UTC [DEBUG   ] ThreadPoolExecutor-0_4 - HTTP/1.1 POST https://az-phx-001.cognitedata.com/api/v1/projects/bdx-dev/raw/dbs/db_databricks_everest_raw/tables/tb_QMUR/rows?ensureParent=True 200
2026-07-29 21:22:44.230 UTC [DEBUG   ] ThreadPoolExecutor-0_0 - https://az-phx-001.cognitedata.com:443 "POST /api/v1/projects/bdx-dev/raw/dbs/db_databricks_everest_raw/tables/tb_QMUR/rows?ensureParent=True HTTP/1.1" 200 6
2026-07-29 21:22:44.230 UTC [DEBUG   ] ThreadPoolExecutor-0_0 - HTTP/1.1 POST https://az-phx-001.cognitedata.com/api/v1/projects/bdx-dev/raw/dbs/db_databricks_everest_raw/tables/tb_QMUR/rows?ensureParent=True 200
2026-07-29 21:22:44.355 UTC [DEBUG   ] ThreadPoolExecutor-0_2 - https://az-phx-001.cognitedata.com:443 "POST /api/v1/projects/bdx-dev/raw/dbs/db_databricks_everest_raw/tables/tb_QMUR/rows?ensureParent=True HTTP/1.1" 200 6
2026-07-29 21:22:44.371 UTC [DEBUG   ] ThreadPoolExecutor-0_2 - HTTP/1.1 POST https://az-phx-001.cognitedata.com/api/v1/projects/bdx-dev/raw/dbs/db_databricks_everest_raw/tables/tb_QMUR/rows?ensureParent=True 200
2026-07-29 21:22:44.371 UTC [DEBUG   ] ThreadPoolExecutor-0_1 - https://az-phx-001.cognitedata.com:443 "POST /api/v1/projects/bdx-dev/raw/dbs/db_databricks_everest_raw/tables/tb_QMUR/rows?ensureParent=True HTTP/1.1" 200 6
2026-07-29 21:22:44.371 UTC [DEBUG   ] ThreadPoolExecutor-0_1 - HTTP/1.1 POST https://az-phx-001.cognitedata.com/api/v1/projects/bdx-dev/raw/dbs/db_databricks_everest_raw/tables/tb_QMUR/rows?ensureParent=True 200
2026-07-29 21:22:44.371 UTC [INFO    ] QueryExecutor_3 - Uploaded 50000 raw rows
2026-07-29 21:22:46.214 UTC [INFO    ] QueryExecutor_1 - Current_row_count for query extract-everest-KNVK: 110000
2026-07-29 21:22:50.359 UTC [INFO    ] QueryExecutor_0 - Current_row_count for query extract-everest-QMUR: 120000
2026-07-29 21:22:51.906 UTC [INFO    ] QueryExecutor_2 - Current_row_count for query extract-everest-QMFE: 90000
2026-07-29 21:22:54.922 UTC [INFO    ] QueryExecutor_3 - Current_row_count for query extract-everest-LFA1: 80000
2026-07-29 21:22:56.593 UTC [INFO    ] QueryExecutor_0 - Current_row_count for query extract-everest-QMUR: 130000
2026-07-29 21:22:58.656 UTC [INFO    ] QueryExecutor_0 - Upload queue reached threshold size 50000/50000, triggering upload
2026-07-29 21:22:59.500 UTC [DEBUG   ] ThreadPoolExecutor-0_1 - https://az-phx-001.cognitedata.com:443 "POST /api/v1/projects/bdx-dev/raw/dbs/db_databricks_everest_raw/tables/tb_QMUR/rows?ensureParent=True HTTP/1.1" 200 6
2026-07-29 21:22:59.500 UTC [DEBUG   ] ThreadPoolExecutor-0_1 - HTTP/1.1 POST https://az-phx-001.cognitedata.com/api/v1/projects/bdx-dev/raw/dbs/db_databricks_everest_raw/tables/tb_QMUR/rows?ensureParent=True 200
2026-07-29 21:22:59.671 UTC [DEBUG   ] ThreadPoolExecutor-0_2 - https://az-phx-001.cognitedata.com:443 "POST /api/v1/projects/bdx-dev/raw/dbs/db_databricks_everest_raw/tables/tb_QMUR/rows?ensureParent=True HTTP/1.1" 200 6
2026-07-29 21:22:59.671 UTC [DEBUG   ] ThreadPoolExecutor-0_2 - HTTP/1.1 POST https://az-phx-001.cognitedata.com/api/v1/projects/bdx-dev/raw/dbs/db_databricks_everest_raw/tables/tb_QMUR/rows?ensureParent=True 200
2026-07-29 21:22:59.828 UTC [DEBUG   ] ThreadPoolExecutor-0_4 - https://az-phx-001.cognitedata.com:443 "POST /api/v1/projects/bdx-dev/raw/dbs/db_databricks_everest_raw/tables/tb_QMUR/rows?ensureParent=True HTTP/1.1" 200 6
2026-07-29 21:22:59.828 UTC [DEBUG   ] ThreadPoolExecutor-0_4 - HTTP/1.1 POST https://az-phx-001.cognitedata.com/api/v1/projects/bdx-dev/raw/dbs/db_databricks_everest_raw/tables/tb_QMUR/rows?ensureParent=True 200
2026-07-29 21:22:59.843 UTC [DEBUG   ] ThreadPoolExecutor-0_3 - https://az-phx-001.cognitedata.com:443 "POST /api/v1/projects/bdx-dev/raw/dbs/db_databricks_everest_raw/tables/tb_QMUR/rows?ensureParent=True HTTP/1.1" 200 6
2026-07-29 21:22:59.843 UTC [DEBUG   ] ThreadPoolExecutor-0_3 - HTTP/1.1 POST https://az-phx-001.cognitedata.com/api/v1/projects/bdx-dev/raw/dbs/db_databricks_everest_raw/tables/tb_QMUR/rows?ensureParent=True 200
2026-07-29 21:22:59.859 UTC [DEBUG   ] ThreadPoolExecutor-0_0 - https://az-phx-001.cognitedata.com:443 "POST /api/v1/projects/bdx-dev/raw/dbs/db_databricks_everest_raw/tables/tb_QMUR/rows?ensureParent=True HTTP/1.1" 200 6
2026-07-29 21:22:59.859 UTC [DEBUG   ] ThreadPoolExecutor-0_0 - HTTP/1.1 POST https://az-phx-001.cognitedata.com/api/v1/projects/bdx-dev/raw/dbs/db_databricks_everest_raw/tables/tb_QMUR/rows?ensureParent=True 200
2026-07-29 21:23:00.546 UTC [DEBUG   ] ThreadPoolExecutor-0_4 - https://az-phx-001.cognitedata.com:443 "POST /api/v1/projects/bdx-dev/raw/dbs/db_databricks_everest_raw/tables/tb_QMFE/rows?ensureParent=True HTTP/1.1" 200 6
2026-07-29 21:23:00.546 UTC [DEBUG   ] ThreadPoolExecutor-0_4 - HTTP/1.1 POST https://az-phx-001.cognitedata.com/api/v1/projects/bdx-dev/raw/dbs/db_databricks_everest_raw/tables/tb_QMFE/rows?ensureParent=True 200
2026-07-29 21:23:00.874 UTC [DEBUG   ] ThreadPoolExecutor-0_2 - https://az-phx-001.cognitedata.com:443 "POST /api/v1/projects/bdx-dev/raw/dbs/db_databricks_everest_raw/tables/tb_QMFE/rows?ensureParent=True HTTP/1.1" 200 6
2026-07-29 21:23:00.874 UTC [DEBUG   ] ThreadPoolExecutor-0_2 - HTTP/1.1 POST https://az-phx-001.cognitedata.com/api/v1/projects/bdx-dev/raw/dbs/db_databricks_everest_raw/tables/tb_QMFE/rows?ensureParent=True 200
2026-07-29 21:23:00.968 UTC [DEBUG   ] ThreadPoolExecutor-0_1 - https://az-phx-001.cognitedata.com:443 "POST /api/v1/projects/bdx-dev/raw/dbs/db_databricks_everest_raw/tables/tb_QMFE/rows?ensureParent=True HTTP/1.1" 200 6
2026-07-29 21:23:00.968 UTC [DEBUG   ] ThreadPoolExecutor-0_1 - HTTP/1.1 POST https://az-phx-001.cognitedata.com/api/v1/projects/bdx-dev/raw/dbs/db_databricks_everest_raw/tables/tb_QMFE/rows?ensureParent=True 200
2026-07-29 21:23:01.843 UTC [DEBUG   ] ThreadPoolExecutor-0_3 - https://az-phx-001.cognitedata.com:443 "POST /api/v1/projects/bdx-dev/raw/dbs/db_databricks_everest_raw/tables/tb_KNVK/rows?ensureParent=True HTTP/1.1" 200 6
2026-07-29 21:23:01.859 UTC [DEBUG   ] ThreadPoolExecutor-0_3 - HTTP/1.1 POST https://az-phx-001.cognitedata.com/api/v1/projects/bdx-dev/raw/dbs/db_databricks_everest_raw/tables/tb_KNVK/rows?ensureParent=True 200
2026-07-29 21:23:01.968 UTC [DEBUG   ] ThreadPoolExecutor-0_0 - https://az-phx-001.cognitedata.com:443 "POST /api/v1/projects/bdx-dev/raw/dbs/db_databricks_everest_raw/tables/tb_KNVK/rows?ensureParent=True HTTP/1.1" 200 6
2026-07-29 21:23:01.984 UTC [DEBUG   ] ThreadPoolExecutor-0_0 - HTTP/1.1 POST https://az-phx-001.cognitedata.com/api/v1/projects/bdx-dev/raw/dbs/db_databricks_everest_raw/tables/tb_KNVK/rows?ensureParent=True 200
2026-07-29 21:23:03.135 UTC [DEBUG   ] ThreadPoolExecutor-0_2 - https://az-phx-001.cognitedata.com:443 "POST /api/v1/projects/bdx-dev/raw/dbs/db_databricks_everest_raw/tables/tb_LFA1/rows?ensureParent=True HTTP/1.1" 200 6
2026-07-29 21:23:03.135 UTC [DEBUG   ] ThreadPoolExecutor-0_2 - HTTP/1.1 POST https://az-phx-001.cognitedata.com/api/v1/projects/bdx-dev/raw/dbs/db_databricks_everest_raw/tables/tb_LFA1/rows?ensureParent=True 200
2026-07-29 21:23:03.135 UTC [INFO    ] QueryExecutor_0 - Uploaded 50000 raw rows
2026-07-29 21:23:05.139 UTC [INFO    ] QueryExecutor_1 - Current_row_count for query extract-everest-KNVK: 120000
2026-07-29 21:23:07.436 UTC [INFO    ] QueryExecutor_0 - Current_row_count for query extract-everest-QMUR: 140000
2026-07-29 21:23:08.373 UTC [INFO    ] QueryExecutor_2 - Current_row_count for query extract-everest-QMFE: 100000
2026-07-29 21:23:13.811 UTC [INFO    ] QueryExecutor_0 - Current_row_count for query extract-everest-QMUR: 150000
2026-07-29 21:23:17.576 UTC [INFO    ] QueryExecutor_1 - Upload queue reached threshold size 50000/50000, triggering upload
2026-07-29 21:23:18.060 UTC [DEBUG   ] ThreadPoolExecutor-0_0 - https://az-phx-001.cognitedata.com:443 "POST /api/v1/projects/bdx-dev/raw/dbs/db_databricks_everest_raw/tables/tb_QMFE/rows?ensureParent=True HTTP/1.1" 200 6
2026-07-29 21:23:18.060 UTC [DEBUG   ] ThreadPoolExecutor-0_0 - HTTP/1.1 POST https://az-phx-001.cognitedata.com/api/v1/projects/bdx-dev/raw/dbs/db_databricks_everest_raw/tables/tb_QMFE/rows?ensureParent=True 200
2026-07-29 21:23:18.295 UTC [DEBUG   ] ThreadPoolExecutor-0_4 - https://az-phx-001.cognitedata.com:443 "POST /api/v1/projects/bdx-dev/raw/dbs/db_databricks_everest_raw/tables/tb_QMFE/rows?ensureParent=True HTTP/1.1" 200 6
2026-07-29 21:23:18.295 UTC [DEBUG   ] ThreadPoolExecutor-0_4 - HTTP/1.1 POST https://az-phx-001.cognitedata.com/api/v1/projects/bdx-dev/raw/dbs/db_databricks_everest_raw/tables/tb_QMFE/rows?ensureParent=True 200
2026-07-29 21:23:18.361 UTC [DEBUG   ] ThreadPoolExecutor-0_3 - https://az-phx-001.cognitedata.com:443 "POST /api/v1/projects/bdx-dev/raw/dbs/db_databricks_everest_raw/tables/tb_QMFE/rows?ensureParent=True HTTP/1.1" 200 6
2026-07-29 21:23:18.361 UTC [DEBUG   ] ThreadPoolExecutor-0_3 - HTTP/1.1 POST https://az-phx-001.cognitedata.com/api/v1/projects/bdx-dev/raw/dbs/db_databricks_everest_raw/tables/tb_QMFE/rows?ensureParent=True 200
2026-07-29 21:23:19.111 UTC [DEBUG   ] ThreadPoolExecutor-0_2 - https://az-phx-001.cognitedata.com:443 "POST /api/v1/projects/bdx-dev/raw/dbs/db_databricks_everest_raw/tables/tb_KNVK/rows?ensureParent=True HTTP/1.1" 200 6
2026-07-29 21:23:19.111 UTC [DEBUG   ] ThreadPoolExecutor-0_2 - HTTP/1.1 POST https://az-phx-001.cognitedata.com/api/v1/projects/bdx-dev/raw/dbs/db_databricks_everest_raw/tables/tb_KNVK/rows?ensureParent=True 200
2026-07-29 21:23:19.143 UTC [DEBUG   ] ThreadPoolExecutor-0_1 - https://az-phx-001.cognitedata.com:443 "POST /api/v1/projects/bdx-dev/raw/dbs/db_databricks_everest_raw/tables/tb_KNVK/rows?ensureParent=True HTTP/1.1" 200 6
2026-07-29 21:23:19.143 UTC [DEBUG   ] ThreadPoolExecutor-0_1 - HTTP/1.1 POST https://az-phx-001.cognitedata.com/api/v1/projects/bdx-dev/raw/dbs/db_databricks_everest_raw/tables/tb_KNVK/rows?ensureParent=True 200
2026-07-29 21:23:19.471 UTC [DEBUG   ] ThreadPoolExecutor-0_3 - https://az-phx-001.cognitedata.com:443 "POST /api/v1/projects/bdx-dev/raw/dbs/db_databricks_everest_raw/tables/tb_LFA1/rows?ensureParent=True HTTP/1.1" 200 6
2026-07-29 21:23:19.471 UTC [DEBUG   ] ThreadPoolExecutor-0_3 - HTTP/1.1 POST https://az-phx-001.cognitedata.com/api/v1/projects/bdx-dev/raw/dbs/db_databricks_everest_raw/tables/tb_LFA1/rows?ensureParent=True 200
2026-07-29 21:23:20.221 UTC [DEBUG   ] ThreadPoolExecutor-0_4 - https://az-phx-001.cognitedata.com:443 "POST /api/v1/projects/bdx-dev/raw/dbs/db_databricks_everest_raw/tables/tb_LFA1/rows?ensureParent=True HTTP/1.1" 200 6
2026-07-29 21:23:20.221 UTC [DEBUG   ] ThreadPoolExecutor-0_4 - HTTP/1.1 POST https://az-phx-001.cognitedata.com/api/v1/projects/bdx-dev/raw/dbs/db_databricks_everest_raw/tables/tb_LFA1/rows?ensureParent=True 200
2026-07-29 21:23:20.658 UTC [DEBUG   ] ThreadPoolExecutor-0_4 - https://az-phx-001.cognitedata.com:443 "POST /api/v1/projects/bdx-dev/raw/dbs/db_databricks_everest_raw/tables/tb_QMUR/rows?ensureParent=True HTTP/1.1" 200 6
2026-07-29 21:23:20.658 UTC [DEBUG   ] ThreadPoolExecutor-0_4 - HTTP/1.1 POST https://az-phx-001.cognitedata.com/api/v1/projects/bdx-dev/raw/dbs/db_databricks_everest_raw/tables/tb_QMUR/rows?ensureParent=True 200
2026-07-29 21:23:20.939 UTC [DEBUG   ] ThreadPoolExecutor-0_2 - https://az-phx-001.cognitedata.com:443 "POST /api/v1/projects/bdx-dev/raw/dbs/db_databricks_everest_raw/tables/tb_QMUR/rows?ensureParent=True HTTP/1.1" 200 6
2026-07-29 21:23:20.939 UTC [DEBUG   ] ThreadPoolExecutor-0_2 - HTTP/1.1 POST https://az-phx-001.cognitedata.com/api/v1/projects/bdx-dev/raw/dbs/db_databricks_everest_raw/tables/tb_QMUR/rows?ensureParent=True 200
2026-07-29 21:23:20.986 UTC [DEBUG   ] ThreadPoolExecutor-0_1 - https://az-phx-001.cognitedata.com:443 "POST /api/v1/projects/bdx-dev/raw/dbs/db_databricks_everest_raw/tables/tb_QMUR/rows?ensureParent=True HTTP/1.1" 200 6
2026-07-29 21:23:20.986 UTC [DEBUG   ] ThreadPoolExecutor-0_1 - HTTP/1.1 POST https://az-phx-001.cognitedata.com/api/v1/projects/bdx-dev/raw/dbs/db_databricks_everest_raw/tables/tb_QMUR/rows?ensureParent=True 200
2026-07-29 21:23:20.986 UTC [DEBUG   ] ThreadPoolExecutor-0_3 - https://az-phx-001.cognitedata.com:443 "POST /api/v1/projects/bdx-dev/raw/dbs/db_databricks_everest_raw/tables/tb_QMUR/rows?ensureParent=True HTTP/1.1" 200 6
2026-07-29 21:23:20.986 UTC [DEBUG   ] ThreadPoolExecutor-0_3 - HTTP/1.1 POST https://az-phx-001.cognitedata.com/api/v1/projects/bdx-dev/raw/dbs/db_databricks_everest_raw/tables/tb_QMUR/rows?ensureParent=True 200
2026-07-29 21:23:21.002 UTC [DEBUG   ] ThreadPoolExecutor-0_0 - https://az-phx-001.cognitedata.com:443 "POST /api/v1/projects/bdx-dev/raw/dbs/db_databricks_everest_raw/tables/tb_QMUR/rows?ensureParent=True HTTP/1.1" 200 6
2026-07-29 21:23:21.002 UTC [DEBUG   ] ThreadPoolExecutor-0_0 - HTTP/1.1 POST https://az-phx-001.cognitedata.com/api/v1/projects/bdx-dev/raw/dbs/db_databricks_everest_raw/tables/tb_QMUR/rows?ensureParent=True 200
2026-07-29 21:23:21.002 UTC [INFO    ] QueryExecutor_1 - Uploaded 50000 raw rows
2026-07-29 21:23:23.549 UTC [INFO    ] QueryExecutor_3 - No more rows for extract-everest-LFA1. 88808 rows extracted in 2.87e+02 seconds
2026-07-29 21:23:23.549 UTC [INFO    ] QueryExecutor_3 - Reporting new success run: No more rows for extract-everest-LFA1. 88808 rows extracted in 2.87e+02 seconds
2026-07-29 21:23:23.611 UTC [DEBUG   ] ThreadPoolExecutor-0_4 - https://az-phx-001.cognitedata.com:443 "POST /api/v1/projects/bdx-dev/extpipes/runs HTTP/1.1" 200 212
2026-07-29 21:23:23.611 UTC [DEBUG   ] ThreadPoolExecutor-0_4 - HTTP/1.1 POST https://az-phx-001.cognitedata.com/api/v1/projects/bdx-dev/extpipes/runs 200
2026-07-29 21:23:24.095 UTC [DEBUG   ] ThreadPoolExecutor-0_1 - https://az-phx-001.cognitedata.com:443 "POST /api/v1/projects/bdx-dev/raw/dbs/db_databricks_everest_raw/tables/tb_QMUR/rows?ensureParent=True HTTP/1.1" 200 6
2026-07-29 21:23:24.095 UTC [DEBUG   ] ThreadPoolExecutor-0_1 - HTTP/1.1 POST https://az-phx-001.cognitedata.com/api/v1/projects/bdx-dev/raw/dbs/db_databricks_everest_raw/tables/tb_QMUR/rows?ensureParent=True 200
2026-07-29 21:23:24.361 UTC [DEBUG   ] ThreadPoolExecutor-0_0 - https://az-phx-001.cognitedata.com:443 "POST /api/v1/projects/bdx-dev/raw/dbs/db_databricks_everest_raw/tables/tb_QMFE/rows?ensureParent=True HTTP/1.1" 200 6
2026-07-29 21:23:24.361 UTC [DEBUG   ] ThreadPoolExecutor-0_0 - HTTP/1.1 POST https://az-phx-001.cognitedata.com/api/v1/projects/bdx-dev/raw/dbs/db_databricks_everest_raw/tables/tb_QMFE/rows?ensureParent=True 200
2026-07-29 21:23:24.783 UTC [DEBUG   ] ThreadPoolExecutor-0_4 - https://az-phx-001.cognitedata.com:443 "POST /api/v1/projects/bdx-dev/raw/dbs/db_databricks_everest_raw/tables/tb_LFA1/rows?ensureParent=True HTTP/1.1" 200 6
2026-07-29 21:23:24.783 UTC [DEBUG   ] ThreadPoolExecutor-0_4 - HTTP/1.1 POST https://az-phx-001.cognitedata.com/api/v1/projects/bdx-dev/raw/dbs/db_databricks_everest_raw/tables/tb_LFA1/rows?ensureParent=True 200
2026-07-29 21:23:24.955 UTC [DEBUG   ] ThreadPoolExecutor-0_1 - https://az-phx-001.cognitedata.com:443 "POST /api/v1/projects/bdx-dev/raw/dbs/db_databricks_everest_raw/tables/tb_KNVK/rows?ensureParent=True HTTP/1.1" 200 6
2026-07-29 21:23:24.970 UTC [DEBUG   ] ThreadPoolExecutor-0_1 - HTTP/1.1 POST https://az-phx-001.cognitedata.com/api/v1/projects/bdx-dev/raw/dbs/db_databricks_everest_raw/tables/tb_KNVK/rows?ensureParent=True 200
2026-07-29 21:23:24.970 UTC [INFO    ] QueryExecutor_3 - Uploaded 8808 raw rows
2026-07-29 21:23:25.267 UTC [INFO    ] QueryExecutor_0 - Current_row_count for query extract-everest-QMUR: 160000
2026-07-29 21:23:25.267 UTC [INFO    ] QueryExecutor_1 - Current_row_count for query extract-everest-KNVK: 130000
2026-07-29 21:23:25.267 UTC [INFO    ] QueryExecutor_2 - Current_row_count for query extract-everest-QMFE: 110000
2026-07-29 21:23:26.595 UTC [INFO    ] QueryExecutor_3 - Connected to db-databricks-raw successfully
2026-07-29 21:23:26.595 UTC [INFO    ] QueryExecutor_3 - Starting extraction of extract-everest-QALS
2026-07-29 21:23:26.595 UTC [INFO    ] QueryExecutor_3 - Getting rows from odbc
2026-07-29 21:23:28.158 UTC [INFO    ] QueryExecutor_3 - No more rows for extract-everest-QALS. 10 rows extracted in 1.56 seconds
2026-07-29 21:23:28.158 UTC [INFO    ] QueryExecutor_3 - Reporting new success run: No more rows for extract-everest-QALS. 10 rows extracted in 1.56 seconds
2026-07-29 21:23:28.189 UTC [DEBUG   ] ThreadPoolExecutor-0_0 - https://az-phx-001.cognitedata.com:443 "POST /api/v1/projects/bdx-dev/extpipes/runs HTTP/1.1" 200 205
2026-07-29 21:23:28.189 UTC [DEBUG   ] ThreadPoolExecutor-0_0 - HTTP/1.1 POST https://az-phx-001.cognitedata.com/api/v1/projects/bdx-dev/extpipes/runs 200
2026-07-29 21:23:28.892 UTC [DEBUG   ] ThreadPoolExecutor-0_4 - https://az-phx-001.cognitedata.com:443 "POST /api/v1/projects/bdx-dev/raw/dbs/db_databricks_everest_raw/tables/tb_QMFE/rows?ensureParent=True HTTP/1.1" 200 6
2026-07-29 21:23:28.892 UTC [DEBUG   ] ThreadPoolExecutor-0_4 - HTTP/1.1 POST https://az-phx-001.cognitedata.com/api/v1/projects/bdx-dev/raw/dbs/db_databricks_everest_raw/tables/tb_QMFE/rows?ensureParent=True 200
2026-07-29 21:23:29.330 UTC [DEBUG   ] ThreadPoolExecutor-0_3 - https://az-phx-001.cognitedata.com:443 "POST /api/v1/projects/bdx-dev/raw/dbs/db_databricks_everest_raw/tables/tb_QMUR/rows?ensureParent=True HTTP/1.1" 200 6
2026-07-29 21:23:29.330 UTC [DEBUG   ] ThreadPoolExecutor-0_3 - HTTP/1.1 POST https://az-phx-001.cognitedata.com/api/v1/projects/bdx-dev/raw/dbs/db_databricks_everest_raw/tables/tb_QMUR/rows?ensureParent=True 200
2026-07-29 21:23:29.377 UTC [DEBUG   ] ThreadPoolExecutor-0_1 - https://az-phx-001.cognitedata.com:443 "POST /api/v1/projects/bdx-dev/raw/dbs/db_databricks_everest_raw/tables/tb_QMUR/rows?ensureParent=True HTTP/1.1" 200 6
2026-07-29 21:23:29.392 UTC [DEBUG   ] ThreadPoolExecutor-0_1 - HTTP/1.1 POST https://az-phx-001.cognitedata.com/api/v1/projects/bdx-dev/raw/dbs/db_databricks_everest_raw/tables/tb_QMUR/rows?ensureParent=True 200
2026-07-29 21:23:30.017 UTC [DEBUG   ] ThreadPoolExecutor-0_2 - https://az-phx-001.cognitedata.com:443 "POST /api/v1/projects/bdx-dev/raw/dbs/db_databricks_everest_raw/tables/tb_KNVK/rows?ensureParent=True HTTP/1.1" 200 6
2026-07-29 21:23:30.033 UTC [DEBUG   ] ThreadPoolExecutor-0_2 - HTTP/1.1 POST https://az-phx-001.cognitedata.com/api/v1/projects/bdx-dev/raw/dbs/db_databricks_everest_raw/tables/tb_KNVK/rows?ensureParent=True 200
2026-07-29 21:23:30.142 UTC [DEBUG   ] ThreadPoolExecutor-0_0 - https://az-phx-001.cognitedata.com:443 "POST /api/v1/projects/bdx-dev/raw/dbs/db_databricks_everest_raw/tables/tb_QALS/rows?ensureParent=True HTTP/1.1" 200 6
2026-07-29 21:23:30.142 UTC [DEBUG   ] ThreadPoolExecutor-0_0 - HTTP/1.1 POST https://az-phx-001.cognitedata.com/api/v1/projects/bdx-dev/raw/dbs/db_databricks_everest_raw/tables/tb_QALS/rows?ensureParent=True 200
2026-07-29 21:23:30.142 UTC [INFO    ] QueryExecutor_3 - Uploaded 17010 raw rows
2026-07-29 21:23:30.970 UTC [INFO    ] QueryExecutor_3 - Connected to db-databricks-raw successfully
2026-07-29 21:23:30.970 UTC [INFO    ] QueryExecutor_3 - Starting extraction of extract-everest-QAMR
2026-07-29 21:23:30.986 UTC [INFO    ] QueryExecutor_3 - Getting rows from odbc
2026-07-29 21:23:31.205 UTC [INFO    ] QueryExecutor_0 - Current_row_count for query extract-everest-QMUR: 170000
2026-07-29 21:23:31.611 UTC [ERROR   ] QueryExecutor_3 - DB error in extract-everest-QAMR: ('42703', '[42703] [Databricks][Hardy] (80) Syntax or semantic analysis error thrown in server while executing query. Error message from server: org.apache.hive.service.cli.HiveSQLException: Error running query: [UNRESOLVED_COLUMN.WITH_SUGGESTION] org.apache.spark.sql.catalyst.ExtendedAnalysisException: [UNRESOLVED_COLUMN.WITH_SUGGESTION] A column, variable, or function parameter with name `DETAILERG` cannot be resolved. Did you mean one of the following? [`ERSTELLER`, `AENDERER`, `ANTEIL`, `ANTEILNI`, `ANTEILO`]. SQLSTATE: 42703; line 1 pos 71\n\tat org.apache.spark.sql.hive.thriftserver.HiveThriftServerErrors$.runningQueryError(HiveThriftServerErrors.scala:58)\n\tat org.apache.spark.sql.hive.thriftserver.SparkExecuteStatementOperation.$anonfun$execute$1(SparkExecuteStatementOperation.scala:1205)\n\tat scala.runtime.java8.JFunction0$mcV$sp.apply(JFunction0$mcV$sp.scala:18)\n\tat com.databricks.unity.UCSEphemeralState$Handle.runWith(UCSEphemeralState.scala:51)\n\tat com.databricks.unity.HandleImpl.runWith(UCSHandle.scala:128)\n\tat org.apache.spark.sql.hive.thriftserver.SparkExecuteStatementOperation.org$apache$spark$sql$hive$thriftserver$SparkExecuteStatementOperation$$execute(SparkExecuteStatementOperation.scala:898)\n\tat org.apache.spark.sql.hive.thriftserver.SparkExecuteStatementOperation$$anon$2$$anon$3.$anonfun$run$6(SparkExecuteStatementOperation.scala:647)\n\tat scala.runtime.java8.JFunction0$mcV$sp.apply(JFunction0$mcV$sp.scala:18)\n\tat org.apache.spark.sql.execution.SQLExecution$.withRootExecution(SQLExecution.scala:1498)\n\tat org.apache.spark.sql.hive.thriftserver.SparkExecuteStatementOperation$$anon$2$$anon$3.$anonfun$run$3(SparkExecuteStatementOperation.scala:647)\n\tat scala.runtime.java8.JFunction0$mcV$sp.apply(JFunction0$mcV$sp.scala:18)\n\tat com.databricks.util.TracingSpanUtils$.withTracing(TracingSpanUtils.scala:251)\n\tat com.databricks.spark.util.DatabricksTracingHelper.withSpan(DatabricksSparkTracingHelper.scala:154)\n\tat com.databricks.spark.util.DBRTracing$.withSpan(DBRTracing.scala:87)\n\tat org.apache.spark.sql.hive.thriftserver.ThriftLocalProperties.$anonfun$withLocalProperties$18(ThriftLocalProperties.scala:366)\n\tat com.databricks.logging.AttributionContextTracing.$anonfun$withAttributionContext$1(AttributionContextTracing.scala:146)\n\tat com.databricks.logging.AttributionContext$.$anonfun$withValue$1(AttributionContext.scala:349)\n\tat scala.util.DynamicVariable.withValue(DynamicVariable.scala:59)\n\tat com.databricks.logging.AttributionContext$.withValue(AttributionContext.scala:345)\n\tat com.databricks.logging.AttributionContextTracing.withAttributionContext(AttributionContextTracing.scala:144)\n\tat com.databricks.logging.AttributionContextTracing.withAttributionContext$(AttributionContextTracing.scala:141)\n\tat com.databricks.spark.util.PublicDBLogging.withAttributionContext(DatabricksSparkUsageLogger.scala:29)\n\tat com.databricks.logging.AttributionContextTracing.withAttributionTags(AttributionContextTracing.scala:201)\n\tat com.databricks.logging.AttributionContextTracing.withAttributionTags$(AttributionContextTracing.scala:182)\n\tat com.databricks.spark.util.PublicDBLogging.withAttributionTags(DatabricksSparkUsageLogger.scala:29)\n\tat com.databricks.spark.util.PublicDBLogging.withAttributionTags0(DatabricksSparkUsageLogger.scala:108)\n\tat com.databricks.spark.util.DatabricksSparkUsageLogger.withAttributionTags(DatabricksSparkUsageLogger.scala:215)\n\tat com.databricks.spark.util.UsageLogging.$anonfun$withAttributionTags$1(UsageLogger.scala:668)\n\tat com.databricks.spark.util.UsageLogging$.withAttributionTags(UsageLogger.scala:780)\n\tat com.databricks.spark.util.UsageLogging$.withAttributionTags(UsageLogger.scala:789)\n\tat com.databricks.spark.util.UsageLogging.withAttributionTags(UsageLogger.scala:668)\n\tat com.databricks.spark.util.UsageLogging.withAttributionTags$(UsageLogger.scala:666)\n\tat org.apache.spark.sql.hive.thriftserver.SparkExecuteStatementOperation.withAttributionTags(SparkExecuteStatementOperation.scala:79)\n\tat org.apache.spark.sql.hive.thriftserver.ThriftLocalProperties.$anonfun$withLocalProperties$15(ThriftLocalProperties.scala:365)\n\tat com.databricks.spark.util.IdentityClaim$.withClaim(IdentityClaim.scala:48)\n\tat org.apache.spark.sql.hive.thriftserver.ThriftLocalProperties.withLocalProperties(ThriftLocalProperties.scala:360)\n\tat org.apache.spark.sql.hive.thriftserver.ThriftLocalProperties.withLocalProperties$(ThriftLocalProperties.scala:180)\n\tat org.apache.spark.sql.hive.thriftserver.SparkExecuteStatementOperation.withLocalProperties(SparkExecuteStatementOperation.scala:79)\n\tat org.apache.spark.sql.hive.thriftserver.SparkExecuteStatementOperation$$anon$2$$anon$3.$anonfun$run$2(SparkExecuteStatementOperation.scala:623)\n\tat scala.runtime.java8.JFunction0$mcV$sp.apply(JFunction0$mcV$sp.scala:18)\n\tat com.databricks.spark.util.DBRTracing$.withSpanFromParent(DBRTracing.scala:70)\n\tat org.apache.spark.sql.hive.thriftserver.SparkExecuteStatementOperation$$anon$2$$anon$3.run(SparkExecuteStatementOperation.scala:623)\n\tat org.apache.spark.sql.hive.thriftserver.SparkExecuteStatementOperation$$anon$2$$anon$3.run(SparkExecuteStatementOperation.scala:596)\n\tat java.base/java.security.AccessController.doPrivileged(AccessController.java:712)\n\tat java.base/javax.security.auth.Subject.doAs(Subject.java:439)\n\tat org.apache.hadoop.security.UserGroupInformation.doAs(UserGroupInformation.java:1953)\n\tat org.apache.spark.sql.hive.thriftserver.SparkExecuteStatementOperation$$anon$2.run(SparkExecuteStatementOperation.scala:661)\n\tat java.base/java.util.concurrent.Executors$RunnableAdapter.call(Executors.java:539)\n\tat java.base/java.util.concurrent.FutureTask.run(FutureTask.java:264)\n\tat java.base/java.util.concurrent.ThreadPoolExecutor.runWorker(ThreadPoolExecutor.java:1136)\n\tat java.base/java.util.concurrent.ThreadPoolExecutor$Worker.run(ThreadPoolExecutor.java:635)\n\tat java.base/java.lang.Thread.run(Thread.java:840)\nCaused by: org.apache.spark.sql.catalyst.ExtendedAnalysisException: [UNRESOLVED_COLUMN.WITH_SUGGESTION] A column, variable, or function parameter with name `DETAILERG` cannot be resolved. Did you mean one of the following? [`ERSTELLER`, `AENDERER`, `ANTEIL`, `ANTEILNI`, `ANTEILO`]. SQLSTATE: 42703; line 1 pos 71\n\tat org.apache.spark.sql.catalyst.ExtendedAnalysisException.copyPlan(ExtendedAnalysisException.scala:97)\n\tat org.apache.spark.sql.hive.thriftserver.SparkExecuteStatementOperation.$anonfun$execute$1(SparkExecuteStatementOperation.scala:1158)\n\t... 50 more\n (80) (SQLExecDirectW)')
2026-07-29 21:23:31.955 UTC [DEBUG   ] ThreadPoolExecutor-0_1 - https://az-phx-001.cognitedata.com:443 "POST /api/v1/projects/bdx-dev/raw/dbs/db_databricks_everest_raw/tables/tb_QMUR/rows?ensureParent=True HTTP/1.1" 200 6
2026-07-29 21:23:31.955 UTC [DEBUG   ] ThreadPoolExecutor-0_1 - HTTP/1.1 POST https://az-phx-001.cognitedata.com/api/v1/projects/bdx-dev/raw/dbs/db_databricks_everest_raw/tables/tb_QMUR/rows?ensureParent=True 200
2026-07-29 21:23:32.205 UTC [DEBUG   ] ThreadPoolExecutor-0_2 - https://az-phx-001.cognitedata.com:443 "POST /api/v1/projects/bdx-dev/raw/dbs/db_databricks_everest_raw/tables/tb_QMFE/rows?ensureParent=True HTTP/1.1" 200 6
2026-07-29 21:23:32.205 UTC [DEBUG   ] ThreadPoolExecutor-0_2 - HTTP/1.1 POST https://az-phx-001.cognitedata.com/api/v1/projects/bdx-dev/raw/dbs/db_databricks_everest_raw/tables/tb_QMFE/rows?ensureParent=True 200
2026-07-29 21:23:32.470 UTC [DEBUG   ] ThreadPoolExecutor-0_0 - https://az-phx-001.cognitedata.com:443 "POST /api/v1/projects/bdx-dev/raw/dbs/db_databricks_everest_raw/tables/tb_KNVK/rows?ensureParent=True HTTP/1.1" 200 6
2026-07-29 21:23:32.470 UTC [DEBUG   ] ThreadPoolExecutor-0_0 - HTTP/1.1 POST https://az-phx-001.cognitedata.com/api/v1/projects/bdx-dev/raw/dbs/db_databricks_everest_raw/tables/tb_KNVK/rows?ensureParent=True 200
2026-07-29 21:23:32.470 UTC [INFO    ] QueryExecutor_3 - Uploaded 8000 raw rows
2026-07-29 21:23:33.001 UTC [ERROR   ] QueryExecutor_3 - Error in extraction of extract-everest-QAMR: 
2026-07-29 21:23:33.001 UTC [INFO    ] QueryExecutor_3 - Reporting new failure run: Error in extraction of extract-everest-QAMR: 
2026-07-29 21:23:33.079 UTC [DEBUG   ] ThreadPoolExecutor-0_1 - https://az-phx-001.cognitedata.com:443 "POST /api/v1/projects/bdx-dev/extpipes/runs HTTP/1.1" 200 177
2026-07-29 21:23:33.079 UTC [DEBUG   ] ThreadPoolExecutor-0_1 - HTTP/1.1 POST https://az-phx-001.cognitedata.com/api/v1/projects/bdx-dev/extpipes/runs 200
2026-07-29 21:23:33.490 UTC [INFO    ] QueryExecutor_3 - Connected to db-databricks-raw successfully
2026-07-29 21:23:33.490 UTC [INFO    ] QueryExecutor_3 - Starting extraction of extract-everest-QAVE
2026-07-29 21:23:33.490 UTC [INFO    ] QueryExecutor_3 - Getting rows from odbc
2026-07-29 21:23:34.521 UTC [INFO    ] QueryExecutor_3 - No more rows for extract-everest-QAVE. 10 rows extracted in 1.03 seconds
2026-07-29 21:23:34.521 UTC [INFO    ] QueryExecutor_3 - Reporting new success run: No more rows for extract-everest-QAVE. 10 rows extracted in 1.03 seconds
2026-07-29 21:23:34.615 UTC [DEBUG   ] ThreadPoolExecutor-0_2 - https://az-phx-001.cognitedata.com:443 "POST /api/v1/projects/bdx-dev/extpipes/runs HTTP/1.1" 200 205
2026-07-29 21:23:34.615 UTC [DEBUG   ] ThreadPoolExecutor-0_2 - HTTP/1.1 POST https://az-phx-001.cognitedata.com/api/v1/projects/bdx-dev/extpipes/runs 200
2026-07-29 21:23:34.958 UTC [DEBUG   ] ThreadPoolExecutor-0_0 - https://az-phx-001.cognitedata.com:443 "POST /api/v1/projects/bdx-dev/raw/dbs/db_databricks_everest_raw/tables/tb_QMFE/rows?ensureParent=True HTTP/1.1" 200 6
2026-07-29 21:23:34.958 UTC [DEBUG   ] ThreadPoolExecutor-0_0 - HTTP/1.1 POST https://az-phx-001.cognitedata.com/api/v1/projects/bdx-dev/raw/dbs/db_databricks_everest_raw/tables/tb_QMFE/rows?ensureParent=True 200
2026-07-29 21:23:35.130 UTC [DEBUG   ] ThreadPoolExecutor-0_4 - https://az-phx-001.cognitedata.com:443 "POST /api/v1/projects/bdx-dev/raw/dbs/db_databricks_everest_raw/tables/tb_QMUR/rows?ensureParent=True HTTP/1.1" 200 6
2026-07-29 21:23:35.130 UTC [DEBUG   ] ThreadPoolExecutor-0_4 - HTTP/1.1 POST https://az-phx-001.cognitedata.com/api/v1/projects/bdx-dev/raw/dbs/db_databricks_everest_raw/tables/tb_QMUR/rows?ensureParent=True 200
2026-07-29 21:23:35.333 UTC [DEBUG   ] ThreadPoolExecutor-0_1 - https://az-phx-001.cognitedata.com:443 "POST /api/v1/projects/bdx-dev/raw/dbs/db_databricks_everest_raw/tables/tb_QMUR/rows?ensureParent=True HTTP/1.1" 200 6
2026-07-29 21:23:35.333 UTC [DEBUG   ] ThreadPoolExecutor-0_1 - HTTP/1.1 POST https://az-phx-001.cognitedata.com/api/v1/projects/bdx-dev/raw/dbs/db_databricks_everest_raw/tables/tb_QMUR/rows?ensureParent=True 200
2026-07-29 21:23:35.693 UTC [DEBUG   ] ThreadPoolExecutor-0_3 - https://az-phx-001.cognitedata.com:443 "POST /api/v1/projects/bdx-dev/raw/dbs/db_databricks_everest_raw/tables/tb_KNVK/rows?ensureParent=True HTTP/1.1" 200 6
2026-07-29 21:23:35.693 UTC [DEBUG   ] ThreadPoolExecutor-0_3 - HTTP/1.1 POST https://az-phx-001.cognitedata.com/api/v1/projects/bdx-dev/raw/dbs/db_databricks_everest_raw/tables/tb_KNVK/rows?ensureParent=True 200
2026-07-29 21:23:35.818 UTC [DEBUG   ] ThreadPoolExecutor-0_2 - https://az-phx-001.cognitedata.com:443 "POST /api/v1/projects/bdx-dev/raw/dbs/db_databricks_everest_raw/tables/tb_QAVE/rows?ensureParent=True HTTP/1.1" 200 6
2026-07-29 21:23:35.818 UTC [DEBUG   ] ThreadPoolExecutor-0_2 - HTTP/1.1 POST https://az-phx-001.cognitedata.com/api/v1/projects/bdx-dev/raw/dbs/db_databricks_everest_raw/tables/tb_QAVE/rows?ensureParent=True 200
2026-07-29 21:23:35.818 UTC [INFO    ] QueryExecutor_3 - Uploaded 12010 raw rows
2026-07-29 21:23:36.115 UTC [INFO    ] QueryExecutor_2 - Current_row_count for query extract-everest-QMFE: 120000
2026-07-29 21:23:36.880 UTC [INFO    ] QueryExecutor_0 - Current_row_count for query extract-everest-QMUR: 180000
2026-07-29 21:23:36.912 UTC [INFO    ] QueryExecutor_3 - Connected to db-databricks-raw successfully
2026-07-29 21:23:36.912 UTC [INFO    ] QueryExecutor_3 - Starting extraction of extract-everest-QMAT
2026-07-29 21:23:36.912 UTC [INFO    ] QueryExecutor_3 - Getting rows from odbc
2026-07-29 21:23:36.990 UTC [INFO    ] QueryExecutor_1 - Current_row_count for query extract-everest-KNVK: 140000
2026-07-29 21:23:38.193 UTC [INFO    ] QueryExecutor_3 - No more rows for extract-everest-QMAT. 10 rows extracted in 1.28 seconds
2026-07-29 21:23:38.193 UTC [INFO    ] QueryExecutor_3 - Reporting new success run: No more rows for extract-everest-QMAT. 10 rows extracted in 1.28 seconds
2026-07-29 21:23:38.240 UTC [DEBUG   ] ThreadPoolExecutor-0_1 - https://az-phx-001.cognitedata.com:443 "POST /api/v1/projects/bdx-dev/extpipes/runs HTTP/1.1" 200 205
2026-07-29 21:23:38.240 UTC [DEBUG   ] ThreadPoolExecutor-0_1 - HTTP/1.1 POST https://az-phx-001.cognitedata.com/api/v1/projects/bdx-dev/extpipes/runs 200
2026-07-29 21:23:38.693 UTC [DEBUG   ] ThreadPoolExecutor-0_3 - https://az-phx-001.cognitedata.com:443 "POST /api/v1/projects/bdx-dev/raw/dbs/db_databricks_everest_raw/tables/tb_QMFE/rows?ensureParent=True HTTP/1.1" 200 6
2026-07-29 21:23:38.693 UTC [DEBUG   ] ThreadPoolExecutor-0_3 - HTTP/1.1 POST https://az-phx-001.cognitedata.com/api/v1/projects/bdx-dev/raw/dbs/db_databricks_everest_raw/tables/tb_QMFE/rows?ensureParent=True 200
2026-07-29 21:23:38.849 UTC [DEBUG   ] ThreadPoolExecutor-0_0 - https://az-phx-001.cognitedata.com:443 "POST /api/v1/projects/bdx-dev/raw/dbs/db_databricks_everest_raw/tables/tb_QMUR/rows?ensureParent=True HTTP/1.1" 200 6
2026-07-29 21:23:38.849 UTC [DEBUG   ] ThreadPoolExecutor-0_0 - HTTP/1.1 POST https://az-phx-001.cognitedata.com/api/v1/projects/bdx-dev/raw/dbs/db_databricks_everest_raw/tables/tb_QMUR/rows?ensureParent=True 200
2026-07-29 21:23:39.099 UTC [DEBUG   ] ThreadPoolExecutor-0_2 - https://az-phx-001.cognitedata.com:443 "POST /api/v1/projects/bdx-dev/raw/dbs/db_databricks_everest_raw/tables/tb_QMUR/rows?ensureParent=True HTTP/1.1" 200 6
2026-07-29 21:23:39.099 UTC [DEBUG   ] ThreadPoolExecutor-0_2 - HTTP/1.1 POST https://az-phx-001.cognitedata.com/api/v1/projects/bdx-dev/raw/dbs/db_databricks_everest_raw/tables/tb_QMUR/rows?ensureParent=True 200
2026-07-29 21:23:39.505 UTC [DEBUG   ] ThreadPoolExecutor-0_4 - https://az-phx-001.cognitedata.com:443 "POST /api/v1/projects/bdx-dev/raw/dbs/db_databricks_everest_raw/tables/tb_KNVK/rows?ensureParent=True HTTP/1.1" 200 6
2026-07-29 21:23:39.505 UTC [DEBUG   ] ThreadPoolExecutor-0_4 - HTTP/1.1 POST https://az-phx-001.cognitedata.com/api/v1/projects/bdx-dev/raw/dbs/db_databricks_everest_raw/tables/tb_KNVK/rows?ensureParent=True 200
2026-07-29 21:23:39.583 UTC [DEBUG   ] ThreadPoolExecutor-0_1 - https://az-phx-001.cognitedata.com:443 "POST /api/v1/projects/bdx-dev/raw/dbs/db_databricks_everest_raw/tables/tb_QMAT/rows?ensureParent=True HTTP/1.1" 200 6
2026-07-29 21:23:39.583 UTC [DEBUG   ] ThreadPoolExecutor-0_1 - HTTP/1.1 POST https://az-phx-001.cognitedata.com/api/v1/projects/bdx-dev/raw/dbs/db_databricks_everest_raw/tables/tb_QMAT/rows?ensureParent=True 200
2026-07-29 21:23:39.583 UTC [INFO    ] QueryExecutor_3 - Uploaded 13010 raw rows
2026-07-29 21:23:40.333 UTC [INFO    ] QueryExecutor_3 - Connected to db-databricks-raw successfully
2026-07-29 21:23:40.333 UTC [INFO    ] QueryExecutor_3 - Starting extraction of extract-everest-QPGR
2026-07-29 21:23:40.333 UTC [INFO    ] QueryExecutor_3 - Getting rows from odbc
2026-07-29 21:23:41.974 UTC [INFO    ] QueryExecutor_3 - No more rows for extract-everest-QPGR. 2912 rows extracted in 1.64 seconds
2026-07-29 21:23:41.974 UTC [INFO    ] QueryExecutor_3 - Reporting new success run: No more rows for extract-everest-QPGR. 2912 rows extracted in 1.64 seconds
2026-07-29 21:23:42.068 UTC [DEBUG   ] ThreadPoolExecutor-0_2 - https://az-phx-001.cognitedata.com:443 "POST /api/v1/projects/bdx-dev/extpipes/runs HTTP/1.1" 200 207
2026-07-29 21:23:42.068 UTC [DEBUG   ] ThreadPoolExecutor-0_2 - HTTP/1.1 POST https://az-phx-001.cognitedata.com/api/v1/projects/bdx-dev/extpipes/runs 200
2026-07-29 21:23:42.536 UTC [DEBUG   ] ThreadPoolExecutor-0_4 - https://az-phx-001.cognitedata.com:443 "POST /api/v1/projects/bdx-dev/raw/dbs/db_databricks_everest_raw/tables/tb_QMUR/rows?ensureParent=True HTTP/1.1" 200 6
2026-07-29 21:23:42.536 UTC [DEBUG   ] ThreadPoolExecutor-0_4 - HTTP/1.1 POST https://az-phx-001.cognitedata.com/api/v1/projects/bdx-dev/raw/dbs/db_databricks_everest_raw/tables/tb_QMUR/rows?ensureParent=True 200
2026-07-29 21:23:42.927 UTC [DEBUG   ] ThreadPoolExecutor-0_1 - https://az-phx-001.cognitedata.com:443 "POST /api/v1/projects/bdx-dev/raw/dbs/db_databricks_everest_raw/tables/tb_QMFE/rows?ensureParent=True HTTP/1.1" 200 6
2026-07-29 21:23:42.927 UTC [DEBUG   ] ThreadPoolExecutor-0_1 - HTTP/1.1 POST https://az-phx-001.cognitedata.com/api/v1/projects/bdx-dev/raw/dbs/db_databricks_everest_raw/tables/tb_QMFE/rows?ensureParent=True 200
2026-07-29 21:23:43.333 UTC [DEBUG   ] ThreadPoolExecutor-0_2 - https://az-phx-001.cognitedata.com:443 "POST /api/v1/projects/bdx-dev/raw/dbs/db_databricks_everest_raw/tables/tb_KNVK/rows?ensureParent=True HTTP/1.1" 200 6
2026-07-29 21:23:43.333 UTC [DEBUG   ] ThreadPoolExecutor-0_2 - HTTP/1.1 POST https://az-phx-001.cognitedata.com/api/v1/projects/bdx-dev/raw/dbs/db_databricks_everest_raw/tables/tb_KNVK/rows?ensureParent=True 200
2026-07-29 21:23:44.067 UTC [DEBUG   ] ThreadPoolExecutor-0_4 - https://az-phx-001.cognitedata.com:443 "POST /api/v1/projects/bdx-dev/raw/dbs/db_databricks_everest_raw/tables/tb_QPGR/rows?ensureParent=True HTTP/1.1" 200 6
2026-07-29 21:23:44.067 UTC [DEBUG   ] ThreadPoolExecutor-0_4 - HTTP/1.1 POST https://az-phx-001.cognitedata.com/api/v1/projects/bdx-dev/raw/dbs/db_databricks_everest_raw/tables/tb_QPGR/rows?ensureParent=True 200
2026-07-29 21:23:44.067 UTC [INFO    ] QueryExecutor_3 - Uploaded 13912 raw rows
2026-07-29 21:23:44.771 UTC [INFO    ] QueryExecutor_0 - Current_row_count for query extract-everest-QMUR: 190000
2026-07-29 21:23:44.802 UTC [INFO    ] QueryExecutor_3 - Connected to db-databricks-raw successfully
2026-07-29 21:23:44.802 UTC [INFO    ] QueryExecutor_3 - Starting extraction of extract-everest-QPGT
2026-07-29 21:23:44.802 UTC [INFO    ] QueryExecutor_3 - Getting rows from odbc
2026-07-29 21:23:47.161 UTC [INFO    ] QueryExecutor_2 - Current_row_count for query extract-everest-QMFE: 130000
2026-07-29 21:23:48.509 UTC [INFO    ] QueryExecutor_3 - Current_row_count for query extract-everest-QPGT: 10000
2026-07-29 21:23:50.681 UTC [INFO    ] QueryExecutor_3 - Current_row_count for query extract-everest-QPGT: 20000
2026-07-29 21:23:50.993 UTC [INFO    ] QueryExecutor_0 - Current_row_count for query extract-everest-QMUR: 200000
2026-07-29 21:23:51.649 UTC [INFO    ] QueryExecutor_1 - Current_row_count for query extract-everest-KNVK: 150000
2026-07-29 21:23:51.649 UTC [INFO    ] QueryExecutor_1 - Upload queue reached threshold size 50000/50000, triggering upload
2026-07-29 21:23:52.087 UTC [DEBUG   ] ThreadPoolExecutor-0_2 - https://az-phx-001.cognitedata.com:443 "POST /api/v1/projects/bdx-dev/raw/dbs/db_databricks_everest_raw/tables/tb_QMUR/rows?ensureParent=True HTTP/1.1" 200 6
2026-07-29 21:23:52.087 UTC [DEBUG   ] ThreadPoolExecutor-0_2 - HTTP/1.1 POST https://az-phx-001.cognitedata.com/api/v1/projects/bdx-dev/raw/dbs/db_databricks_everest_raw/tables/tb_QMUR/rows?ensureParent=True 200
2026-07-29 21:23:52.149 UTC [DEBUG   ] ThreadPoolExecutor-0_1 - https://az-phx-001.cognitedata.com:443 "POST /api/v1/projects/bdx-dev/raw/dbs/db_databricks_everest_raw/tables/tb_QMUR/rows?ensureParent=True HTTP/1.1" 200 6
2026-07-29 21:23:52.149 UTC [DEBUG   ] ThreadPoolExecutor-0_1 - HTTP/1.1 POST https://az-phx-001.cognitedata.com/api/v1/projects/bdx-dev/raw/dbs/db_databricks_everest_raw/tables/tb_QMUR/rows?ensureParent=True 200
2026-07-29 21:23:52.196 UTC [DEBUG   ] ThreadPoolExecutor-0_0 - https://az-phx-001.cognitedata.com:443 "POST /api/v1/projects/bdx-dev/raw/dbs/db_databricks_everest_raw/tables/tb_QMUR/rows?ensureParent=True HTTP/1.1" 200 6
2026-07-29 21:23:52.196 UTC [DEBUG   ] ThreadPoolExecutor-0_0 - HTTP/1.1 POST https://az-phx-001.cognitedata.com/api/v1/projects/bdx-dev/raw/dbs/db_databricks_everest_raw/tables/tb_QMUR/rows?ensureParent=True 200
2026-07-29 21:23:52.477 UTC [DEBUG   ] ThreadPoolExecutor-0_3 - https://az-phx-001.cognitedata.com:443 "POST /api/v1/projects/bdx-dev/raw/dbs/db_databricks_everest_raw/tables/tb_KNVK/rows?ensureParent=True HTTP/1.1" 200 6
2026-07-29 21:23:52.477 UTC [DEBUG   ] ThreadPoolExecutor-0_3 - HTTP/1.1 POST https://az-phx-001.cognitedata.com/api/v1/projects/bdx-dev/raw/dbs/db_databricks_everest_raw/tables/tb_KNVK/rows?ensureParent=True 200
2026-07-29 21:23:52.899 UTC [DEBUG   ] ThreadPoolExecutor-0_4 - https://az-phx-001.cognitedata.com:443 "POST /api/v1/projects/bdx-dev/raw/dbs/db_databricks_everest_raw/tables/tb_KNVK/rows?ensureParent=True HTTP/1.1" 200 6
2026-07-29 21:23:52.899 UTC [DEBUG   ] ThreadPoolExecutor-0_4 - HTTP/1.1 POST https://az-phx-001.cognitedata.com/api/v1/projects/bdx-dev/raw/dbs/db_databricks_everest_raw/tables/tb_KNVK/rows?ensureParent=True 200
2026-07-29 21:23:53.212 UTC [DEBUG   ] ThreadPoolExecutor-0_0 - https://az-phx-001.cognitedata.com:443 "POST /api/v1/projects/bdx-dev/raw/dbs/db_databricks_everest_raw/tables/tb_QMFE/rows?ensureParent=True HTTP/1.1" 200 6
2026-07-29 21:23:53.212 UTC [DEBUG   ] ThreadPoolExecutor-0_0 - HTTP/1.1 POST https://az-phx-001.cognitedata.com/api/v1/projects/bdx-dev/raw/dbs/db_databricks_everest_raw/tables/tb_QMFE/rows?ensureParent=True 200
2026-07-29 21:23:53.524 UTC [DEBUG   ] ThreadPoolExecutor-0_1 - https://az-phx-001.cognitedata.com:443 "POST /api/v1/projects/bdx-dev/raw/dbs/db_databricks_everest_raw/tables/tb_QMFE/rows?ensureParent=True HTTP/1.1" 200 6
2026-07-29 21:23:53.524 UTC [DEBUG   ] ThreadPoolExecutor-0_1 - HTTP/1.1 POST https://az-phx-001.cognitedata.com/api/v1/projects/bdx-dev/raw/dbs/db_databricks_everest_raw/tables/tb_QMFE/rows?ensureParent=True 200
2026-07-29 21:23:58.915 UTC [DEBUG   ] ThreadPoolExecutor-0_1 - https://az-phx-001.cognitedata.com:443 "POST /api/v1/projects/bdx-dev/raw/dbs/db_databricks_everest_raw/tables/tb_QPGT/rows?ensureParent=True HTTP/1.1" 200 6
2026-07-29 21:23:58.915 UTC [DEBUG   ] ThreadPoolExecutor-0_1 - HTTP/1.1 POST https://az-phx-001.cognitedata.com/api/v1/projects/bdx-dev/raw/dbs/db_databricks_everest_raw/tables/tb_QPGT/rows?ensureParent=True 200
2026-07-29 21:23:59.821 UTC [DEBUG   ] ThreadPoolExecutor-0_0 - https://az-phx-001.cognitedata.com:443 "POST /api/v1/projects/bdx-dev/raw/dbs/db_databricks_everest_raw/tables/tb_QPGT/rows?ensureParent=True HTTP/1.1" 200 6
2026-07-29 21:23:59.821 UTC [DEBUG   ] ThreadPoolExecutor-0_0 - HTTP/1.1 POST https://az-phx-001.cognitedata.com/api/v1/projects/bdx-dev/raw/dbs/db_databricks_everest_raw/tables/tb_QPGT/rows?ensureParent=True 200
2026-07-29 21:24:00.024 UTC [DEBUG   ] ThreadPoolExecutor-0_4 - https://az-phx-001.cognitedata.com:443 "POST /api/v1/projects/bdx-dev/raw/dbs/db_databricks_everest_raw/tables/tb_QPGT/rows?ensureParent=True HTTP/1.1" 200 6
2026-07-29 21:24:00.024 UTC [DEBUG   ] ThreadPoolExecutor-0_4 - HTTP/1.1 POST https://az-phx-001.cognitedata.com/api/v1/projects/bdx-dev/raw/dbs/db_databricks_everest_raw/tables/tb_QPGT/rows?ensureParent=True 200
2026-07-29 21:24:00.071 UTC [DEBUG   ] ThreadPoolExecutor-0_3 - https://az-phx-001.cognitedata.com:443 "POST /api/v1/projects/bdx-dev/raw/dbs/db_databricks_everest_raw/tables/tb_QPGT/rows?ensureParent=True HTTP/1.1" 200 6
2026-07-29 21:24:00.071 UTC [DEBUG   ] ThreadPoolExecutor-0_3 - HTTP/1.1 POST https://az-phx-001.cognitedata.com/api/v1/projects/bdx-dev/raw/dbs/db_databricks_everest_raw/tables/tb_QPGT/rows?ensureParent=True 200
2026-07-29 21:24:00.133 UTC [DEBUG   ] ThreadPoolExecutor-0_2 - https://az-phx-001.cognitedata.com:443 "POST /api/v1/projects/bdx-dev/raw/dbs/db_databricks_everest_raw/tables/tb_QPGT/rows?ensureParent=True HTTP/1.1" 200 6
2026-07-29 21:24:00.133 UTC [DEBUG   ] ThreadPoolExecutor-0_2 - HTTP/1.1 POST https://az-phx-001.cognitedata.com/api/v1/projects/bdx-dev/raw/dbs/db_databricks_everest_raw/tables/tb_QPGT/rows?ensureParent=True 200
2026-07-29 21:24:00.149 UTC [INFO    ] QueryExecutor_1 - Uploaded 50000 raw rows
2026-07-29 21:24:01.383 UTC [INFO    ] QueryExecutor_3 - Current_row_count for query extract-everest-QPGT: 30000
2026-07-29 21:24:02.440 UTC [INFO    ] QueryExecutor_3 - No more rows for extract-everest-QPGT. 34773 rows extracted in 17.6 seconds
2026-07-29 21:24:02.440 UTC [INFO    ] QueryExecutor_3 - Reporting new success run: No more rows for extract-everest-QPGT. 34773 rows extracted in 17.6 seconds
2026-07-29 21:24:02.471 UTC [DEBUG   ] ThreadPoolExecutor-0_1 - https://az-phx-001.cognitedata.com:443 "POST /api/v1/projects/bdx-dev/extpipes/runs HTTP/1.1" 200 208
2026-07-29 21:24:02.471 UTC [DEBUG   ] ThreadPoolExecutor-0_1 - HTTP/1.1 POST https://az-phx-001.cognitedata.com/api/v1/projects/bdx-dev/extpipes/runs 200
2026-07-29 21:24:03.159 UTC [DEBUG   ] ThreadPoolExecutor-0_2 - https://az-phx-001.cognitedata.com:443 "POST /api/v1/projects/bdx-dev/raw/dbs/db_databricks_everest_raw/tables/tb_QPGT/rows?ensureParent=True HTTP/1.1" 200 6
2026-07-29 21:24:03.159 UTC [DEBUG   ] ThreadPoolExecutor-0_2 - HTTP/1.1 POST https://az-phx-001.cognitedata.com/api/v1/projects/bdx-dev/raw/dbs/db_databricks_everest_raw/tables/tb_QPGT/rows?ensureParent=True 200
2026-07-29 21:24:05.575 UTC [DEBUG   ] ThreadPoolExecutor-0_4 - https://az-phx-001.cognitedata.com:443 "POST /api/v1/projects/bdx-dev/raw/dbs/db_databricks_everest_raw/tables/tb_QPGT/rows?ensureParent=True HTTP/1.1" 200 6
2026-07-29 21:24:05.575 UTC [DEBUG   ] ThreadPoolExecutor-0_4 - HTTP/1.1 POST https://az-phx-001.cognitedata.com/api/v1/projects/bdx-dev/raw/dbs/db_databricks_everest_raw/tables/tb_QPGT/rows?ensureParent=True 200
2026-07-29 21:24:05.684 UTC [DEBUG   ] ThreadPoolExecutor-0_3 - https://az-phx-001.cognitedata.com:443 "POST /api/v1/projects/bdx-dev/raw/dbs/db_databricks_everest_raw/tables/tb_QPGT/rows?ensureParent=True HTTP/1.1" 200 6
2026-07-29 21:24:05.684 UTC [DEBUG   ] ThreadPoolExecutor-0_3 - HTTP/1.1 POST https://az-phx-001.cognitedata.com/api/v1/projects/bdx-dev/raw/dbs/db_databricks_everest_raw/tables/tb_QPGT/rows?ensureParent=True 200
2026-07-29 21:24:05.950 UTC [DEBUG   ] ThreadPoolExecutor-0_1 - https://az-phx-001.cognitedata.com:443 "POST /api/v1/projects/bdx-dev/raw/dbs/db_databricks_everest_raw/tables/tb_QMFE/rows?ensureParent=True HTTP/1.1" 200 6
2026-07-29 21:24:05.950 UTC [DEBUG   ] ThreadPoolExecutor-0_1 - HTTP/1.1 POST https://az-phx-001.cognitedata.com/api/v1/projects/bdx-dev/raw/dbs/db_databricks_everest_raw/tables/tb_QMFE/rows?ensureParent=True 200
2026-07-29 21:24:06.325 UTC [DEBUG   ] ThreadPoolExecutor-0_2 - https://az-phx-001.cognitedata.com:443 "POST /api/v1/projects/bdx-dev/raw/dbs/db_databricks_everest_raw/tables/tb_QMUR/rows?ensureParent=True HTTP/1.1" 200 6
2026-07-29 21:24:06.325 UTC [DEBUG   ] ThreadPoolExecutor-0_2 - HTTP/1.1 POST https://az-phx-001.cognitedata.com/api/v1/projects/bdx-dev/raw/dbs/db_databricks_everest_raw/tables/tb_QMUR/rows?ensureParent=True 200
2026-07-29 21:24:06.497 UTC [DEBUG   ] ThreadPoolExecutor-0_3 - https://az-phx-001.cognitedata.com:443 "POST /api/v1/projects/bdx-dev/raw/dbs/db_databricks_everest_raw/tables/tb_KNVK/rows?ensureParent=True HTTP/1.1" 200 6
2026-07-29 21:24:06.497 UTC [DEBUG   ] ThreadPoolExecutor-0_3 - HTTP/1.1 POST https://az-phx-001.cognitedata.com/api/v1/projects/bdx-dev/raw/dbs/db_databricks_everest_raw/tables/tb_KNVK/rows?ensureParent=True 200
2026-07-29 21:24:06.497 UTC [INFO    ] QueryExecutor_3 - Uploaded 17773 raw rows
2026-07-29 21:24:07.513 UTC [INFO    ] QueryExecutor_3 - Connected to db-databricks-raw successfully
2026-07-29 21:24:07.513 UTC [INFO    ] QueryExecutor_3 - Starting extraction of extract-everest-QPCT
2026-07-29 21:24:07.513 UTC [INFO    ] QueryExecutor_3 - Getting rows from odbc
2026-07-29 21:24:08.419 UTC [INFO    ] QueryExecutor_0 - Current_row_count for query extract-everest-QMUR: 210000
2026-07-29 21:24:09.732 UTC [INFO    ] QueryExecutor_2 - Current_row_count for query extract-everest-QMFE: 140000
2026-07-29 21:24:13.513 UTC [INFO    ] QueryExecutor_3 - Current_row_count for query extract-everest-QPCT: 10000
2026-07-29 21:24:13.669 UTC [INFO    ] QueryExecutor_0 - Current_row_count for query extract-everest-QMUR: 220000
2026-07-29 21:24:15.559 UTC [INFO    ] QueryExecutor_2 - Upload queue reached threshold size 50000/50000, triggering upload
2026-07-29 21:24:16.200 UTC [DEBUG   ] ThreadPoolExecutor-0_1 - https://az-phx-001.cognitedata.com:443 "POST /api/v1/projects/bdx-dev/raw/dbs/db_databricks_everest_raw/tables/tb_QMFE/rows?ensureParent=True HTTP/1.1" 200 6
2026-07-29 21:24:16.200 UTC [DEBUG   ] ThreadPoolExecutor-0_1 - HTTP/1.1 POST https://az-phx-001.cognitedata.com/api/v1/projects/bdx-dev/raw/dbs/db_databricks_everest_raw/tables/tb_QMFE/rows?ensureParent=True 200
2026-07-29 21:24:16.341 UTC [DEBUG   ] ThreadPoolExecutor-0_4 - https://az-phx-001.cognitedata.com:443 "POST /api/v1/projects/bdx-dev/raw/dbs/db_databricks_everest_raw/tables/tb_QMFE/rows?ensureParent=True HTTP/1.1" 200 6
2026-07-29 21:24:16.341 UTC [DEBUG   ] ThreadPoolExecutor-0_4 - HTTP/1.1 POST https://az-phx-001.cognitedata.com/api/v1/projects/bdx-dev/raw/dbs/db_databricks_everest_raw/tables/tb_QMFE/rows?ensureParent=True 200
2026-07-29 21:24:16.763 UTC [DEBUG   ] ThreadPoolExecutor-0_1 - https://az-phx-001.cognitedata.com:443 "POST /api/v1/projects/bdx-dev/raw/dbs/db_databricks_everest_raw/tables/tb_QMUR/rows?ensureParent=True HTTP/1.1" 200 6
2026-07-29 21:24:16.763 UTC [DEBUG   ] ThreadPoolExecutor-0_1 - HTTP/1.1 POST https://az-phx-001.cognitedata.com/api/v1/projects/bdx-dev/raw/dbs/db_databricks_everest_raw/tables/tb_QMUR/rows?ensureParent=True 200
2026-07-29 21:24:16.841 UTC [DEBUG   ] ThreadPoolExecutor-0_0 - https://az-phx-001.cognitedata.com:443 "POST /api/v1/projects/bdx-dev/raw/dbs/db_databricks_everest_raw/tables/tb_QMUR/rows?ensureParent=True HTTP/1.1" 200 6
2026-07-29 21:24:16.841 UTC [DEBUG   ] ThreadPoolExecutor-0_0 - HTTP/1.1 POST https://az-phx-001.cognitedata.com/api/v1/projects/bdx-dev/raw/dbs/db_databricks_everest_raw/tables/tb_QMUR/rows?ensureParent=True 200
2026-07-29 21:24:16.888 UTC [DEBUG   ] ThreadPoolExecutor-0_2 - https://az-phx-001.cognitedata.com:443 "POST /api/v1/projects/bdx-dev/raw/dbs/db_databricks_everest_raw/tables/tb_QMUR/rows?ensureParent=True HTTP/1.1" 200 6
2026-07-29 21:24:16.888 UTC [DEBUG   ] ThreadPoolExecutor-0_2 - HTTP/1.1 POST https://az-phx-001.cognitedata.com/api/v1/projects/bdx-dev/raw/dbs/db_databricks_everest_raw/tables/tb_QMUR/rows?ensureParent=True 200
2026-07-29 21:24:16.919 UTC [DEBUG   ] ThreadPoolExecutor-0_3 - https://az-phx-001.cognitedata.com:443 "POST /api/v1/projects/bdx-dev/raw/dbs/db_databricks_everest_raw/tables/tb_QMUR/rows?ensureParent=True HTTP/1.1" 200 6
2026-07-29 21:24:16.919 UTC [DEBUG   ] ThreadPoolExecutor-0_3 - HTTP/1.1 POST https://az-phx-001.cognitedata.com/api/v1/projects/bdx-dev/raw/dbs/db_databricks_everest_raw/tables/tb_QMUR/rows?ensureParent=True 200
2026-07-29 21:24:17.328 UTC [DEBUG   ] ThreadPoolExecutor-0_1 - https://az-phx-001.cognitedata.com:443 "POST /api/v1/projects/bdx-dev/raw/dbs/db_databricks_everest_raw/tables/tb_KNVK/rows?ensureParent=True HTTP/1.1" 200 6
2026-07-29 21:24:17.328 UTC [DEBUG   ] ThreadPoolExecutor-0_1 - HTTP/1.1 POST https://az-phx-001.cognitedata.com/api/v1/projects/bdx-dev/raw/dbs/db_databricks_everest_raw/tables/tb_KNVK/rows?ensureParent=True 200
2026-07-29 21:24:17.594 UTC [DEBUG   ] ThreadPoolExecutor-0_4 - https://az-phx-001.cognitedata.com:443 "POST /api/v1/projects/bdx-dev/raw/dbs/db_databricks_everest_raw/tables/tb_KNVK/rows?ensureParent=True HTTP/1.1" 200 6
2026-07-29 21:24:17.594 UTC [DEBUG   ] ThreadPoolExecutor-0_4 - HTTP/1.1 POST https://az-phx-001.cognitedata.com/api/v1/projects/bdx-dev/raw/dbs/db_databricks_everest_raw/tables/tb_KNVK/rows?ensureParent=True 200
2026-07-29 21:24:17.891 UTC [DEBUG   ] ThreadPoolExecutor-0_1 - https://az-phx-001.cognitedata.com:443 "POST /api/v1/projects/bdx-dev/raw/dbs/db_databricks_everest_raw/tables/tb_QPCT/rows?ensureParent=True HTTP/1.1" 200 6
2026-07-29 21:24:17.891 UTC [DEBUG   ] ThreadPoolExecutor-0_1 - HTTP/1.1 POST https://az-phx-001.cognitedata.com/api/v1/projects/bdx-dev/raw/dbs/db_databricks_everest_raw/tables/tb_QPCT/rows?ensureParent=True 200
2026-07-29 21:24:18.376 UTC [DEBUG   ] ThreadPoolExecutor-0_3 - https://az-phx-001.cognitedata.com:443 "POST /api/v1/projects/bdx-dev/raw/dbs/db_databricks_everest_raw/tables/tb_QPCT/rows?ensureParent=True HTTP/1.1" 200 6
2026-07-29 21:24:18.376 UTC [DEBUG   ] ThreadPoolExecutor-0_3 - HTTP/1.1 POST https://az-phx-001.cognitedata.com/api/v1/projects/bdx-dev/raw/dbs/db_databricks_everest_raw/tables/tb_QPCT/rows?ensureParent=True 200
2026-07-29 21:24:18.376 UTC [DEBUG   ] ThreadPoolExecutor-0_2 - https://az-phx-001.cognitedata.com:443 "POST /api/v1/projects/bdx-dev/raw/dbs/db_databricks_everest_raw/tables/tb_QPCT/rows?ensureParent=True HTTP/1.1" 200 6
2026-07-29 21:24:18.391 UTC [DEBUG   ] ThreadPoolExecutor-0_2 - HTTP/1.1 POST https://az-phx-001.cognitedata.com/api/v1/projects/bdx-dev/raw/dbs/db_databricks_everest_raw/tables/tb_QPCT/rows?ensureParent=True 200
2026-07-29 21:24:18.563 UTC [DEBUG   ] ThreadPoolExecutor-0_0 - https://az-phx-001.cognitedata.com:443 "POST /api/v1/projects/bdx-dev/raw/dbs/db_databricks_everest_raw/tables/tb_QPCT/rows?ensureParent=True HTTP/1.1" 200 6
2026-07-29 21:24:18.563 UTC [DEBUG   ] ThreadPoolExecutor-0_0 - HTTP/1.1 POST https://az-phx-001.cognitedata.com/api/v1/projects/bdx-dev/raw/dbs/db_databricks_everest_raw/tables/tb_QPCT/rows?ensureParent=True 200
2026-07-29 21:24:18.563 UTC [INFO    ] QueryExecutor_2 - Uploaded 50000 raw rows
2026-07-29 21:24:19.839 UTC [INFO    ] QueryExecutor_3 - Current_row_count for query extract-everest-QPCT: 20000
2026-07-29 21:24:20.609 UTC [INFO    ] QueryExecutor_1 - Current_row_count for query extract-everest-KNVK: 160000
2026-07-29 21:24:22.983 UTC [INFO    ] QueryExecutor_3 - Current_row_count for query extract-everest-QPCT: 30000
2026-07-29 21:24:23.748 UTC [INFO    ] QueryExecutor_0 - Current_row_count for query extract-everest-QMUR: 230000
2026-07-29 21:24:24.848 UTC [INFO    ] QueryExecutor_2 - Current_row_count for query extract-everest-QMFE: 150000
2026-07-29 21:24:26.407 UTC [INFO    ] QueryExecutor_3 - Current_row_count for query extract-everest-QPCT: 40000
2026-07-29 21:24:27.372 UTC [INFO    ] QueryExecutor_3 - Upload queue reached threshold size 50000/50000, triggering upload
2026-07-29 21:24:28.432 UTC [DEBUG   ] ThreadPoolExecutor-0_2 - https://az-phx-001.cognitedata.com:443 "POST /api/v1/projects/bdx-dev/raw/dbs/db_databricks_everest_raw/tables/tb_QPCT/rows?ensureParent=True HTTP/1.1" 200 6
2026-07-29 21:24:28.434 UTC [DEBUG   ] ThreadPoolExecutor-0_2 - HTTP/1.1 POST https://az-phx-001.cognitedata.com/api/v1/projects/bdx-dev/raw/dbs/db_databricks_everest_raw/tables/tb_QPCT/rows?ensureParent=True 200
2026-07-29 21:24:28.453 UTC [DEBUG   ] ThreadPoolExecutor-0_3 - https://az-phx-001.cognitedata.com:443 "POST /api/v1/projects/bdx-dev/raw/dbs/db_databricks_everest_raw/tables/tb_QPCT/rows?ensureParent=True HTTP/1.1" 200 6
2026-07-29 21:24:28.453 UTC [DEBUG   ] ThreadPoolExecutor-0_3 - HTTP/1.1 POST https://az-phx-001.cognitedata.com/api/v1/projects/bdx-dev/raw/dbs/db_databricks_everest_raw/tables/tb_QPCT/rows?ensureParent=True 200
2026-07-29 21:24:28.455 UTC [DEBUG   ] ThreadPoolExecutor-0_1 - https://az-phx-001.cognitedata.com:443 "POST /api/v1/projects/bdx-dev/raw/dbs/db_databricks_everest_raw/tables/tb_QPCT/rows?ensureParent=True HTTP/1.1" 200 6
2026-07-29 21:24:28.456 UTC [DEBUG   ] ThreadPoolExecutor-0_1 - HTTP/1.1 POST https://az-phx-001.cognitedata.com/api/v1/projects/bdx-dev/raw/dbs/db_databricks_everest_raw/tables/tb_QPCT/rows?ensureParent=True 200
2026-07-29 21:24:28.456 UTC [DEBUG   ] ThreadPoolExecutor-0_4 - https://az-phx-001.cognitedata.com:443 "POST /api/v1/projects/bdx-dev/raw/dbs/db_databricks_everest_raw/tables/tb_QPCT/rows?ensureParent=True HTTP/1.1" 200 6
2026-07-29 21:24:28.457 UTC [DEBUG   ] ThreadPoolExecutor-0_4 - HTTP/1.1 POST https://az-phx-001.cognitedata.com/api/v1/projects/bdx-dev/raw/dbs/db_databricks_everest_raw/tables/tb_QPCT/rows?ensureParent=True 200
2026-07-29 21:24:28.677 UTC [DEBUG   ] ThreadPoolExecutor-0_0 - https://az-phx-001.cognitedata.com:443 "POST /api/v1/projects/bdx-dev/raw/dbs/db_databricks_everest_raw/tables/tb_QPCT/rows?ensureParent=True HTTP/1.1" 200 6
2026-07-29 21:24:28.678 UTC [DEBUG   ] ThreadPoolExecutor-0_0 - HTTP/1.1 POST https://az-phx-001.cognitedata.com/api/v1/projects/bdx-dev/raw/dbs/db_databricks_everest_raw/tables/tb_QPCT/rows?ensureParent=True 200
2026-07-29 21:24:28.716 UTC [DEBUG   ] ThreadPoolExecutor-0_2 - https://az-phx-001.cognitedata.com:443 "POST /api/v1/projects/bdx-dev/raw/dbs/db_databricks_everest_raw/tables/tb_QPCT/rows?ensureParent=True HTTP/1.1" 200 6
2026-07-29 21:24:28.717 UTC [DEBUG   ] ThreadPoolExecutor-0_2 - HTTP/1.1 POST https://az-phx-001.cognitedata.com/api/v1/projects/bdx-dev/raw/dbs/db_databricks_everest_raw/tables/tb_QPCT/rows?ensureParent=True 200
2026-07-29 21:24:29.478 UTC [DEBUG   ] ThreadPoolExecutor-0_3 - https://az-phx-001.cognitedata.com:443 "POST /api/v1/projects/bdx-dev/raw/dbs/db_databricks_everest_raw/tables/tb_KNVK/rows?ensureParent=True HTTP/1.1" 200 6
2026-07-29 21:24:29.479 UTC [DEBUG   ] ThreadPoolExecutor-0_3 - HTTP/1.1 POST https://az-phx-001.cognitedata.com/api/v1/projects/bdx-dev/raw/dbs/db_databricks_everest_raw/tables/tb_KNVK/rows?ensureParent=True 200
2026-07-29 21:24:29.836 UTC [DEBUG   ] ThreadPoolExecutor-0_2 - https://az-phx-001.cognitedata.com:443 "POST /api/v1/projects/bdx-dev/raw/dbs/db_databricks_everest_raw/tables/tb_QMUR/rows?ensureParent=True HTTP/1.1" 200 6
2026-07-29 21:24:29.836 UTC [DEBUG   ] ThreadPoolExecutor-0_2 - HTTP/1.1 POST https://az-phx-001.cognitedata.com/api/v1/projects/bdx-dev/raw/dbs/db_databricks_everest_raw/tables/tb_QMUR/rows?ensureParent=True 200
2026-07-29 21:24:30.128 UTC [DEBUG   ] ThreadPoolExecutor-0_0 - https://az-phx-001.cognitedata.com:443 "POST /api/v1/projects/bdx-dev/raw/dbs/db_databricks_everest_raw/tables/tb_QMUR/rows?ensureParent=True HTTP/1.1" 200 6
2026-07-29 21:24:30.128 UTC [DEBUG   ] ThreadPoolExecutor-0_0 - HTTP/1.1 POST https://az-phx-001.cognitedata.com/api/v1/projects/bdx-dev/raw/dbs/db_databricks_everest_raw/tables/tb_QMUR/rows?ensureParent=True 200
2026-07-29 21:24:30.191 UTC [DEBUG   ] ThreadPoolExecutor-0_4 - https://az-phx-001.cognitedata.com:443 "POST /api/v1/projects/bdx-dev/raw/dbs/db_databricks_everest_raw/tables/tb_QMUR/rows?ensureParent=True HTTP/1.1" 200 6
2026-07-29 21:24:30.191 UTC [DEBUG   ] ThreadPoolExecutor-0_4 - HTTP/1.1 POST https://az-phx-001.cognitedata.com/api/v1/projects/bdx-dev/raw/dbs/db_databricks_everest_raw/tables/tb_QMUR/rows?ensureParent=True 200
2026-07-29 21:24:30.438 UTC [DEBUG   ] ThreadPoolExecutor-0_1 - https://az-phx-001.cognitedata.com:443 "POST /api/v1/projects/bdx-dev/raw/dbs/db_databricks_everest_raw/tables/tb_QMFE/rows?ensureParent=True HTTP/1.1" 200 6
2026-07-29 21:24:30.438 UTC [DEBUG   ] ThreadPoolExecutor-0_1 - HTTP/1.1 POST https://az-phx-001.cognitedata.com/api/v1/projects/bdx-dev/raw/dbs/db_databricks_everest_raw/tables/tb_QMFE/rows?ensureParent=True 200
2026-07-29 21:24:30.830 UTC [DEBUG   ] ThreadPoolExecutor-0_3 - https://az-phx-001.cognitedata.com:443 "POST /api/v1/projects/bdx-dev/raw/dbs/db_databricks_everest_raw/tables/tb_QMFE/rows?ensureParent=True HTTP/1.1" 200 6
2026-07-29 21:24:30.830 UTC [DEBUG   ] ThreadPoolExecutor-0_3 - HTTP/1.1 POST https://az-phx-001.cognitedata.com/api/v1/projects/bdx-dev/raw/dbs/db_databricks_everest_raw/tables/tb_QMFE/rows?ensureParent=True 200
2026-07-29 21:24:30.845 UTC [INFO    ] QueryExecutor_3 - Uploaded 50000 raw rows
2026-07-29 21:24:33.198 UTC [INFO    ] QueryExecutor_3 - Current_row_count for query extract-everest-QPCT: 50000
2026-07-29 21:24:34.941 UTC [INFO    ] QueryExecutor_0 - Current_row_count for query extract-everest-QMUR: 240000
2026-07-29 21:24:36.503 UTC [INFO    ] QueryExecutor_3 - Current_row_count for query extract-everest-QPCT: 60000
2026-07-29 21:24:39.365 UTC [INFO    ] QueryExecutor_3 - Upload queue reached threshold size 50000/50000, triggering upload
2026-07-29 21:24:39.661 UTC [DEBUG   ] ThreadPoolExecutor-0_4 - https://az-phx-001.cognitedata.com:443 "POST /api/v1/projects/bdx-dev/raw/dbs/db_databricks_everest_raw/tables/tb_QMFE/rows?ensureParent=True HTTP/1.1" 200 6
2026-07-29 21:24:39.661 UTC [DEBUG   ] ThreadPoolExecutor-0_4 - HTTP/1.1 POST https://az-phx-001.cognitedata.com/api/v1/projects/bdx-dev/raw/dbs/db_databricks_everest_raw/tables/tb_QMFE/rows?ensureParent=True 200
2026-07-29 21:24:39.943 UTC [DEBUG   ] ThreadPoolExecutor-0_0 - https://az-phx-001.cognitedata.com:443 "POST /api/v1/projects/bdx-dev/raw/dbs/db_databricks_everest_raw/tables/tb_QMFE/rows?ensureParent=True HTTP/1.1" 200 6
2026-07-29 21:24:39.943 UTC [DEBUG   ] ThreadPoolExecutor-0_0 - HTTP/1.1 POST https://az-phx-001.cognitedata.com/api/v1/projects/bdx-dev/raw/dbs/db_databricks_everest_raw/tables/tb_QMFE/rows?ensureParent=True 200
2026-07-29 21:24:40.583 UTC [DEBUG   ] ThreadPoolExecutor-0_1 - https://az-phx-001.cognitedata.com:443 "POST /api/v1/projects/bdx-dev/raw/dbs/db_databricks_everest_raw/tables/tb_KNVK/rows?ensureParent=True HTTP/1.1" 200 6
2026-07-29 21:24:40.583 UTC [DEBUG   ] ThreadPoolExecutor-0_1 - HTTP/1.1 POST https://az-phx-001.cognitedata.com/api/v1/projects/bdx-dev/raw/dbs/db_databricks_everest_raw/tables/tb_KNVK/rows?ensureParent=True 200
2026-07-29 21:24:40.927 UTC [DEBUG   ] ThreadPoolExecutor-0_0 - https://az-phx-001.cognitedata.com:443 "POST /api/v1/projects/bdx-dev/raw/dbs/db_databricks_everest_raw/tables/tb_QMUR/rows?ensureParent=True HTTP/1.1" 200 6
2026-07-29 21:24:40.927 UTC [DEBUG   ] ThreadPoolExecutor-0_0 - HTTP/1.1 POST https://az-phx-001.cognitedata.com/api/v1/projects/bdx-dev/raw/dbs/db_databricks_everest_raw/tables/tb_QMUR/rows?ensureParent=True 200
2026-07-29 21:24:41.068 UTC [DEBUG   ] ThreadPoolExecutor-0_4 - https://az-phx-001.cognitedata.com:443 "POST /api/v1/projects/bdx-dev/raw/dbs/db_databricks_everest_raw/tables/tb_QMUR/rows?ensureParent=True HTTP/1.1" 200 6
2026-07-29 21:24:41.068 UTC [DEBUG   ] ThreadPoolExecutor-0_4 - HTTP/1.1 POST https://az-phx-001.cognitedata.com/api/v1/projects/bdx-dev/raw/dbs/db_databricks_everest_raw/tables/tb_QMUR/rows?ensureParent=True 200
2026-07-29 21:24:41.068 UTC [DEBUG   ] ThreadPoolExecutor-0_2 - https://az-phx-001.cognitedata.com:443 "POST /api/v1/projects/bdx-dev/raw/dbs/db_databricks_everest_raw/tables/tb_QMUR/rows?ensureParent=True HTTP/1.1" 200 6
2026-07-29 21:24:41.068 UTC [DEBUG   ] ThreadPoolExecutor-0_2 - HTTP/1.1 POST https://az-phx-001.cognitedata.com/api/v1/projects/bdx-dev/raw/dbs/db_databricks_everest_raw/tables/tb_QMUR/rows?ensureParent=True 200
2026-07-29 21:24:41.927 UTC [DEBUG   ] ThreadPoolExecutor-0_3 - https://az-phx-001.cognitedata.com:443 "POST /api/v1/projects/bdx-dev/raw/dbs/db_databricks_everest_raw/tables/tb_QPCT/rows?ensureParent=True HTTP/1.1" 200 6
2026-07-29 21:24:41.927 UTC [DEBUG   ] ThreadPoolExecutor-0_3 - HTTP/1.1 POST https://az-phx-001.cognitedata.com/api/v1/projects/bdx-dev/raw/dbs/db_databricks_everest_raw/tables/tb_QPCT/rows?ensureParent=True 200
2026-07-29 21:24:41.958 UTC [DEBUG   ] ThreadPoolExecutor-0_1 - https://az-phx-001.cognitedata.com:443 "POST /api/v1/projects/bdx-dev/raw/dbs/db_databricks_everest_raw/tables/tb_QPCT/rows?ensureParent=True HTTP/1.1" 200 6
2026-07-29 21:24:41.958 UTC [DEBUG   ] ThreadPoolExecutor-0_1 - HTTP/1.1 POST https://az-phx-001.cognitedata.com/api/v1/projects/bdx-dev/raw/dbs/db_databricks_everest_raw/tables/tb_QPCT/rows?ensureParent=True 200
2026-07-29 21:24:41.958 UTC [DEBUG   ] ThreadPoolExecutor-0_4 - https://az-phx-001.cognitedata.com:443 "POST /api/v1/projects/bdx-dev/raw/dbs/db_databricks_everest_raw/tables/tb_QPCT/rows?ensureParent=True HTTP/1.1" 200 6
2026-07-29 21:24:41.958 UTC [DEBUG   ] ThreadPoolExecutor-0_4 - HTTP/1.1 POST https://az-phx-001.cognitedata.com/api/v1/projects/bdx-dev/raw/dbs/db_databricks_everest_raw/tables/tb_QPCT/rows?ensureParent=True 200
2026-07-29 21:24:41.958 UTC [DEBUG   ] ThreadPoolExecutor-0_0 - https://az-phx-001.cognitedata.com:443 "POST /api/v1/projects/bdx-dev/raw/dbs/db_databricks_everest_raw/tables/tb_QPCT/rows?ensureParent=True HTTP/1.1" 200 6
2026-07-29 21:24:41.958 UTC [DEBUG   ] ThreadPoolExecutor-0_0 - HTTP/1.1 POST https://az-phx-001.cognitedata.com/api/v1/projects/bdx-dev/raw/dbs/db_databricks_everest_raw/tables/tb_QPCT/rows?ensureParent=True 200
2026-07-29 21:24:42.021 UTC [DEBUG   ] ThreadPoolExecutor-0_2 - https://az-phx-001.cognitedata.com:443 "POST /api/v1/projects/bdx-dev/raw/dbs/db_databricks_everest_raw/tables/tb_QPCT/rows?ensureParent=True HTTP/1.1" 200 6
2026-07-29 21:24:42.021 UTC [DEBUG   ] ThreadPoolExecutor-0_2 - HTTP/1.1 POST https://az-phx-001.cognitedata.com/api/v1/projects/bdx-dev/raw/dbs/db_databricks_everest_raw/tables/tb_QPCT/rows?ensureParent=True 200
2026-07-29 21:24:42.052 UTC [DEBUG   ] ThreadPoolExecutor-0_3 - https://az-phx-001.cognitedata.com:443 "POST /api/v1/projects/bdx-dev/raw/dbs/db_databricks_everest_raw/tables/tb_QPCT/rows?ensureParent=True HTTP/1.1" 200 6
2026-07-29 21:24:42.052 UTC [DEBUG   ] ThreadPoolExecutor-0_3 - HTTP/1.1 POST https://az-phx-001.cognitedata.com/api/v1/projects/bdx-dev/raw/dbs/db_databricks_everest_raw/tables/tb_QPCT/rows?ensureParent=True 200
2026-07-29 21:24:42.052 UTC [INFO    ] QueryExecutor_3 - Uploaded 50000 raw rows
2026-07-29 21:24:42.458 UTC [INFO    ] QueryExecutor_3 - Current_row_count for query extract-everest-QPCT: 70000
2026-07-29 21:24:43.614 UTC [INFO    ] QueryExecutor_2 - Current_row_count for query extract-everest-QMFE: 160000
2026-07-29 21:24:44.005 UTC [INFO    ] QueryExecutor_1 - Current_row_count for query extract-everest-KNVK: 170000
2026-07-29 21:24:44.333 UTC [INFO    ] QueryExecutor_0 - Current_row_count for query extract-everest-QMUR: 250000
2026-07-29 21:24:45.427 UTC [INFO    ] QueryExecutor_3 - Current_row_count for query extract-everest-QPCT: 80000
2026-07-29 21:24:48.490 UTC [INFO    ] QueryExecutor_3 - Current_row_count for query extract-everest-QPCT: 90000
2026-07-29 21:24:50.161 UTC [INFO    ] QueryExecutor_3 - Upload queue reached threshold size 50000/50000, triggering upload
2026-07-29 21:24:50.724 UTC [DEBUG   ] ThreadPoolExecutor-0_1 - https://az-phx-001.cognitedata.com:443 "POST /api/v1/projects/bdx-dev/raw/dbs/db_databricks_everest_raw/tables/tb_QMUR/rows?ensureParent=True HTTP/1.1" 200 6
2026-07-29 21:24:50.724 UTC [DEBUG   ] ThreadPoolExecutor-0_4 - https://az-phx-001.cognitedata.com:443 "POST /api/v1/projects/bdx-dev/raw/dbs/db_databricks_everest_raw/tables/tb_QMUR/rows?ensureParent=True HTTP/1.1" 200 6
2026-07-29 21:24:50.724 UTC [DEBUG   ] ThreadPoolExecutor-0_1 - HTTP/1.1 POST https://az-phx-001.cognitedata.com/api/v1/projects/bdx-dev/raw/dbs/db_databricks_everest_raw/tables/tb_QMUR/rows?ensureParent=True 200
2026-07-29 21:24:50.724 UTC [DEBUG   ] ThreadPoolExecutor-0_4 - HTTP/1.1 POST https://az-phx-001.cognitedata.com/api/v1/projects/bdx-dev/raw/dbs/db_databricks_everest_raw/tables/tb_QMUR/rows?ensureParent=True 200
2026-07-29 21:24:50.818 UTC [DEBUG   ] ThreadPoolExecutor-0_0 - https://az-phx-001.cognitedata.com:443 "POST /api/v1/projects/bdx-dev/raw/dbs/db_databricks_everest_raw/tables/tb_QMUR/rows?ensureParent=True HTTP/1.1" 200 6
2026-07-29 21:24:50.818 UTC [DEBUG   ] ThreadPoolExecutor-0_0 - HTTP/1.1 POST https://az-phx-001.cognitedata.com/api/v1/projects/bdx-dev/raw/dbs/db_databricks_everest_raw/tables/tb_QMUR/rows?ensureParent=True 200
2026-07-29 21:24:51.470 UTC [DEBUG   ] ThreadPoolExecutor-0_3 - https://az-phx-001.cognitedata.com:443 "POST /api/v1/projects/bdx-dev/raw/dbs/db_databricks_everest_raw/tables/tb_KNVK/rows?ensureParent=True HTTP/1.1" 200 6
2026-07-29 21:24:51.470 UTC [DEBUG   ] ThreadPoolExecutor-0_3 - HTTP/1.1 POST https://az-phx-001.cognitedata.com/api/v1/projects/bdx-dev/raw/dbs/db_databricks_everest_raw/tables/tb_KNVK/rows?ensureParent=True 200
2026-07-29 21:24:51.821 UTC [DEBUG   ] ThreadPoolExecutor-0_4 - https://az-phx-001.cognitedata.com:443 "POST /api/v1/projects/bdx-dev/raw/dbs/db_databricks_everest_raw/tables/tb_QMFE/rows?ensureParent=True HTTP/1.1" 200 6
2026-07-29 21:24:51.822 UTC [DEBUG   ] ThreadPoolExecutor-0_4 - HTTP/1.1 POST https://az-phx-001.cognitedata.com/api/v1/projects/bdx-dev/raw/dbs/db_databricks_everest_raw/tables/tb_QMFE/rows?ensureParent=True 200
2026-07-29 21:24:52.122 UTC [DEBUG   ] ThreadPoolExecutor-0_1 - https://az-phx-001.cognitedata.com:443 "POST /api/v1/projects/bdx-dev/raw/dbs/db_databricks_everest_raw/tables/tb_QMFE/rows?ensureParent=True HTTP/1.1" 200 6
2026-07-29 21:24:52.123 UTC [DEBUG   ] ThreadPoolExecutor-0_1 - HTTP/1.1 POST https://az-phx-001.cognitedata.com/api/v1/projects/bdx-dev/raw/dbs/db_databricks_everest_raw/tables/tb_QMFE/rows?ensureParent=True 200
2026-07-29 21:24:52.767 UTC [DEBUG   ] ThreadPoolExecutor-0_3 - https://az-phx-001.cognitedata.com:443 "POST /api/v1/projects/bdx-dev/raw/dbs/db_databricks_everest_raw/tables/tb_QPCT/rows?ensureParent=True HTTP/1.1" 200 6
2026-07-29 21:24:52.767 UTC [DEBUG   ] ThreadPoolExecutor-0_3 - HTTP/1.1 POST https://az-phx-001.cognitedata.com/api/v1/projects/bdx-dev/raw/dbs/db_databricks_everest_raw/tables/tb_QPCT/rows?ensureParent=True 200
2026-07-29 21:24:52.782 UTC [DEBUG   ] ThreadPoolExecutor-0_0 - https://az-phx-001.cognitedata.com:443 "POST /api/v1/projects/bdx-dev/raw/dbs/db_databricks_everest_raw/tables/tb_QPCT/rows?ensureParent=True HTTP/1.1" 200 6
2026-07-29 21:24:52.782 UTC [DEBUG   ] ThreadPoolExecutor-0_0 - HTTP/1.1 POST https://az-phx-001.cognitedata.com/api/v1/projects/bdx-dev/raw/dbs/db_databricks_everest_raw/tables/tb_QPCT/rows?ensureParent=True 200
2026-07-29 21:24:52.782 UTC [DEBUG   ] ThreadPoolExecutor-0_2 - https://az-phx-001.cognitedata.com:443 "POST /api/v1/projects/bdx-dev/raw/dbs/db_databricks_everest_raw/tables/tb_QPCT/rows?ensureParent=True HTTP/1.1" 200 6
2026-07-29 21:24:52.782 UTC [DEBUG   ] ThreadPoolExecutor-0_4 - https://az-phx-001.cognitedata.com:443 "POST /api/v1/projects/bdx-dev/raw/dbs/db_databricks_everest_raw/tables/tb_QPCT/rows?ensureParent=True HTTP/1.1" 200 6
2026-07-29 21:24:52.782 UTC [DEBUG   ] ThreadPoolExecutor-0_2 - HTTP/1.1 POST https://az-phx-001.cognitedata.com/api/v1/projects/bdx-dev/raw/dbs/db_databricks_everest_raw/tables/tb_QPCT/rows?ensureParent=True 200
2026-07-29 21:24:52.782 UTC [DEBUG   ] ThreadPoolExecutor-0_4 - HTTP/1.1 POST https://az-phx-001.cognitedata.com/api/v1/projects/bdx-dev/raw/dbs/db_databricks_everest_raw/tables/tb_QPCT/rows?ensureParent=True 200
2026-07-29 21:24:52.798 UTC [DEBUG   ] ThreadPoolExecutor-0_1 - https://az-phx-001.cognitedata.com:443 "POST /api/v1/projects/bdx-dev/raw/dbs/db_databricks_everest_raw/tables/tb_QPCT/rows?ensureParent=True HTTP/1.1" 200 6
2026-07-29 21:24:52.798 UTC [DEBUG   ] ThreadPoolExecutor-0_1 - HTTP/1.1 POST https://az-phx-001.cognitedata.com/api/v1/projects/bdx-dev/raw/dbs/db_databricks_everest_raw/tables/tb_QPCT/rows?ensureParent=True 200
2026-07-29 21:24:52.845 UTC [DEBUG   ] ThreadPoolExecutor-0_3 - https://az-phx-001.cognitedata.com:443 "POST /api/v1/projects/bdx-dev/raw/dbs/db_databricks_everest_raw/tables/tb_QPCT/rows?ensureParent=True HTTP/1.1" 200 6
2026-07-29 21:24:52.845 UTC [DEBUG   ] ThreadPoolExecutor-0_3 - HTTP/1.1 POST https://az-phx-001.cognitedata.com/api/v1/projects/bdx-dev/raw/dbs/db_databricks_everest_raw/tables/tb_QPCT/rows?ensureParent=True 200
2026-07-29 21:24:52.845 UTC [INFO    ] QueryExecutor_3 - Uploaded 50000 raw rows
2026-07-29 21:24:53.839 UTC [INFO    ] QueryExecutor_0 - Current_row_count for query extract-everest-QMUR: 260000
2026-07-29 21:24:54.322 UTC [INFO    ] QueryExecutor_3 - Current_row_count for query extract-everest-QPCT: 100000
2026-07-29 21:24:57.529 UTC [INFO    ] QueryExecutor_3 - Current_row_count for query extract-everest-QPCT: 110000
2026-07-29 21:24:58.467 UTC [INFO    ] QueryExecutor_2 - Current_row_count for query extract-everest-QMFE: 170000
2026-07-29 21:25:00.701 UTC [INFO    ] QueryExecutor_0 - Current_row_count for query extract-everest-QMUR: 270000
2026-07-29 21:25:00.904 UTC [INFO    ] QueryExecutor_3 - Current_row_count for query extract-everest-QPCT: 120000
2026-07-29 21:25:01.201 UTC [INFO    ] QueryExecutor_3 - Upload queue reached threshold size 50000/50000, triggering upload
2026-07-29 21:25:01.498 UTC [DEBUG   ] ThreadPoolExecutor-0_4 - https://az-phx-001.cognitedata.com:443 "POST /api/v1/projects/bdx-dev/raw/dbs/db_databricks_everest_raw/tables/tb_QMUR/rows?ensureParent=True HTTP/1.1" 200 6
2026-07-29 21:25:01.498 UTC [DEBUG   ] ThreadPoolExecutor-0_4 - HTTP/1.1 POST https://az-phx-001.cognitedata.com/api/v1/projects/bdx-dev/raw/dbs/db_databricks_everest_raw/tables/tb_QMUR/rows?ensureParent=True 200
2026-07-29 21:25:01.732 UTC [DEBUG   ] ThreadPoolExecutor-0_2 - https://az-phx-001.cognitedata.com:443 "POST /api/v1/projects/bdx-dev/raw/dbs/db_databricks_everest_raw/tables/tb_QMUR/rows?ensureParent=True HTTP/1.1" 200 6
2026-07-29 21:25:01.732 UTC [DEBUG   ] ThreadPoolExecutor-0_2 - HTTP/1.1 POST https://az-phx-001.cognitedata.com/api/v1/projects/bdx-dev/raw/dbs/db_databricks_everest_raw/tables/tb_QMUR/rows?ensureParent=True 200
2026-07-29 21:25:01.748 UTC [DEBUG   ] ThreadPoolExecutor-0_0 - https://az-phx-001.cognitedata.com:443 "POST /api/v1/projects/bdx-dev/raw/dbs/db_databricks_everest_raw/tables/tb_QMUR/rows?ensureParent=True HTTP/1.1" 200 6
2026-07-29 21:25:01.748 UTC [DEBUG   ] ThreadPoolExecutor-0_0 - HTTP/1.1 POST https://az-phx-001.cognitedata.com/api/v1/projects/bdx-dev/raw/dbs/db_databricks_everest_raw/tables/tb_QMUR/rows?ensureParent=True 200
2026-07-29 21:25:02.406 UTC [DEBUG   ] ThreadPoolExecutor-0_3 - https://az-phx-001.cognitedata.com:443 "POST /api/v1/projects/bdx-dev/raw/dbs/db_databricks_everest_raw/tables/tb_KNVK/rows?ensureParent=True HTTP/1.1" 200 6
2026-07-29 21:25:02.407 UTC [DEBUG   ] ThreadPoolExecutor-0_3 - HTTP/1.1 POST https://az-phx-001.cognitedata.com/api/v1/projects/bdx-dev/raw/dbs/db_databricks_everest_raw/tables/tb_KNVK/rows?ensureParent=True 200
2026-07-29 21:25:02.857 UTC [DEBUG   ] ThreadPoolExecutor-0_2 - https://az-phx-001.cognitedata.com:443 "POST /api/v1/projects/bdx-dev/raw/dbs/db_databricks_everest_raw/tables/tb_QMFE/rows?ensureParent=True HTTP/1.1" 200 6
2026-07-29 21:25:02.858 UTC [DEBUG   ] ThreadPoolExecutor-0_2 - HTTP/1.1 POST https://az-phx-001.cognitedata.com/api/v1/projects/bdx-dev/raw/dbs/db_databricks_everest_raw/tables/tb_QMFE/rows?ensureParent=True 200
2026-07-29 21:25:03.137 UTC [DEBUG   ] ThreadPoolExecutor-0_4 - https://az-phx-001.cognitedata.com:443 "POST /api/v1/projects/bdx-dev/raw/dbs/db_databricks_everest_raw/tables/tb_QMFE/rows?ensureParent=True HTTP/1.1" 200 6
2026-07-29 21:25:03.137 UTC [DEBUG   ] ThreadPoolExecutor-0_4 - HTTP/1.1 POST https://az-phx-001.cognitedata.com/api/v1/projects/bdx-dev/raw/dbs/db_databricks_everest_raw/tables/tb_QMFE/rows?ensureParent=True 200
2026-07-29 21:25:03.669 UTC [DEBUG   ] ThreadPoolExecutor-0_0 - https://az-phx-001.cognitedata.com:443 "POST /api/v1/projects/bdx-dev/raw/dbs/db_databricks_everest_raw/tables/tb_QPCT/rows?ensureParent=True HTTP/1.1" 200 6
2026-07-29 21:25:03.670 UTC [DEBUG   ] ThreadPoolExecutor-0_0 - HTTP/1.1 POST https://az-phx-001.cognitedata.com/api/v1/projects/bdx-dev/raw/dbs/db_databricks_everest_raw/tables/tb_QPCT/rows?ensureParent=True 200
2026-07-29 21:25:03.691 UTC [DEBUG   ] ThreadPoolExecutor-0_1 - https://az-phx-001.cognitedata.com:443 "POST /api/v1/projects/bdx-dev/raw/dbs/db_databricks_everest_raw/tables/tb_QPCT/rows?ensureParent=True HTTP/1.1" 200 6
2026-07-29 21:25:03.691 UTC [DEBUG   ] ThreadPoolExecutor-0_1 - HTTP/1.1 POST https://az-phx-001.cognitedata.com/api/v1/projects/bdx-dev/raw/dbs/db_databricks_everest_raw/tables/tb_QPCT/rows?ensureParent=True 200
2026-07-29 21:25:03.693 UTC [DEBUG   ] ThreadPoolExecutor-0_3 - https://az-phx-001.cognitedata.com:443 "POST /api/v1/projects/bdx-dev/raw/dbs/db_databricks_everest_raw/tables/tb_QPCT/rows?ensureParent=True HTTP/1.1" 200 6
2026-07-29 21:25:03.693 UTC [DEBUG   ] ThreadPoolExecutor-0_3 - HTTP/1.1 POST https://az-phx-001.cognitedata.com/api/v1/projects/bdx-dev/raw/dbs/db_databricks_everest_raw/tables/tb_QPCT/rows?ensureParent=True 200
2026-07-29 21:25:03.700 UTC [DEBUG   ] ThreadPoolExecutor-0_2 - https://az-phx-001.cognitedata.com:443 "POST /api/v1/projects/bdx-dev/raw/dbs/db_databricks_everest_raw/tables/tb_QPCT/rows?ensureParent=True HTTP/1.1" 200 6
2026-07-29 21:25:03.701 UTC [DEBUG   ] ThreadPoolExecutor-0_2 - HTTP/1.1 POST https://az-phx-001.cognitedata.com/api/v1/projects/bdx-dev/raw/dbs/db_databricks_everest_raw/tables/tb_QPCT/rows?ensureParent=True 200
2026-07-29 21:25:03.732 UTC [DEBUG   ] ThreadPoolExecutor-0_4 - https://az-phx-001.cognitedata.com:443 "POST /api/v1/projects/bdx-dev/raw/dbs/db_databricks_everest_raw/tables/tb_QPCT/rows?ensureParent=True HTTP/1.1" 200 6
2026-07-29 21:25:03.733 UTC [DEBUG   ] ThreadPoolExecutor-0_4 - HTTP/1.1 POST https://az-phx-001.cognitedata.com/api/v1/projects/bdx-dev/raw/dbs/db_databricks_everest_raw/tables/tb_QPCT/rows?ensureParent=True 200
2026-07-29 21:25:03.758 UTC [DEBUG   ] ThreadPoolExecutor-0_0 - https://az-phx-001.cognitedata.com:443 "POST /api/v1/projects/bdx-dev/raw/dbs/db_databricks_everest_raw/tables/tb_QPCT/rows?ensureParent=True HTTP/1.1" 200 6
2026-07-29 21:25:03.759 UTC [DEBUG   ] ThreadPoolExecutor-0_0 - HTTP/1.1 POST https://az-phx-001.cognitedata.com/api/v1/projects/bdx-dev/raw/dbs/db_databricks_everest_raw/tables/tb_QPCT/rows?ensureParent=True 200
2026-07-29 21:25:03.762 UTC [INFO    ] QueryExecutor_3 - Uploaded 50000 raw rows
2026-07-29 21:25:05.687 UTC [INFO    ] QueryExecutor_1 - Current_row_count for query extract-everest-KNVK: 180000
2026-07-29 21:25:06.468 UTC [INFO    ] QueryExecutor_3 - Current_row_count for query extract-everest-QPCT: 130000
2026-07-29 21:25:09.593 UTC [INFO    ] QueryExecutor_3 - Current_row_count for query extract-everest-QPCT: 140000
2026-07-29 21:25:10.062 UTC [INFO    ] QueryExecutor_0 - Current_row_count for query extract-everest-QMUR: 280000
2026-07-29 21:25:11.734 UTC [INFO    ] QueryExecutor_3 - Upload queue reached threshold size 50000/50000, triggering upload
2026-07-29 21:25:11.999 UTC [DEBUG   ] ThreadPoolExecutor-0_2 - https://az-phx-001.cognitedata.com:443 "POST /api/v1/projects/bdx-dev/raw/dbs/db_databricks_everest_raw/tables/tb_QMUR/rows?ensureParent=True HTTP/1.1" 200 6
2026-07-29 21:25:11.999 UTC [DEBUG   ] ThreadPoolExecutor-0_2 - HTTP/1.1 POST https://az-phx-001.cognitedata.com/api/v1/projects/bdx-dev/raw/dbs/db_databricks_everest_raw/tables/tb_QMUR/rows?ensureParent=True 200
2026-07-29 21:25:12.265 UTC [DEBUG   ] ThreadPoolExecutor-0_1 - https://az-phx-001.cognitedata.com:443 "POST /api/v1/projects/bdx-dev/raw/dbs/db_databricks_everest_raw/tables/tb_QMUR/rows?ensureParent=True HTTP/1.1" 200 6
2026-07-29 21:25:12.265 UTC [DEBUG   ] ThreadPoolExecutor-0_1 - HTTP/1.1 POST https://az-phx-001.cognitedata.com/api/v1/projects/bdx-dev/raw/dbs/db_databricks_everest_raw/tables/tb_QMUR/rows?ensureParent=True 200
2026-07-29 21:25:12.296 UTC [DEBUG   ] ThreadPoolExecutor-0_3 - https://az-phx-001.cognitedata.com:443 "POST /api/v1/projects/bdx-dev/raw/dbs/db_databricks_everest_raw/tables/tb_QMUR/rows?ensureParent=True HTTP/1.1" 200 6
2026-07-29 21:25:12.296 UTC [DEBUG   ] ThreadPoolExecutor-0_3 - HTTP/1.1 POST https://az-phx-001.cognitedata.com/api/v1/projects/bdx-dev/raw/dbs/db_databricks_everest_raw/tables/tb_QMUR/rows?ensureParent=True 200
2026-07-29 21:25:12.952 UTC [DEBUG   ] ThreadPoolExecutor-0_0 - https://az-phx-001.cognitedata.com:443 "POST /api/v1/projects/bdx-dev/raw/dbs/db_databricks_everest_raw/tables/tb_KNVK/rows?ensureParent=True HTTP/1.1" 200 6
2026-07-29 21:25:12.952 UTC [DEBUG   ] ThreadPoolExecutor-0_0 - HTTP/1.1 POST https://az-phx-001.cognitedata.com/api/v1/projects/bdx-dev/raw/dbs/db_databricks_everest_raw/tables/tb_KNVK/rows?ensureParent=True 200
2026-07-29 21:25:13.296 UTC [DEBUG   ] ThreadPoolExecutor-0_1 - https://az-phx-001.cognitedata.com:443 "POST /api/v1/projects/bdx-dev/raw/dbs/db_databricks_everest_raw/tables/tb_QMFE/rows?ensureParent=True HTTP/1.1" 200 6
2026-07-29 21:25:13.296 UTC [DEBUG   ] ThreadPoolExecutor-0_1 - HTTP/1.1 POST https://az-phx-001.cognitedata.com/api/v1/projects/bdx-dev/raw/dbs/db_databricks_everest_raw/tables/tb_QMFE/rows?ensureParent=True 200
2026-07-29 21:25:13.608 UTC [DEBUG   ] ThreadPoolExecutor-0_2 - https://az-phx-001.cognitedata.com:443 "POST /api/v1/projects/bdx-dev/raw/dbs/db_databricks_everest_raw/tables/tb_QMFE/rows?ensureParent=True HTTP/1.1" 200 6
2026-07-29 21:25:13.608 UTC [DEBUG   ] ThreadPoolExecutor-0_2 - HTTP/1.1 POST https://az-phx-001.cognitedata.com/api/v1/projects/bdx-dev/raw/dbs/db_databricks_everest_raw/tables/tb_QMFE/rows?ensureParent=True 200
2026-07-29 21:25:14.171 UTC [DEBUG   ] ThreadPoolExecutor-0_4 - https://az-phx-001.cognitedata.com:443 "POST /api/v1/projects/bdx-dev/raw/dbs/db_databricks_everest_raw/tables/tb_QPCT/rows?ensureParent=True HTTP/1.1" 200 6
2026-07-29 21:25:14.186 UTC [DEBUG   ] ThreadPoolExecutor-0_4 - HTTP/1.1 POST https://az-phx-001.cognitedata.com/api/v1/projects/bdx-dev/raw/dbs/db_databricks_everest_raw/tables/tb_QPCT/rows?ensureParent=True 200
2026-07-29 21:25:14.202 UTC [DEBUG   ] ThreadPoolExecutor-0_1 - https://az-phx-001.cognitedata.com:443 "POST /api/v1/projects/bdx-dev/raw/dbs/db_databricks_everest_raw/tables/tb_QPCT/rows?ensureParent=True HTTP/1.1" 200 6
2026-07-29 21:25:14.202 UTC [DEBUG   ] ThreadPoolExecutor-0_1 - HTTP/1.1 POST https://az-phx-001.cognitedata.com/api/v1/projects/bdx-dev/raw/dbs/db_databricks_everest_raw/tables/tb_QPCT/rows?ensureParent=True 200
2026-07-29 21:25:14.233 UTC [DEBUG   ] ThreadPoolExecutor-0_0 - https://az-phx-001.cognitedata.com:443 "POST /api/v1/projects/bdx-dev/raw/dbs/db_databricks_everest_raw/tables/tb_QPCT/rows?ensureParent=True HTTP/1.1" 200 6
2026-07-29 21:25:14.233 UTC [DEBUG   ] ThreadPoolExecutor-0_0 - HTTP/1.1 POST https://az-phx-001.cognitedata.com/api/v1/projects/bdx-dev/raw/dbs/db_databricks_everest_raw/tables/tb_QPCT/rows?ensureParent=True 200
2026-07-29 21:25:14.233 UTC [DEBUG   ] ThreadPoolExecutor-0_3 - https://az-phx-001.cognitedata.com:443 "POST /api/v1/projects/bdx-dev/raw/dbs/db_databricks_everest_raw/tables/tb_QPCT/rows?ensureParent=True HTTP/1.1" 200 6
2026-07-29 21:25:14.233 UTC [DEBUG   ] ThreadPoolExecutor-0_3 - HTTP/1.1 POST https://az-phx-001.cognitedata.com/api/v1/projects/bdx-dev/raw/dbs/db_databricks_everest_raw/tables/tb_QPCT/rows?ensureParent=True 200
2026-07-29 21:25:14.249 UTC [DEBUG   ] ThreadPoolExecutor-0_2 - https://az-phx-001.cognitedata.com:443 "POST /api/v1/projects/bdx-dev/raw/dbs/db_databricks_everest_raw/tables/tb_QPCT/rows?ensureParent=True HTTP/1.1" 200 6
2026-07-29 21:25:14.249 UTC [DEBUG   ] ThreadPoolExecutor-0_2 - HTTP/1.1 POST https://az-phx-001.cognitedata.com/api/v1/projects/bdx-dev/raw/dbs/db_databricks_everest_raw/tables/tb_QPCT/rows?ensureParent=True 200
2026-07-29 21:25:14.265 UTC [DEBUG   ] ThreadPoolExecutor-0_4 - https://az-phx-001.cognitedata.com:443 "POST /api/v1/projects/bdx-dev/raw/dbs/db_databricks_everest_raw/tables/tb_QPCT/rows?ensureParent=True HTTP/1.1" 200 6
2026-07-29 21:25:14.265 UTC [DEBUG   ] ThreadPoolExecutor-0_4 - HTTP/1.1 POST https://az-phx-001.cognitedata.com/api/v1/projects/bdx-dev/raw/dbs/db_databricks_everest_raw/tables/tb_QPCT/rows?ensureParent=True 200
2026-07-29 21:25:14.280 UTC [INFO    ] QueryExecutor_3 - Uploaded 50000 raw rows
2026-07-29 21:25:14.671 UTC [INFO    ] QueryExecutor_2 - Current_row_count for query extract-everest-QMFE: 180000
2026-07-29 21:25:15.202 UTC [INFO    ] QueryExecutor_3 - Current_row_count for query extract-everest-QPCT: 150000
2026-07-29 21:25:18.233 UTC [INFO    ] QueryExecutor_3 - Current_row_count for query extract-everest-QPCT: 160000
2026-07-29 21:25:19.247 UTC [INFO    ] QueryExecutor_0 - Current_row_count for query extract-everest-QMUR: 290000
2026-07-29 21:25:21.200 UTC [INFO    ] QueryExecutor_3 - Current_row_count for query extract-everest-QPCT: 170000
2026-07-29 21:25:22.168 UTC [INFO    ] QueryExecutor_3 - Upload queue reached threshold size 50000/50000, triggering upload
2026-07-29 21:25:22.434 UTC [DEBUG   ] ThreadPoolExecutor-0_3 - https://az-phx-001.cognitedata.com:443 "POST /api/v1/projects/bdx-dev/raw/dbs/db_databricks_everest_raw/tables/tb_QMUR/rows?ensureParent=True HTTP/1.1" 200 6
2026-07-29 21:25:22.434 UTC [DEBUG   ] ThreadPoolExecutor-0_3 - HTTP/1.1 POST https://az-phx-001.cognitedata.com/api/v1/projects/bdx-dev/raw/dbs/db_databricks_everest_raw/tables/tb_QMUR/rows?ensureParent=True 200
2026-07-29 21:25:22.700 UTC [DEBUG   ] ThreadPoolExecutor-0_0 - https://az-phx-001.cognitedata.com:443 "POST /api/v1/projects/bdx-dev/raw/dbs/db_databricks_everest_raw/tables/tb_QMUR/rows?ensureParent=True HTTP/1.1" 200 6
2026-07-29 21:25:22.700 UTC [DEBUG   ] ThreadPoolExecutor-0_0 - HTTP/1.1 POST https://az-phx-001.cognitedata.com/api/v1/projects/bdx-dev/raw/dbs/db_databricks_everest_raw/tables/tb_QMUR/rows?ensureParent=True 200
2026-07-29 21:25:22.715 UTC [DEBUG   ] ThreadPoolExecutor-0_1 - https://az-phx-001.cognitedata.com:443 "POST /api/v1/projects/bdx-dev/raw/dbs/db_databricks_everest_raw/tables/tb_QMUR/rows?ensureParent=True HTTP/1.1" 200 6
2026-07-29 21:25:22.715 UTC [DEBUG   ] ThreadPoolExecutor-0_1 - HTTP/1.1 POST https://az-phx-001.cognitedata.com/api/v1/projects/bdx-dev/raw/dbs/db_databricks_everest_raw/tables/tb_QMUR/rows?ensureParent=True 200
2026-07-29 21:25:23.387 UTC [DEBUG   ] ThreadPoolExecutor-0_4 - https://az-phx-001.cognitedata.com:443 "POST /api/v1/projects/bdx-dev/raw/dbs/db_databricks_everest_raw/tables/tb_KNVK/rows?ensureParent=True HTTP/1.1" 200 6
2026-07-29 21:25:23.387 UTC [DEBUG   ] ThreadPoolExecutor-0_4 - HTTP/1.1 POST https://az-phx-001.cognitedata.com/api/v1/projects/bdx-dev/raw/dbs/db_databricks_everest_raw/tables/tb_KNVK/rows?ensureParent=True 200
2026-07-29 21:25:23.700 UTC [DEBUG   ] ThreadPoolExecutor-0_0 - https://az-phx-001.cognitedata.com:443 "POST /api/v1/projects/bdx-dev/raw/dbs/db_databricks_everest_raw/tables/tb_QMFE/rows?ensureParent=True HTTP/1.1" 200 6
2026-07-29 21:25:23.700 UTC [DEBUG   ] ThreadPoolExecutor-0_0 - HTTP/1.1 POST https://az-phx-001.cognitedata.com/api/v1/projects/bdx-dev/raw/dbs/db_databricks_everest_raw/tables/tb_QMFE/rows?ensureParent=True 200
2026-07-29 21:25:24.090 UTC [DEBUG   ] ThreadPoolExecutor-0_3 - https://az-phx-001.cognitedata.com:443 "POST /api/v1/projects/bdx-dev/raw/dbs/db_databricks_everest_raw/tables/tb_QMFE/rows?ensureParent=True HTTP/1.1" 200 6
2026-07-29 21:25:24.090 UTC [DEBUG   ] ThreadPoolExecutor-0_3 - HTTP/1.1 POST https://az-phx-001.cognitedata.com/api/v1/projects/bdx-dev/raw/dbs/db_databricks_everest_raw/tables/tb_QMFE/rows?ensureParent=True 200
2026-07-29 21:25:24.622 UTC [DEBUG   ] ThreadPoolExecutor-0_4 - https://az-phx-001.cognitedata.com:443 "POST /api/v1/projects/bdx-dev/raw/dbs/db_databricks_everest_raw/tables/tb_QPCT/rows?ensureParent=True HTTP/1.1" 200 6
2026-07-29 21:25:24.622 UTC [DEBUG   ] ThreadPoolExecutor-0_1 - https://az-phx-001.cognitedata.com:443 "POST /api/v1/projects/bdx-dev/raw/dbs/db_databricks_everest_raw/tables/tb_QPCT/rows?ensureParent=True HTTP/1.1" 200 6
2026-07-29 21:25:24.622 UTC [DEBUG   ] ThreadPoolExecutor-0_4 - HTTP/1.1 POST https://az-phx-001.cognitedata.com/api/v1/projects/bdx-dev/raw/dbs/db_databricks_everest_raw/tables/tb_QPCT/rows?ensureParent=True 200
2026-07-29 21:25:24.622 UTC [DEBUG   ] ThreadPoolExecutor-0_1 - HTTP/1.1 POST https://az-phx-001.cognitedata.com/api/v1/projects/bdx-dev/raw/dbs/db_databricks_everest_raw/tables/tb_QPCT/rows?ensureParent=True 200
2026-07-29 21:25:24.637 UTC [DEBUG   ] ThreadPoolExecutor-0_2 - https://az-phx-001.cognitedata.com:443 "POST /api/v1/projects/bdx-dev/raw/dbs/db_databricks_everest_raw/tables/tb_QPCT/rows?ensureParent=True HTTP/1.1" 200 6
2026-07-29 21:25:24.637 UTC [DEBUG   ] ThreadPoolExecutor-0_2 - HTTP/1.1 POST https://az-phx-001.cognitedata.com/api/v1/projects/bdx-dev/raw/dbs/db_databricks_everest_raw/tables/tb_QPCT/rows?ensureParent=True 200
2026-07-29 21:25:24.653 UTC [DEBUG   ] ThreadPoolExecutor-0_0 - https://az-phx-001.cognitedata.com:443 "POST /api/v1/projects/bdx-dev/raw/dbs/db_databricks_everest_raw/tables/tb_QPCT/rows?ensureParent=True HTTP/1.1" 200 6
2026-07-29 21:25:24.653 UTC [DEBUG   ] ThreadPoolExecutor-0_0 - HTTP/1.1 POST https://az-phx-001.cognitedata.com/api/v1/projects/bdx-dev/raw/dbs/db_databricks_everest_raw/tables/tb_QPCT/rows?ensureParent=True 200
2026-07-29 21:25:24.684 UTC [DEBUG   ] ThreadPoolExecutor-0_3 - https://az-phx-001.cognitedata.com:443 "POST /api/v1/projects/bdx-dev/raw/dbs/db_databricks_everest_raw/tables/tb_QPCT/rows?ensureParent=True HTTP/1.1" 200 6
2026-07-29 21:25:24.684 UTC [DEBUG   ] ThreadPoolExecutor-0_3 - HTTP/1.1 POST https://az-phx-001.cognitedata.com/api/v1/projects/bdx-dev/raw/dbs/db_databricks_everest_raw/tables/tb_QPCT/rows?ensureParent=True 200
2026-07-29 21:25:24.700 UTC [DEBUG   ] ThreadPoolExecutor-0_4 - https://az-phx-001.cognitedata.com:443 "POST /api/v1/projects/bdx-dev/raw/dbs/db_databricks_everest_raw/tables/tb_QPCT/rows?ensureParent=True HTTP/1.1" 200 6
2026-07-29 21:25:24.700 UTC [DEBUG   ] ThreadPoolExecutor-0_4 - HTTP/1.1 POST https://az-phx-001.cognitedata.com/api/v1/projects/bdx-dev/raw/dbs/db_databricks_everest_raw/tables/tb_QPCT/rows?ensureParent=True 200
2026-07-29 21:25:24.715 UTC [INFO    ] QueryExecutor_3 - Uploaded 50000 raw rows
2026-07-29 21:25:26.762 UTC [INFO    ] QueryExecutor_1 - Current_row_count for query extract-everest-KNVK: 190000
2026-07-29 21:25:26.987 UTC [INFO    ] QueryExecutor_3 - Current_row_count for query extract-everest-QPCT: 180000
2026-07-29 21:25:28.425 UTC [INFO    ] QueryExecutor_0 - Current_row_count for query extract-everest-QMUR: 300000
2026-07-29 21:25:28.784 UTC [INFO    ] QueryExecutor_2 - Current_row_count for query extract-everest-QMFE: 190000
2026-07-29 21:25:30.003 UTC [INFO    ] QueryExecutor_3 - Current_row_count for query extract-everest-QPCT: 190000
2026-07-29 21:25:32.721 UTC [INFO    ] QueryExecutor_3 - Upload queue reached threshold size 50000/50000, triggering upload
2026-07-29 21:25:33.065 UTC [DEBUG   ] ThreadPoolExecutor-0_0 - https://az-phx-001.cognitedata.com:443 "POST /api/v1/projects/bdx-dev/raw/dbs/db_databricks_everest_raw/tables/tb_QMUR/rows?ensureParent=True HTTP/1.1" 200 6
2026-07-29 21:25:33.065 UTC [DEBUG   ] ThreadPoolExecutor-0_0 - HTTP/1.1 POST https://az-phx-001.cognitedata.com/api/v1/projects/bdx-dev/raw/dbs/db_databricks_everest_raw/tables/tb_QMUR/rows?ensureParent=True 200
2026-07-29 21:25:33.268 UTC [DEBUG   ] ThreadPoolExecutor-0_1 - https://az-phx-001.cognitedata.com:443 "POST /api/v1/projects/bdx-dev/raw/dbs/db_databricks_everest_raw/tables/tb_QMUR/rows?ensureParent=True HTTP/1.1" 200 6
2026-07-29 21:25:33.268 UTC [DEBUG   ] ThreadPoolExecutor-0_1 - HTTP/1.1 POST https://az-phx-001.cognitedata.com/api/v1/projects/bdx-dev/raw/dbs/db_databricks_everest_raw/tables/tb_QMUR/rows?ensureParent=True 200
2026-07-29 21:25:33.346 UTC [DEBUG   ] ThreadPoolExecutor-0_2 - https://az-phx-001.cognitedata.com:443 "POST /api/v1/projects/bdx-dev/raw/dbs/db_databricks_everest_raw/tables/tb_QMUR/rows?ensureParent=True HTTP/1.1" 200 6
2026-07-29 21:25:33.346 UTC [DEBUG   ] ThreadPoolExecutor-0_2 - HTTP/1.1 POST https://az-phx-001.cognitedata.com/api/v1/projects/bdx-dev/raw/dbs/db_databricks_everest_raw/tables/tb_QMUR/rows?ensureParent=True 200
2026-07-29 21:25:34.031 UTC [DEBUG   ] ThreadPoolExecutor-0_4 - https://az-phx-001.cognitedata.com:443 "POST /api/v1/projects/bdx-dev/raw/dbs/db_databricks_everest_raw/tables/tb_KNVK/rows?ensureParent=True HTTP/1.1" 200 6
2026-07-29 21:25:34.031 UTC [DEBUG   ] ThreadPoolExecutor-0_4 - HTTP/1.1 POST https://az-phx-001.cognitedata.com/api/v1/projects/bdx-dev/raw/dbs/db_databricks_everest_raw/tables/tb_KNVK/rows?ensureParent=True 200
2026-07-29 21:25:34.344 UTC [DEBUG   ] ThreadPoolExecutor-0_1 - https://az-phx-001.cognitedata.com:443 "POST /api/v1/projects/bdx-dev/raw/dbs/db_databricks_everest_raw/tables/tb_QMFE/rows?ensureParent=True HTTP/1.1" 200 6
2026-07-29 21:25:34.344 UTC [DEBUG   ] ThreadPoolExecutor-0_1 - HTTP/1.1 POST https://az-phx-001.cognitedata.com/api/v1/projects/bdx-dev/raw/dbs/db_databricks_everest_raw/tables/tb_QMFE/rows?ensureParent=True 200
2026-07-29 21:25:34.719 UTC [DEBUG   ] ThreadPoolExecutor-0_0 - https://az-phx-001.cognitedata.com:443 "POST /api/v1/projects/bdx-dev/raw/dbs/db_databricks_everest_raw/tables/tb_QMFE/rows?ensureParent=True HTTP/1.1" 200 6
2026-07-29 21:25:34.719 UTC [DEBUG   ] ThreadPoolExecutor-0_0 - HTTP/1.1 POST https://az-phx-001.cognitedata.com/api/v1/projects/bdx-dev/raw/dbs/db_databricks_everest_raw/tables/tb_QMFE/rows?ensureParent=True 200
2026-07-29 21:25:35.203 UTC [DEBUG   ] ThreadPoolExecutor-0_4 - https://az-phx-001.cognitedata.com:443 "POST /api/v1/projects/bdx-dev/raw/dbs/db_databricks_everest_raw/tables/tb_QPCT/rows?ensureParent=True HTTP/1.1" 200 6
2026-07-29 21:25:35.203 UTC [DEBUG   ] ThreadPoolExecutor-0_4 - HTTP/1.1 POST https://az-phx-001.cognitedata.com/api/v1/projects/bdx-dev/raw/dbs/db_databricks_everest_raw/tables/tb_QPCT/rows?ensureParent=True 200
2026-07-29 21:25:35.250 UTC [DEBUG   ] ThreadPoolExecutor-0_3 - https://az-phx-001.cognitedata.com:443 "POST /api/v1/projects/bdx-dev/raw/dbs/db_databricks_everest_raw/tables/tb_QPCT/rows?ensureParent=True HTTP/1.1" 200 6
2026-07-29 21:25:35.250 UTC [DEBUG   ] ThreadPoolExecutor-0_3 - HTTP/1.1 POST https://az-phx-001.cognitedata.com/api/v1/projects/bdx-dev/raw/dbs/db_databricks_everest_raw/tables/tb_QPCT/rows?ensureParent=True 200
2026-07-29 21:25:35.250 UTC [DEBUG   ] ThreadPoolExecutor-0_1 - https://az-phx-001.cognitedata.com:443 "POST /api/v1/projects/bdx-dev/raw/dbs/db_databricks_everest_raw/tables/tb_QPCT/rows?ensureParent=True HTTP/1.1" 200 6
2026-07-29 21:25:35.250 UTC [DEBUG   ] ThreadPoolExecutor-0_1 - HTTP/1.1 POST https://az-phx-001.cognitedata.com/api/v1/projects/bdx-dev/raw/dbs/db_databricks_everest_raw/tables/tb_QPCT/rows?ensureParent=True 200
2026-07-29 21:25:35.250 UTC [DEBUG   ] ThreadPoolExecutor-0_2 - https://az-phx-001.cognitedata.com:443 "POST /api/v1/projects/bdx-dev/raw/dbs/db_databricks_everest_raw/tables/tb_QPCT/rows?ensureParent=True HTTP/1.1" 200 6
2026-07-29 21:25:35.250 UTC [DEBUG   ] ThreadPoolExecutor-0_2 - HTTP/1.1 POST https://az-phx-001.cognitedata.com/api/v1/projects/bdx-dev/raw/dbs/db_databricks_everest_raw/tables/tb_QPCT/rows?ensureParent=True 200
2026-07-29 21:25:35.297 UTC [DEBUG   ] ThreadPoolExecutor-0_4 - https://az-phx-001.cognitedata.com:443 "POST /api/v1/projects/bdx-dev/raw/dbs/db_databricks_everest_raw/tables/tb_QPCT/rows?ensureParent=True HTTP/1.1" 200 6
2026-07-29 21:25:35.297 UTC [DEBUG   ] ThreadPoolExecutor-0_4 - HTTP/1.1 POST https://az-phx-001.cognitedata.com/api/v1/projects/bdx-dev/raw/dbs/db_databricks_everest_raw/tables/tb_QPCT/rows?ensureParent=True 200
2026-07-29 21:25:35.297 UTC [DEBUG   ] ThreadPoolExecutor-0_0 - https://az-phx-001.cognitedata.com:443 "POST /api/v1/projects/bdx-dev/raw/dbs/db_databricks_everest_raw/tables/tb_QPCT/rows?ensureParent=True HTTP/1.1" 200 6
2026-07-29 21:25:35.297 UTC [DEBUG   ] ThreadPoolExecutor-0_0 - HTTP/1.1 POST https://az-phx-001.cognitedata.com/api/v1/projects/bdx-dev/raw/dbs/db_databricks_everest_raw/tables/tb_QPCT/rows?ensureParent=True 200
2026-07-29 21:25:35.297 UTC [INFO    ] QueryExecutor_3 - Uploaded 50000 raw rows
2026-07-29 21:25:35.703 UTC [INFO    ] QueryExecutor_3 - Current_row_count for query extract-everest-QPCT: 200000
2026-07-29 21:25:37.594 UTC [INFO    ] QueryExecutor_0 - Current_row_count for query extract-everest-QMUR: 310000
2026-07-29 21:25:38.578 UTC [INFO    ] QueryExecutor_3 - Current_row_count for query extract-everest-QPCT: 210000
2026-07-29 21:25:41.734 UTC [INFO    ] QueryExecutor_3 - Current_row_count for query extract-everest-QPCT: 220000
2026-07-29 21:25:43.000 UTC [INFO    ] QueryExecutor_2 - Current_row_count for query extract-everest-QMFE: 200000
2026-07-29 21:25:43.250 UTC [INFO    ] QueryExecutor_3 - Upload queue reached threshold size 50000/50000, triggering upload
2026-07-29 21:25:43.859 UTC [DEBUG   ] ThreadPoolExecutor-0_3 - https://az-phx-001.cognitedata.com:443 "POST /api/v1/projects/bdx-dev/raw/dbs/db_databricks_everest_raw/tables/tb_KNVK/rows?ensureParent=True HTTP/1.1" 200 6
2026-07-29 21:25:43.859 UTC [DEBUG   ] ThreadPoolExecutor-0_3 - HTTP/1.1 POST https://az-phx-001.cognitedata.com/api/v1/projects/bdx-dev/raw/dbs/db_databricks_everest_raw/tables/tb_KNVK/rows?ensureParent=True 200
2026-07-29 21:25:44.172 UTC [DEBUG   ] ThreadPoolExecutor-0_0 - https://az-phx-001.cognitedata.com:443 "POST /api/v1/projects/bdx-dev/raw/dbs/db_databricks_everest_raw/tables/tb_QMUR/rows?ensureParent=True HTTP/1.1" 200 6
2026-07-29 21:25:44.172 UTC [DEBUG   ] ThreadPoolExecutor-0_0 - HTTP/1.1 POST https://az-phx-001.cognitedata.com/api/v1/projects/bdx-dev/raw/dbs/db_databricks_everest_raw/tables/tb_QMUR/rows?ensureParent=True 200
2026-07-29 21:25:44.312 UTC [DEBUG   ] ThreadPoolExecutor-0_2 - https://az-phx-001.cognitedata.com:443 "POST /api/v1/projects/bdx-dev/raw/dbs/db_databricks_everest_raw/tables/tb_QMUR/rows?ensureParent=True HTTP/1.1" 200 6
2026-07-29 21:25:44.312 UTC [DEBUG   ] ThreadPoolExecutor-0_2 - HTTP/1.1 POST https://az-phx-001.cognitedata.com/api/v1/projects/bdx-dev/raw/dbs/db_databricks_everest_raw/tables/tb_QMUR/rows?ensureParent=True 200
2026-07-29 21:25:44.343 UTC [DEBUG   ] ThreadPoolExecutor-0_4 - https://az-phx-001.cognitedata.com:443 "POST /api/v1/projects/bdx-dev/raw/dbs/db_databricks_everest_raw/tables/tb_QMUR/rows?ensureParent=True HTTP/1.1" 200 6
2026-07-29 21:25:44.343 UTC [DEBUG   ] ThreadPoolExecutor-0_4 - HTTP/1.1 POST https://az-phx-001.cognitedata.com/api/v1/projects/bdx-dev/raw/dbs/db_databricks_everest_raw/tables/tb_QMUR/rows?ensureParent=True 200
2026-07-29 21:25:44.656 UTC [DEBUG   ] ThreadPoolExecutor-0_1 - https://az-phx-001.cognitedata.com:443 "POST /api/v1/projects/bdx-dev/raw/dbs/db_databricks_everest_raw/tables/tb_QMFE/rows?ensureParent=True HTTP/1.1" 200 6
2026-07-29 21:25:44.672 UTC [DEBUG   ] ThreadPoolExecutor-0_1 - HTTP/1.1 POST https://az-phx-001.cognitedata.com/api/v1/projects/bdx-dev/raw/dbs/db_databricks_everest_raw/tables/tb_QMFE/rows?ensureParent=True 200
2026-07-29 21:25:44.953 UTC [DEBUG   ] ThreadPoolExecutor-0_3 - https://az-phx-001.cognitedata.com:443 "POST /api/v1/projects/bdx-dev/raw/dbs/db_databricks_everest_raw/tables/tb_QMFE/rows?ensureParent=True HTTP/1.1" 200 6
2026-07-29 21:25:44.953 UTC [DEBUG   ] ThreadPoolExecutor-0_3 - HTTP/1.1 POST https://az-phx-001.cognitedata.com/api/v1/projects/bdx-dev/raw/dbs/db_databricks_everest_raw/tables/tb_QMFE/rows?ensureParent=True 200
2026-07-29 21:25:45.609 UTC [DEBUG   ] ThreadPoolExecutor-0_2 - https://az-phx-001.cognitedata.com:443 "POST /api/v1/projects/bdx-dev/raw/dbs/db_databricks_everest_raw/tables/tb_QPCT/rows?ensureParent=True HTTP/1.1" 200 6
2026-07-29 21:25:45.609 UTC [DEBUG   ] ThreadPoolExecutor-0_2 - HTTP/1.1 POST https://az-phx-001.cognitedata.com/api/v1/projects/bdx-dev/raw/dbs/db_databricks_everest_raw/tables/tb_QPCT/rows?ensureParent=True 200
2026-07-29 21:25:45.609 UTC [DEBUG   ] ThreadPoolExecutor-0_4 - https://az-phx-001.cognitedata.com:443 "POST /api/v1/projects/bdx-dev/raw/dbs/db_databricks_everest_raw/tables/tb_QPCT/rows?ensureParent=True HTTP/1.1" 200 6
2026-07-29 21:25:45.625 UTC [DEBUG   ] ThreadPoolExecutor-0_4 - HTTP/1.1 POST https://az-phx-001.cognitedata.com/api/v1/projects/bdx-dev/raw/dbs/db_databricks_everest_raw/tables/tb_QPCT/rows?ensureParent=True 200
2026-07-29 21:25:45.625 UTC [DEBUG   ] ThreadPoolExecutor-0_1 - https://az-phx-001.cognitedata.com:443 "POST /api/v1/projects/bdx-dev/raw/dbs/db_databricks_everest_raw/tables/tb_QPCT/rows?ensureParent=True HTTP/1.1" 200 6
2026-07-29 21:25:45.625 UTC [DEBUG   ] ThreadPoolExecutor-0_1 - HTTP/1.1 POST https://az-phx-001.cognitedata.com/api/v1/projects/bdx-dev/raw/dbs/db_databricks_everest_raw/tables/tb_QPCT/rows?ensureParent=True 200
2026-07-29 21:25:45.625 UTC [DEBUG   ] ThreadPoolExecutor-0_0 - https://az-phx-001.cognitedata.com:443 "POST /api/v1/projects/bdx-dev/raw/dbs/db_databricks_everest_raw/tables/tb_QPCT/rows?ensureParent=True HTTP/1.1" 200 6
2026-07-29 21:25:45.625 UTC [DEBUG   ] ThreadPoolExecutor-0_0 - HTTP/1.1 POST https://az-phx-001.cognitedata.com/api/v1/projects/bdx-dev/raw/dbs/db_databricks_everest_raw/tables/tb_QPCT/rows?ensureParent=True 200
2026-07-29 21:25:45.672 UTC [DEBUG   ] ThreadPoolExecutor-0_3 - https://az-phx-001.cognitedata.com:443 "POST /api/v1/projects/bdx-dev/raw/dbs/db_databricks_everest_raw/tables/tb_QPCT/rows?ensureParent=True HTTP/1.1" 200 6
2026-07-29 21:25:45.672 UTC [DEBUG   ] ThreadPoolExecutor-0_3 - HTTP/1.1 POST https://az-phx-001.cognitedata.com/api/v1/projects/bdx-dev/raw/dbs/db_databricks_everest_raw/tables/tb_QPCT/rows?ensureParent=True 200
2026-07-29 21:25:45.687 UTC [DEBUG   ] ThreadPoolExecutor-0_2 - https://az-phx-001.cognitedata.com:443 "POST /api/v1/projects/bdx-dev/raw/dbs/db_databricks_everest_raw/tables/tb_QPCT/rows?ensureParent=True HTTP/1.1" 200 6
2026-07-29 21:25:45.703 UTC [DEBUG   ] ThreadPoolExecutor-0_2 - HTTP/1.1 POST https://az-phx-001.cognitedata.com/api/v1/projects/bdx-dev/raw/dbs/db_databricks_everest_raw/tables/tb_QPCT/rows?ensureParent=True 200
2026-07-29 21:25:45.703 UTC [INFO    ] QueryExecutor_3 - Uploaded 50000 raw rows
2026-07-29 21:25:46.734 UTC [INFO    ] QueryExecutor_0 - Current_row_count for query extract-everest-QMUR: 320000
2026-07-29 21:25:47.171 UTC [INFO    ] QueryExecutor_3 - Current_row_count for query extract-everest-QPCT: 230000
2026-07-29 21:25:47.656 UTC [INFO    ] QueryExecutor_1 - Current_row_count for query extract-everest-KNVK: 200000
2026-07-29 21:25:50.320 UTC [INFO    ] QueryExecutor_3 - Current_row_count for query extract-everest-QPCT: 240000
2026-07-29 21:25:53.304 UTC [INFO    ] QueryExecutor_0 - Current_row_count for query extract-everest-QMUR: 330000
2026-07-29 21:25:53.367 UTC [INFO    ] QueryExecutor_3 - Current_row_count for query extract-everest-QPCT: 250000
2026-07-29 21:25:53.710 UTC [INFO    ] QueryExecutor_3 - Upload queue reached threshold size 50000/50000, triggering upload
2026-07-29 21:25:53.992 UTC [DEBUG   ] ThreadPoolExecutor-0_0 - https://az-phx-001.cognitedata.com:443 "POST /api/v1/projects/bdx-dev/raw/dbs/db_databricks_everest_raw/tables/tb_QMUR/rows?ensureParent=True HTTP/1.1" 200 6
2026-07-29 21:25:53.992 UTC [DEBUG   ] ThreadPoolExecutor-0_0 - HTTP/1.1 POST https://az-phx-001.cognitedata.com/api/v1/projects/bdx-dev/raw/dbs/db_databricks_everest_raw/tables/tb_QMUR/rows?ensureParent=True 200
2026-07-29 21:25:54.210 UTC [DEBUG   ] ThreadPoolExecutor-0_4 - https://az-phx-001.cognitedata.com:443 "POST /api/v1/projects/bdx-dev/raw/dbs/db_databricks_everest_raw/tables/tb_QMUR/rows?ensureParent=True HTTP/1.1" 200 6
2026-07-29 21:25:54.210 UTC [DEBUG   ] ThreadPoolExecutor-0_4 - HTTP/1.1 POST https://az-phx-001.cognitedata.com/api/v1/projects/bdx-dev/raw/dbs/db_databricks_everest_raw/tables/tb_QMUR/rows?ensureParent=True 200
2026-07-29 21:25:54.257 UTC [DEBUG   ] ThreadPoolExecutor-0_1 - https://az-phx-001.cognitedata.com:443 "POST /api/v1/projects/bdx-dev/raw/dbs/db_databricks_everest_raw/tables/tb_QMUR/rows?ensureParent=True HTTP/1.1" 200 6
2026-07-29 21:25:54.257 UTC [DEBUG   ] ThreadPoolExecutor-0_1 - HTTP/1.1 POST https://az-phx-001.cognitedata.com/api/v1/projects/bdx-dev/raw/dbs/db_databricks_everest_raw/tables/tb_QMUR/rows?ensureParent=True 200
2026-07-29 21:25:54.945 UTC [DEBUG   ] ThreadPoolExecutor-0_2 - https://az-phx-001.cognitedata.com:443 "POST /api/v1/projects/bdx-dev/raw/dbs/db_databricks_everest_raw/tables/tb_KNVK/rows?ensureParent=True HTTP/1.1" 200 6
2026-07-29 21:25:54.945 UTC [DEBUG   ] ThreadPoolExecutor-0_2 - HTTP/1.1 POST https://az-phx-001.cognitedata.com/api/v1/projects/bdx-dev/raw/dbs/db_databricks_everest_raw/tables/tb_KNVK/rows?ensureParent=True 200
2026-07-29 21:25:55.289 UTC [DEBUG   ] ThreadPoolExecutor-0_4 - https://az-phx-001.cognitedata.com:443 "POST /api/v1/projects/bdx-dev/raw/dbs/db_databricks_everest_raw/tables/tb_QMFE/rows?ensureParent=True HTTP/1.1" 200 6
2026-07-29 21:25:55.289 UTC [DEBUG   ] ThreadPoolExecutor-0_4 - HTTP/1.1 POST https://az-phx-001.cognitedata.com/api/v1/projects/bdx-dev/raw/dbs/db_databricks_everest_raw/tables/tb_QMFE/rows?ensureParent=True 200
2026-07-29 21:25:55.492 UTC [DEBUG   ] ThreadPoolExecutor-0_0 - https://az-phx-001.cognitedata.com:443 "POST /api/v1/projects/bdx-dev/raw/dbs/db_databricks_everest_raw/tables/tb_QMFE/rows?ensureParent=True HTTP/1.1" 200 6
2026-07-29 21:25:55.492 UTC [DEBUG   ] ThreadPoolExecutor-0_0 - HTTP/1.1 POST https://az-phx-001.cognitedata.com/api/v1/projects/bdx-dev/raw/dbs/db_databricks_everest_raw/tables/tb_QMFE/rows?ensureParent=True 200
2026-07-29 21:25:56.054 UTC [DEBUG   ] ThreadPoolExecutor-0_4 - https://az-phx-001.cognitedata.com:443 "POST /api/v1/projects/bdx-dev/raw/dbs/db_databricks_everest_raw/tables/tb_QPCT/rows?ensureParent=True HTTP/1.1" 200 6
2026-07-29 21:25:56.054 UTC [DEBUG   ] ThreadPoolExecutor-0_4 - HTTP/1.1 POST https://az-phx-001.cognitedata.com/api/v1/projects/bdx-dev/raw/dbs/db_databricks_everest_raw/tables/tb_QPCT/rows?ensureParent=True 200
2026-07-29 21:25:56.054 UTC [DEBUG   ] ThreadPoolExecutor-0_2 - https://az-phx-001.cognitedata.com:443 "POST /api/v1/projects/bdx-dev/raw/dbs/db_databricks_everest_raw/tables/tb_QPCT/rows?ensureParent=True HTTP/1.1" 200 6
2026-07-29 21:25:56.054 UTC [DEBUG   ] ThreadPoolExecutor-0_2 - HTTP/1.1 POST https://az-phx-001.cognitedata.com/api/v1/projects/bdx-dev/raw/dbs/db_databricks_everest_raw/tables/tb_QPCT/rows?ensureParent=True 200
2026-07-29 21:25:56.054 UTC [DEBUG   ] ThreadPoolExecutor-0_1 - https://az-phx-001.cognitedata.com:443 "POST /api/v1/projects/bdx-dev/raw/dbs/db_databricks_everest_raw/tables/tb_QPCT/rows?ensureParent=True HTTP/1.1" 200 6
2026-07-29 21:25:56.054 UTC [DEBUG   ] ThreadPoolExecutor-0_1 - HTTP/1.1 POST https://az-phx-001.cognitedata.com/api/v1/projects/bdx-dev/raw/dbs/db_databricks_everest_raw/tables/tb_QPCT/rows?ensureParent=True 200
2026-07-29 21:25:56.054 UTC [DEBUG   ] ThreadPoolExecutor-0_3 - https://az-phx-001.cognitedata.com:443 "POST /api/v1/projects/bdx-dev/raw/dbs/db_databricks_everest_raw/tables/tb_QPCT/rows?ensureParent=True HTTP/1.1" 200 6
2026-07-29 21:25:56.054 UTC [DEBUG   ] ThreadPoolExecutor-0_3 - HTTP/1.1 POST https://az-phx-001.cognitedata.com/api/v1/projects/bdx-dev/raw/dbs/db_databricks_everest_raw/tables/tb_QPCT/rows?ensureParent=True 200
2026-07-29 21:25:56.085 UTC [DEBUG   ] ThreadPoolExecutor-0_0 - https://az-phx-001.cognitedata.com:443 "POST /api/v1/projects/bdx-dev/raw/dbs/db_databricks_everest_raw/tables/tb_QPCT/rows?ensureParent=True HTTP/1.1" 200 6
2026-07-29 21:25:56.085 UTC [DEBUG   ] ThreadPoolExecutor-0_0 - HTTP/1.1 POST https://az-phx-001.cognitedata.com/api/v1/projects/bdx-dev/raw/dbs/db_databricks_everest_raw/tables/tb_QPCT/rows?ensureParent=True 200
2026-07-29 21:25:56.132 UTC [DEBUG   ] ThreadPoolExecutor-0_4 - https://az-phx-001.cognitedata.com:443 "POST /api/v1/projects/bdx-dev/raw/dbs/db_databricks_everest_raw/tables/tb_QPCT/rows?ensureParent=True HTTP/1.1" 200 6
2026-07-29 21:25:56.132 UTC [DEBUG   ] ThreadPoolExecutor-0_4 - HTTP/1.1 POST https://az-phx-001.cognitedata.com/api/v1/projects/bdx-dev/raw/dbs/db_databricks_everest_raw/tables/tb_QPCT/rows?ensureParent=True 200
2026-07-29 21:25:56.132 UTC [INFO    ] QueryExecutor_3 - Uploaded 50000 raw rows
2026-07-29 21:25:58.742 UTC [INFO    ] QueryExecutor_3 - Current_row_count for query extract-everest-QPCT: 260000
2026-07-29 21:25:58.867 UTC [INFO    ] QueryExecutor_2 - Current_row_count for query extract-everest-QMFE: 210000
2026-07-29 21:26:01.804 UTC [INFO    ] QueryExecutor_3 - Current_row_count for query extract-everest-QPCT: 270000
2026-07-29 21:26:02.304 UTC [INFO    ] QueryExecutor_0 - Current_row_count for query extract-everest-QMUR: 340000
2026-07-29 21:26:03.855 UTC [INFO    ] QueryExecutor_2 - Upload queue reached threshold size 50000/50000, triggering upload
2026-07-29 21:26:04.198 UTC [DEBUG   ] ThreadPoolExecutor-0_3 - https://az-phx-001.cognitedata.com:443 "POST /api/v1/projects/bdx-dev/raw/dbs/db_databricks_everest_raw/tables/tb_QMUR/rows?ensureParent=True HTTP/1.1" 200 6
2026-07-29 21:26:04.198 UTC [DEBUG   ] ThreadPoolExecutor-0_3 - HTTP/1.1 POST https://az-phx-001.cognitedata.com/api/v1/projects/bdx-dev/raw/dbs/db_databricks_everest_raw/tables/tb_QMUR/rows?ensureParent=True 200
2026-07-29 21:26:04.308 UTC [DEBUG   ] ThreadPoolExecutor-0_2 - https://az-phx-001.cognitedata.com:443 "POST /api/v1/projects/bdx-dev/raw/dbs/db_databricks_everest_raw/tables/tb_QMUR/rows?ensureParent=True HTTP/1.1" 200 6
2026-07-29 21:26:04.308 UTC [DEBUG   ] ThreadPoolExecutor-0_2 - HTTP/1.1 POST https://az-phx-001.cognitedata.com/api/v1/projects/bdx-dev/raw/dbs/db_databricks_everest_raw/tables/tb_QMUR/rows?ensureParent=True 200
2026-07-29 21:26:04.308 UTC [DEBUG   ] ThreadPoolExecutor-0_1 - https://az-phx-001.cognitedata.com:443 "POST /api/v1/projects/bdx-dev/raw/dbs/db_databricks_everest_raw/tables/tb_QMUR/rows?ensureParent=True HTTP/1.1" 200 6
2026-07-29 21:26:04.308 UTC [DEBUG   ] ThreadPoolExecutor-0_1 - HTTP/1.1 POST https://az-phx-001.cognitedata.com/api/v1/projects/bdx-dev/raw/dbs/db_databricks_everest_raw/tables/tb_QMUR/rows?ensureParent=True 200
2026-07-29 21:26:04.948 UTC [DEBUG   ] ThreadPoolExecutor-0_4 - https://az-phx-001.cognitedata.com:443 "POST /api/v1/projects/bdx-dev/raw/dbs/db_databricks_everest_raw/tables/tb_KNVK/rows?ensureParent=True HTTP/1.1" 200 6
2026-07-29 21:26:04.948 UTC [DEBUG   ] ThreadPoolExecutor-0_4 - HTTP/1.1 POST https://az-phx-001.cognitedata.com/api/v1/projects/bdx-dev/raw/dbs/db_databricks_everest_raw/tables/tb_KNVK/rows?ensureParent=True 200
2026-07-29 21:26:05.308 UTC [DEBUG   ] ThreadPoolExecutor-0_2 - https://az-phx-001.cognitedata.com:443 "POST /api/v1/projects/bdx-dev/raw/dbs/db_databricks_everest_raw/tables/tb_QMFE/rows?ensureParent=True HTTP/1.1" 200 6
2026-07-29 21:26:05.308 UTC [DEBUG   ] ThreadPoolExecutor-0_2 - HTTP/1.1 POST https://az-phx-001.cognitedata.com/api/v1/projects/bdx-dev/raw/dbs/db_databricks_everest_raw/tables/tb_QMFE/rows?ensureParent=True 200
2026-07-29 21:26:05.511 UTC [DEBUG   ] ThreadPoolExecutor-0_3 - https://az-phx-001.cognitedata.com:443 "POST /api/v1/projects/bdx-dev/raw/dbs/db_databricks_everest_raw/tables/tb_QMFE/rows?ensureParent=True HTTP/1.1" 200 6
2026-07-29 21:26:05.511 UTC [DEBUG   ] ThreadPoolExecutor-0_3 - HTTP/1.1 POST https://az-phx-001.cognitedata.com/api/v1/projects/bdx-dev/raw/dbs/db_databricks_everest_raw/tables/tb_QMFE/rows?ensureParent=True 200
2026-07-29 21:26:05.980 UTC [DEBUG   ] ThreadPoolExecutor-0_4 - https://az-phx-001.cognitedata.com:443 "POST /api/v1/projects/bdx-dev/raw/dbs/db_databricks_everest_raw/tables/tb_QPCT/rows?ensureParent=True HTTP/1.1" 200 6
2026-07-29 21:26:05.980 UTC [DEBUG   ] ThreadPoolExecutor-0_4 - HTTP/1.1 POST https://az-phx-001.cognitedata.com/api/v1/projects/bdx-dev/raw/dbs/db_databricks_everest_raw/tables/tb_QPCT/rows?ensureParent=True 200
2026-07-29 21:26:06.058 UTC [DEBUG   ] ThreadPoolExecutor-0_2 - https://az-phx-001.cognitedata.com:443 "POST /api/v1/projects/bdx-dev/raw/dbs/db_databricks_everest_raw/tables/tb_QPCT/rows?ensureParent=True HTTP/1.1" 200 6
2026-07-29 21:26:06.058 UTC [DEBUG   ] ThreadPoolExecutor-0_2 - HTTP/1.1 POST https://az-phx-001.cognitedata.com/api/v1/projects/bdx-dev/raw/dbs/db_databricks_everest_raw/tables/tb_QPCT/rows?ensureParent=True 200
2026-07-29 21:26:06.073 UTC [DEBUG   ] ThreadPoolExecutor-0_3 - https://az-phx-001.cognitedata.com:443 "POST /api/v1/projects/bdx-dev/raw/dbs/db_databricks_everest_raw/tables/tb_QPCT/rows?ensureParent=True HTTP/1.1" 200 6
2026-07-29 21:26:06.073 UTC [DEBUG   ] ThreadPoolExecutor-0_1 - https://az-phx-001.cognitedata.com:443 "POST /api/v1/projects/bdx-dev/raw/dbs/db_databricks_everest_raw/tables/tb_QPCT/rows?ensureParent=True HTTP/1.1" 200 6
2026-07-29 21:26:06.073 UTC [DEBUG   ] ThreadPoolExecutor-0_3 - HTTP/1.1 POST https://az-phx-001.cognitedata.com/api/v1/projects/bdx-dev/raw/dbs/db_databricks_everest_raw/tables/tb_QPCT/rows?ensureParent=True 200
2026-07-29 21:26:06.073 UTC [DEBUG   ] ThreadPoolExecutor-0_1 - HTTP/1.1 POST https://az-phx-001.cognitedata.com/api/v1/projects/bdx-dev/raw/dbs/db_databricks_everest_raw/tables/tb_QPCT/rows?ensureParent=True 200
2026-07-29 21:26:06.089 UTC [DEBUG   ] ThreadPoolExecutor-0_0 - https://az-phx-001.cognitedata.com:443 "POST /api/v1/projects/bdx-dev/raw/dbs/db_databricks_everest_raw/tables/tb_QPCT/rows?ensureParent=True HTTP/1.1" 200 6
2026-07-29 21:26:06.089 UTC [DEBUG   ] ThreadPoolExecutor-0_0 - HTTP/1.1 POST https://az-phx-001.cognitedata.com/api/v1/projects/bdx-dev/raw/dbs/db_databricks_everest_raw/tables/tb_QPCT/rows?ensureParent=True 200
2026-07-29 21:26:06.105 UTC [DEBUG   ] ThreadPoolExecutor-0_4 - https://az-phx-001.cognitedata.com:443 "POST /api/v1/projects/bdx-dev/raw/dbs/db_databricks_everest_raw/tables/tb_QPCT/rows?ensureParent=True HTTP/1.1" 200 6
2026-07-29 21:26:06.105 UTC [DEBUG   ] ThreadPoolExecutor-0_4 - HTTP/1.1 POST https://az-phx-001.cognitedata.com/api/v1/projects/bdx-dev/raw/dbs/db_databricks_everest_raw/tables/tb_QPCT/rows?ensureParent=True 200
2026-07-29 21:26:06.105 UTC [INFO    ] QueryExecutor_2 - Uploaded 50000 raw rows
2026-07-29 21:26:06.980 UTC [INFO    ] QueryExecutor_3 - Current_row_count for query extract-everest-QPCT: 280000
2026-07-29 21:26:08.026 UTC [INFO    ] QueryExecutor_1 - Current_row_count for query extract-everest-KNVK: 210000
2026-07-29 21:26:10.105 UTC [INFO    ] QueryExecutor_3 - Current_row_count for query extract-everest-QPCT: 290000
2026-07-29 21:26:11.042 UTC [INFO    ] QueryExecutor_0 - Current_row_count for query extract-everest-QMUR: 350000
2026-07-29 21:26:13.136 UTC [INFO    ] QueryExecutor_3 - Current_row_count for query extract-everest-QPCT: 300000
2026-07-29 21:26:13.526 UTC [INFO    ] QueryExecutor_2 - Current_row_count for query extract-everest-QMFE: 220000
2026-07-29 21:26:14.167 UTC [INFO    ] QueryExecutor_3 - Upload queue reached threshold size 50000/50000, triggering upload
2026-07-29 21:26:14.698 UTC [DEBUG   ] ThreadPoolExecutor-0_2 - https://az-phx-001.cognitedata.com:443 "POST /api/v1/projects/bdx-dev/raw/dbs/db_databricks_everest_raw/tables/tb_QPCT/rows?ensureParent=True HTTP/1.1" 200 6
2026-07-29 21:26:14.698 UTC [DEBUG   ] ThreadPoolExecutor-0_2 - HTTP/1.1 POST https://az-phx-001.cognitedata.com/api/v1/projects/bdx-dev/raw/dbs/db_databricks_everest_raw/tables/tb_QPCT/rows?ensureParent=True 200
2026-07-29 21:26:14.698 UTC [DEBUG   ] ThreadPoolExecutor-0_1 - https://az-phx-001.cognitedata.com:443 "POST /api/v1/projects/bdx-dev/raw/dbs/db_databricks_everest_raw/tables/tb_QPCT/rows?ensureParent=True HTTP/1.1" 200 6
2026-07-29 21:26:14.698 UTC [DEBUG   ] ThreadPoolExecutor-0_0 - https://az-phx-001.cognitedata.com:443 "POST /api/v1/projects/bdx-dev/raw/dbs/db_databricks_everest_raw/tables/tb_QPCT/rows?ensureParent=True HTTP/1.1" 200 6
2026-07-29 21:26:14.698 UTC [DEBUG   ] ThreadPoolExecutor-0_1 - HTTP/1.1 POST https://az-phx-001.cognitedata.com/api/v1/projects/bdx-dev/raw/dbs/db_databricks_everest_raw/tables/tb_QPCT/rows?ensureParent=True 200
2026-07-29 21:26:14.698 UTC [DEBUG   ] ThreadPoolExecutor-0_0 - HTTP/1.1 POST https://az-phx-001.cognitedata.com/api/v1/projects/bdx-dev/raw/dbs/db_databricks_everest_raw/tables/tb_QPCT/rows?ensureParent=True 200
2026-07-29 21:26:14.698 UTC [DEBUG   ] ThreadPoolExecutor-0_3 - https://az-phx-001.cognitedata.com:443 "POST /api/v1/projects/bdx-dev/raw/dbs/db_databricks_everest_raw/tables/tb_QPCT/rows?ensureParent=True HTTP/1.1" 200 6
2026-07-29 21:26:14.698 UTC [DEBUG   ] ThreadPoolExecutor-0_3 - HTTP/1.1 POST https://az-phx-001.cognitedata.com/api/v1/projects/bdx-dev/raw/dbs/db_databricks_everest_raw/tables/tb_QPCT/rows?ensureParent=True 200
2026-07-29 21:26:14.839 UTC [DEBUG   ] ThreadPoolExecutor-0_2 - https://az-phx-001.cognitedata.com:443 "POST /api/v1/projects/bdx-dev/raw/dbs/db_databricks_everest_raw/tables/tb_QPCT/rows?ensureParent=True HTTP/1.1" 200 6
2026-07-29 21:26:14.839 UTC [DEBUG   ] ThreadPoolExecutor-0_4 - https://az-phx-001.cognitedata.com:443 "POST /api/v1/projects/bdx-dev/raw/dbs/db_databricks_everest_raw/tables/tb_QPCT/rows?ensureParent=True HTTP/1.1" 200 6
2026-07-29 21:26:14.839 UTC [DEBUG   ] ThreadPoolExecutor-0_2 - HTTP/1.1 POST https://az-phx-001.cognitedata.com/api/v1/projects/bdx-dev/raw/dbs/db_databricks_everest_raw/tables/tb_QPCT/rows?ensureParent=True 200
2026-07-29 21:26:14.839 UTC [DEBUG   ] ThreadPoolExecutor-0_4 - HTTP/1.1 POST https://az-phx-001.cognitedata.com/api/v1/projects/bdx-dev/raw/dbs/db_databricks_everest_raw/tables/tb_QPCT/rows?ensureParent=True 200
2026-07-29 21:26:15.182 UTC [DEBUG   ] ThreadPoolExecutor-0_3 - https://az-phx-001.cognitedata.com:443 "POST /api/v1/projects/bdx-dev/raw/dbs/db_databricks_everest_raw/tables/tb_QMUR/rows?ensureParent=True HTTP/1.1" 200 6
2026-07-29 21:26:15.182 UTC [DEBUG   ] ThreadPoolExecutor-0_3 - HTTP/1.1 POST https://az-phx-001.cognitedata.com/api/v1/projects/bdx-dev/raw/dbs/db_databricks_everest_raw/tables/tb_QMUR/rows?ensureParent=True 200
2026-07-29 21:26:15.370 UTC [DEBUG   ] ThreadPoolExecutor-0_1 - https://az-phx-001.cognitedata.com:443 "POST /api/v1/projects/bdx-dev/raw/dbs/db_databricks_everest_raw/tables/tb_QMUR/rows?ensureParent=True HTTP/1.1" 200 6
2026-07-29 21:26:15.370 UTC [DEBUG   ] ThreadPoolExecutor-0_1 - HTTP/1.1 POST https://az-phx-001.cognitedata.com/api/v1/projects/bdx-dev/raw/dbs/db_databricks_everest_raw/tables/tb_QMUR/rows?ensureParent=True 200
2026-07-29 21:26:15.417 UTC [DEBUG   ] ThreadPoolExecutor-0_0 - https://az-phx-001.cognitedata.com:443 "POST /api/v1/projects/bdx-dev/raw/dbs/db_databricks_everest_raw/tables/tb_QMUR/rows?ensureParent=True HTTP/1.1" 200 6
2026-07-29 21:26:15.417 UTC [DEBUG   ] ThreadPoolExecutor-0_0 - HTTP/1.1 POST https://az-phx-001.cognitedata.com/api/v1/projects/bdx-dev/raw/dbs/db_databricks_everest_raw/tables/tb_QMUR/rows?ensureParent=True 200
2026-07-29 21:26:16.026 UTC [DEBUG   ] ThreadPoolExecutor-0_4 - https://az-phx-001.cognitedata.com:443 "POST /api/v1/projects/bdx-dev/raw/dbs/db_databricks_everest_raw/tables/tb_KNVK/rows?ensureParent=True HTTP/1.1" 200 6
2026-07-29 21:26:16.026 UTC [DEBUG   ] ThreadPoolExecutor-0_4 - HTTP/1.1 POST https://az-phx-001.cognitedata.com/api/v1/projects/bdx-dev/raw/dbs/db_databricks_everest_raw/tables/tb_KNVK/rows?ensureParent=True 200
2026-07-29 21:26:16.214 UTC [DEBUG   ] ThreadPoolExecutor-0_1 - https://az-phx-001.cognitedata.com:443 "POST /api/v1/projects/bdx-dev/raw/dbs/db_databricks_everest_raw/tables/tb_QMFE/rows?ensureParent=True HTTP/1.1" 200 6
2026-07-29 21:26:16.214 UTC [DEBUG   ] ThreadPoolExecutor-0_1 - HTTP/1.1 POST https://az-phx-001.cognitedata.com/api/v1/projects/bdx-dev/raw/dbs/db_databricks_everest_raw/tables/tb_QMFE/rows?ensureParent=True 200
2026-07-29 21:26:16.604 UTC [DEBUG   ] ThreadPoolExecutor-0_3 - https://az-phx-001.cognitedata.com:443 "POST /api/v1/projects/bdx-dev/raw/dbs/db_databricks_everest_raw/tables/tb_QMFE/rows?ensureParent=True HTTP/1.1" 200 6
2026-07-29 21:26:16.604 UTC [DEBUG   ] ThreadPoolExecutor-0_3 - HTTP/1.1 POST https://az-phx-001.cognitedata.com/api/v1/projects/bdx-dev/raw/dbs/db_databricks_everest_raw/tables/tb_QMFE/rows?ensureParent=True 200
2026-07-29 21:26:16.604 UTC [INFO    ] QueryExecutor_3 - Uploaded 50000 raw rows
2026-07-29 21:26:18.401 UTC [INFO    ] QueryExecutor_3 - Current_row_count for query extract-everest-QPCT: 310000
2026-07-29 21:26:20.280 UTC [INFO    ] QueryExecutor_0 - Current_row_count for query extract-everest-QMUR: 360000
2026-07-29 21:26:20.389 UTC [INFO    ] QueryExecutor_1 - No more rows for extract-everest-KNVK. 216114 rows extracted in 4.27e+02 seconds
2026-07-29 21:26:20.389 UTC [INFO    ] QueryExecutor_1 - Reporting new success run: No more rows for extract-everest-KNVK. 216114 rows extracted in 4.27e+02 seconds
2026-07-29 21:26:20.452 UTC [DEBUG   ] ThreadPoolExecutor-0_2 - https://az-phx-001.cognitedata.com:443 "POST /api/v1/projects/bdx-dev/extpipes/runs HTTP/1.1" 200 213
2026-07-29 21:26:20.452 UTC [DEBUG   ] ThreadPoolExecutor-0_2 - HTTP/1.1 POST https://az-phx-001.cognitedata.com/api/v1/projects/bdx-dev/extpipes/runs 200
2026-07-29 21:26:20.592 UTC [DEBUG   ] ThreadPoolExecutor-0_1 - https://az-phx-001.cognitedata.com:443 "POST /api/v1/projects/bdx-dev/raw/dbs/db_databricks_everest_raw/tables/tb_QMUR/rows?ensureParent=True HTTP/1.1" 200 6
2026-07-29 21:26:20.592 UTC [DEBUG   ] ThreadPoolExecutor-0_1 - HTTP/1.1 POST https://az-phx-001.cognitedata.com/api/v1/projects/bdx-dev/raw/dbs/db_databricks_everest_raw/tables/tb_QMUR/rows?ensureParent=True 200
2026-07-29 21:26:20.827 UTC [DEBUG   ] ThreadPoolExecutor-0_0 - https://az-phx-001.cognitedata.com:443 "POST /api/v1/projects/bdx-dev/raw/dbs/db_databricks_everest_raw/tables/tb_QMUR/rows?ensureParent=True HTTP/1.1" 200 6
2026-07-29 21:26:20.827 UTC [DEBUG   ] ThreadPoolExecutor-0_0 - HTTP/1.1 POST https://az-phx-001.cognitedata.com/api/v1/projects/bdx-dev/raw/dbs/db_databricks_everest_raw/tables/tb_QMUR/rows?ensureParent=True 200
2026-07-29 21:26:21.186 UTC [DEBUG   ] ThreadPoolExecutor-0_4 - https://az-phx-001.cognitedata.com:443 "POST /api/v1/projects/bdx-dev/raw/dbs/db_databricks_everest_raw/tables/tb_KNVK/rows?ensureParent=True HTTP/1.1" 200 6
2026-07-29 21:26:21.186 UTC [DEBUG   ] ThreadPoolExecutor-0_4 - HTTP/1.1 POST https://az-phx-001.cognitedata.com/api/v1/projects/bdx-dev/raw/dbs/db_databricks_everest_raw/tables/tb_KNVK/rows?ensureParent=True 200
2026-07-29 21:26:21.546 UTC [DEBUG   ] ThreadPoolExecutor-0_3 - https://az-phx-001.cognitedata.com:443 "POST /api/v1/projects/bdx-dev/raw/dbs/db_databricks_everest_raw/tables/tb_QMFE/rows?ensureParent=True HTTP/1.1" 200 6
2026-07-29 21:26:21.546 UTC [DEBUG   ] ThreadPoolExecutor-0_3 - HTTP/1.1 POST https://az-phx-001.cognitedata.com/api/v1/projects/bdx-dev/raw/dbs/db_databricks_everest_raw/tables/tb_QMFE/rows?ensureParent=True 200
2026-07-29 21:26:21.733 UTC [DEBUG   ] ThreadPoolExecutor-0_4 - https://az-phx-001.cognitedata.com:443 "POST /api/v1/projects/bdx-dev/raw/dbs/db_databricks_everest_raw/tables/tb_QPCT/rows?ensureParent=True HTTP/1.1" 200 6
2026-07-29 21:26:21.733 UTC [DEBUG   ] ThreadPoolExecutor-0_4 - HTTP/1.1 POST https://az-phx-001.cognitedata.com/api/v1/projects/bdx-dev/raw/dbs/db_databricks_everest_raw/tables/tb_QPCT/rows?ensureParent=True 200
2026-07-29 21:26:21.889 UTC [DEBUG   ] ThreadPoolExecutor-0_2 - https://az-phx-001.cognitedata.com:443 "POST /api/v1/projects/bdx-dev/raw/dbs/db_databricks_everest_raw/tables/tb_QPCT/rows?ensureParent=True HTTP/1.1" 200 6
2026-07-29 21:26:21.889 UTC [DEBUG   ] ThreadPoolExecutor-0_2 - HTTP/1.1 POST https://az-phx-001.cognitedata.com/api/v1/projects/bdx-dev/raw/dbs/db_databricks_everest_raw/tables/tb_QPCT/rows?ensureParent=True 200
2026-07-29 21:26:21.983 UTC [DEBUG   ] ThreadPoolExecutor-0_0 - https://az-phx-001.cognitedata.com:443 "POST /api/v1/projects/bdx-dev/raw/dbs/db_databricks_everest_raw/tables/tb_QPCT/rows?ensureParent=True HTTP/1.1" 200 6
2026-07-29 21:26:21.983 UTC [DEBUG   ] ThreadPoolExecutor-0_0 - HTTP/1.1 POST https://az-phx-001.cognitedata.com/api/v1/projects/bdx-dev/raw/dbs/db_databricks_everest_raw/tables/tb_QPCT/rows?ensureParent=True 200
2026-07-29 21:26:21.999 UTC [INFO    ] QueryExecutor_1 - Uploaded 24114 raw rows
2026-07-29 21:26:22.780 UTC [INFO    ] QueryExecutor_3 - Current_row_count for query extract-everest-QPCT: 320000
2026-07-29 21:26:23.655 UTC [INFO    ] QueryExecutor_1 - Connected to db-databricks-raw successfully
2026-07-29 21:26:23.655 UTC [INFO    ] QueryExecutor_1 - Starting extraction of extract-everest-TQ80
2026-07-29 21:26:23.655 UTC [INFO    ] QueryExecutor_1 - Getting rows from odbc
2026-07-29 21:26:24.545 UTC [INFO    ] QueryExecutor_1 - No more rows for extract-everest-TQ80. 60 rows extracted in 0.891 seconds
2026-07-29 21:26:24.545 UTC [INFO    ] QueryExecutor_1 - Reporting new success run: No more rows for extract-everest-TQ80. 60 rows extracted in 0.891 seconds
2026-07-29 21:26:24.592 UTC [DEBUG   ] ThreadPoolExecutor-0_3 - https://az-phx-001.cognitedata.com:443 "POST /api/v1/projects/bdx-dev/extpipes/runs HTTP/1.1" 200 206
2026-07-29 21:26:24.592 UTC [DEBUG   ] ThreadPoolExecutor-0_3 - HTTP/1.1 POST https://az-phx-001.cognitedata.com/api/v1/projects/bdx-dev/extpipes/runs 200
2026-07-29 21:26:24.764 UTC [DEBUG   ] ThreadPoolExecutor-0_0 - https://az-phx-001.cognitedata.com:443 "POST /api/v1/projects/bdx-dev/raw/dbs/db_databricks_everest_raw/tables/tb_QPCT/rows?ensureParent=True HTTP/1.1" 200 6
2026-07-29 21:26:24.764 UTC [DEBUG   ] ThreadPoolExecutor-0_0 - HTTP/1.1 POST https://az-phx-001.cognitedata.com/api/v1/projects/bdx-dev/raw/dbs/db_databricks_everest_raw/tables/tb_QPCT/rows?ensureParent=True 200
2026-07-29 21:26:24.905 UTC [DEBUG   ] ThreadPoolExecutor-0_4 - https://az-phx-001.cognitedata.com:443 "POST /api/v1/projects/bdx-dev/raw/dbs/db_databricks_everest_raw/tables/tb_QPCT/rows?ensureParent=True HTTP/1.1" 200 6
2026-07-29 21:26:24.905 UTC [DEBUG   ] ThreadPoolExecutor-0_4 - HTTP/1.1 POST https://az-phx-001.cognitedata.com/api/v1/projects/bdx-dev/raw/dbs/db_databricks_everest_raw/tables/tb_QPCT/rows?ensureParent=True 200
2026-07-29 21:26:25.014 UTC [DEBUG   ] ThreadPoolExecutor-0_2 - https://az-phx-001.cognitedata.com:443 "POST /api/v1/projects/bdx-dev/raw/dbs/db_databricks_everest_raw/tables/tb_QPCT/rows?ensureParent=True HTTP/1.1" 200 6
2026-07-29 21:26:25.014 UTC [DEBUG   ] ThreadPoolExecutor-0_2 - HTTP/1.1 POST https://az-phx-001.cognitedata.com/api/v1/projects/bdx-dev/raw/dbs/db_databricks_everest_raw/tables/tb_QPCT/rows?ensureParent=True 200
2026-07-29 21:26:25.452 UTC [DEBUG   ] ThreadPoolExecutor-0_3 - https://az-phx-001.cognitedata.com:443 "POST /api/v1/projects/bdx-dev/raw/dbs/db_databricks_everest_raw/tables/tb_QMFE/rows?ensureParent=True HTTP/1.1" 200 6
2026-07-29 21:26:25.467 UTC [DEBUG   ] ThreadPoolExecutor-0_3 - HTTP/1.1 POST https://az-phx-001.cognitedata.com/api/v1/projects/bdx-dev/raw/dbs/db_databricks_everest_raw/tables/tb_QMFE/rows?ensureParent=True 200
2026-07-29 21:26:25.624 UTC [DEBUG   ] ThreadPoolExecutor-0_4 - https://az-phx-001.cognitedata.com:443 "POST /api/v1/projects/bdx-dev/raw/dbs/db_databricks_everest_raw/tables/tb_QMUR/rows?ensureParent=True HTTP/1.1" 200 6
2026-07-29 21:26:25.624 UTC [DEBUG   ] ThreadPoolExecutor-0_4 - HTTP/1.1 POST https://az-phx-001.cognitedata.com/api/v1/projects/bdx-dev/raw/dbs/db_databricks_everest_raw/tables/tb_QMUR/rows?ensureParent=True 200
2026-07-29 21:26:25.858 UTC [DEBUG   ] ThreadPoolExecutor-0_0 - https://az-phx-001.cognitedata.com:443 "POST /api/v1/projects/bdx-dev/raw/dbs/db_databricks_everest_raw/tables/tb_QMUR/rows?ensureParent=True HTTP/1.1" 200 6
2026-07-29 21:26:25.858 UTC [DEBUG   ] ThreadPoolExecutor-0_0 - HTTP/1.1 POST https://az-phx-001.cognitedata.com/api/v1/projects/bdx-dev/raw/dbs/db_databricks_everest_raw/tables/tb_QMUR/rows?ensureParent=True 200
2026-07-29 21:26:25.905 UTC [DEBUG   ] ThreadPoolExecutor-0_1 - https://az-phx-001.cognitedata.com:443 "POST /api/v1/projects/bdx-dev/raw/dbs/db_databricks_everest_raw/tables/tb_TQ80/rows?ensureParent=True HTTP/1.1" 200 6
2026-07-29 21:26:25.905 UTC [DEBUG   ] ThreadPoolExecutor-0_1 - HTTP/1.1 POST https://az-phx-001.cognitedata.com/api/v1/projects/bdx-dev/raw/dbs/db_databricks_everest_raw/tables/tb_TQ80/rows?ensureParent=True 200
2026-07-29 21:26:25.905 UTC [INFO    ] QueryExecutor_1 - Uploaded 22060 raw rows
2026-07-29 21:26:26.311 UTC [INFO    ] QueryExecutor_3 - Current_row_count for query extract-everest-QPCT: 330000
2026-07-29 21:26:27.139 UTC [INFO    ] QueryExecutor_1 - Connected to db-databricks-raw successfully
2026-07-29 21:26:27.139 UTC [INFO    ] QueryExecutor_1 - Starting extraction of extract-everest-OBJK
2026-07-29 21:26:27.139 UTC [INFO    ] QueryExecutor_1 - Getting rows from odbc
2026-07-29 21:26:27.217 UTC [INFO    ] QueryExecutor_0 - Current_row_count for query extract-everest-QMUR: 370000
2026-07-29 21:26:27.702 UTC [INFO    ] QueryExecutor_2 - Current_row_count for query extract-everest-QMFE: 230000
2026-07-29 21:26:28.123 UTC [INFO    ] QueryExecutor_1 - No more rows for extract-everest-OBJK. 10 rows extracted in 0.984 seconds
2026-07-29 21:26:28.123 UTC [INFO    ] QueryExecutor_1 - Reporting new success run: No more rows for extract-everest-OBJK. 10 rows extracted in 0.984 seconds
2026-07-29 21:26:28.155 UTC [DEBUG   ] ThreadPoolExecutor-0_2 - https://az-phx-001.cognitedata.com:443 "POST /api/v1/projects/bdx-dev/extpipes/runs HTTP/1.1" 200 206
2026-07-29 21:26:28.155 UTC [DEBUG   ] ThreadPoolExecutor-0_2 - HTTP/1.1 POST https://az-phx-001.cognitedata.com/api/v1/projects/bdx-dev/extpipes/runs 200
2026-07-29 21:26:28.311 UTC [DEBUG   ] ThreadPoolExecutor-0_1 - https://az-phx-001.cognitedata.com:443 "POST /api/v1/projects/bdx-dev/raw/dbs/db_databricks_everest_raw/tables/tb_QPCT/rows?ensureParent=True HTTP/1.1" 200 6
2026-07-29 21:26:28.311 UTC [DEBUG   ] ThreadPoolExecutor-0_1 - HTTP/1.1 POST https://az-phx-001.cognitedata.com/api/v1/projects/bdx-dev/raw/dbs/db_databricks_everest_raw/tables/tb_QPCT/rows?ensureParent=True 200
2026-07-29 21:26:28.483 UTC [DEBUG   ] ThreadPoolExecutor-0_0 - https://az-phx-001.cognitedata.com:443 "POST /api/v1/projects/bdx-dev/raw/dbs/db_databricks_everest_raw/tables/tb_QPCT/rows?ensureParent=True HTTP/1.1" 200 6
2026-07-29 21:26:28.483 UTC [DEBUG   ] ThreadPoolExecutor-0_0 - HTTP/1.1 POST https://az-phx-001.cognitedata.com/api/v1/projects/bdx-dev/raw/dbs/db_databricks_everest_raw/tables/tb_QPCT/rows?ensureParent=True 200
2026-07-29 21:26:28.498 UTC [DEBUG   ] ThreadPoolExecutor-0_3 - https://az-phx-001.cognitedata.com:443 "POST /api/v1/projects/bdx-dev/raw/dbs/db_databricks_everest_raw/tables/tb_QPCT/rows?ensureParent=True HTTP/1.1" 200 6
2026-07-29 21:26:28.498 UTC [DEBUG   ] ThreadPoolExecutor-0_3 - HTTP/1.1 POST https://az-phx-001.cognitedata.com/api/v1/projects/bdx-dev/raw/dbs/db_databricks_everest_raw/tables/tb_QPCT/rows?ensureParent=True 200
2026-07-29 21:26:28.873 UTC [DEBUG   ] ThreadPoolExecutor-0_2 - https://az-phx-001.cognitedata.com:443 "POST /api/v1/projects/bdx-dev/raw/dbs/db_databricks_everest_raw/tables/tb_QMFE/rows?ensureParent=True HTTP/1.1" 200 6
2026-07-29 21:26:28.873 UTC [DEBUG   ] ThreadPoolExecutor-0_2 - HTTP/1.1 POST https://az-phx-001.cognitedata.com/api/v1/projects/bdx-dev/raw/dbs/db_databricks_everest_raw/tables/tb_QMFE/rows?ensureParent=True 200
2026-07-29 21:26:28.998 UTC [DEBUG   ] ThreadPoolExecutor-0_0 - https://az-phx-001.cognitedata.com:443 "POST /api/v1/projects/bdx-dev/raw/dbs/db_databricks_everest_raw/tables/tb_QMUR/rows?ensureParent=True HTTP/1.1" 200 6
2026-07-29 21:26:28.998 UTC [DEBUG   ] ThreadPoolExecutor-0_0 - HTTP/1.1 POST https://az-phx-001.cognitedata.com/api/v1/projects/bdx-dev/raw/dbs/db_databricks_everest_raw/tables/tb_QMUR/rows?ensureParent=True 200
2026-07-29 21:26:29.248 UTC [DEBUG   ] ThreadPoolExecutor-0_1 - https://az-phx-001.cognitedata.com:443 "POST /api/v1/projects/bdx-dev/raw/dbs/db_databricks_everest_raw/tables/tb_QMUR/rows?ensureParent=True HTTP/1.1" 200 6
2026-07-29 21:26:29.248 UTC [DEBUG   ] ThreadPoolExecutor-0_1 - HTTP/1.1 POST https://az-phx-001.cognitedata.com/api/v1/projects/bdx-dev/raw/dbs/db_databricks_everest_raw/tables/tb_QMUR/rows?ensureParent=True 200
2026-07-29 21:26:29.295 UTC [DEBUG   ] ThreadPoolExecutor-0_4 - https://az-phx-001.cognitedata.com:443 "POST /api/v1/projects/bdx-dev/raw/dbs/db_databricks_everest_raw/tables/tb_OBJK/rows?ensureParent=True HTTP/1.1" 200 6
2026-07-29 21:26:29.295 UTC [DEBUG   ] ThreadPoolExecutor-0_4 - HTTP/1.1 POST https://az-phx-001.cognitedata.com/api/v1/projects/bdx-dev/raw/dbs/db_databricks_everest_raw/tables/tb_OBJK/rows?ensureParent=True 200
2026-07-29 21:26:29.295 UTC [INFO    ] QueryExecutor_1 - Uploaded 20010 raw rows
2026-07-29 21:26:29.545 UTC [INFO    ] QueryExecutor_3 - Current_row_count for query extract-everest-QPCT: 340000
2026-07-29 21:26:30.561 UTC [INFO    ] QueryExecutor_1 - Connected to db-databricks-raw successfully
2026-07-29 21:26:30.576 UTC [INFO    ] QueryExecutor_1 - Starting extraction of extract-everest-SER01
2026-07-29 21:26:30.576 UTC [INFO    ] QueryExecutor_1 - Getting rows from odbc
2026-07-29 21:26:31.405 UTC [INFO    ] QueryExecutor_3 - Current_row_count for query extract-everest-QPCT: 350000
2026-07-29 21:26:32.326 UTC [INFO    ] QueryExecutor_0 - Current_row_count for query extract-everest-QMUR: 380000
2026-07-29 21:26:34.221 UTC [INFO    ] QueryExecutor_3 - Current_row_count for query extract-everest-QPCT: 360000
2026-07-29 21:26:35.596 UTC [INFO    ] QueryExecutor_3 - Upload queue reached threshold size 50000/50000, triggering upload
2026-07-29 21:26:36.158 UTC [DEBUG   ] ThreadPoolExecutor-0_4 - https://az-phx-001.cognitedata.com:443 "POST /api/v1/projects/bdx-dev/raw/dbs/db_databricks_everest_raw/tables/tb_QPCT/rows?ensureParent=True HTTP/1.1" 200 6
2026-07-29 21:26:36.158 UTC [DEBUG   ] ThreadPoolExecutor-0_4 - HTTP/1.1 POST https://az-phx-001.cognitedata.com/api/v1/projects/bdx-dev/raw/dbs/db_databricks_everest_raw/tables/tb_QPCT/rows?ensureParent=True 200
2026-07-29 21:26:36.221 UTC [DEBUG   ] ThreadPoolExecutor-0_3 - https://az-phx-001.cognitedata.com:443 "POST /api/v1/projects/bdx-dev/raw/dbs/db_databricks_everest_raw/tables/tb_QPCT/rows?ensureParent=True HTTP/1.1" 200 6
2026-07-29 21:26:36.221 UTC [DEBUG   ] ThreadPoolExecutor-0_3 - HTTP/1.1 POST https://az-phx-001.cognitedata.com/api/v1/projects/bdx-dev/raw/dbs/db_databricks_everest_raw/tables/tb_QPCT/rows?ensureParent=True 200
2026-07-29 21:26:36.221 UTC [DEBUG   ] ThreadPoolExecutor-0_2 - https://az-phx-001.cognitedata.com:443 "POST /api/v1/projects/bdx-dev/raw/dbs/db_databricks_everest_raw/tables/tb_QPCT/rows?ensureParent=True HTTP/1.1" 200 6
2026-07-29 21:26:36.221 UTC [DEBUG   ] ThreadPoolExecutor-0_2 - HTTP/1.1 POST https://az-phx-001.cognitedata.com/api/v1/projects/bdx-dev/raw/dbs/db_databricks_everest_raw/tables/tb_QPCT/rows?ensureParent=True 200
2026-07-29 21:26:36.236 UTC [DEBUG   ] ThreadPoolExecutor-0_0 - https://az-phx-001.cognitedata.com:443 "POST /api/v1/projects/bdx-dev/raw/dbs/db_databricks_everest_raw/tables/tb_QPCT/rows?ensureParent=True HTTP/1.1" 200 6
2026-07-29 21:26:36.236 UTC [DEBUG   ] ThreadPoolExecutor-0_0 - HTTP/1.1 POST https://az-phx-001.cognitedata.com/api/v1/projects/bdx-dev/raw/dbs/db_databricks_everest_raw/tables/tb_QPCT/rows?ensureParent=True 200
2026-07-29 21:26:36.236 UTC [DEBUG   ] ThreadPoolExecutor-0_1 - https://az-phx-001.cognitedata.com:443 "POST /api/v1/projects/bdx-dev/raw/dbs/db_databricks_everest_raw/tables/tb_QPCT/rows?ensureParent=True HTTP/1.1" 200 6
2026-07-29 21:26:36.236 UTC [DEBUG   ] ThreadPoolExecutor-0_1 - HTTP/1.1 POST https://az-phx-001.cognitedata.com/api/v1/projects/bdx-dev/raw/dbs/db_databricks_everest_raw/tables/tb_QPCT/rows?ensureParent=True 200
2026-07-29 21:26:36.549 UTC [DEBUG   ] ThreadPoolExecutor-0_3 - https://az-phx-001.cognitedata.com:443 "POST /api/v1/projects/bdx-dev/raw/dbs/db_databricks_everest_raw/tables/tb_QMFE/rows?ensureParent=True HTTP/1.1" 200 6
2026-07-29 21:26:36.549 UTC [DEBUG   ] ThreadPoolExecutor-0_3 - HTTP/1.1 POST https://az-phx-001.cognitedata.com/api/v1/projects/bdx-dev/raw/dbs/db_databricks_everest_raw/tables/tb_QMFE/rows?ensureParent=True 200
2026-07-29 21:26:36.783 UTC [DEBUG   ] ThreadPoolExecutor-0_4 - https://az-phx-001.cognitedata.com:443 "POST /api/v1/projects/bdx-dev/raw/dbs/db_databricks_everest_raw/tables/tb_QMFE/rows?ensureParent=True HTTP/1.1" 200 6
2026-07-29 21:26:36.783 UTC [DEBUG   ] ThreadPoolExecutor-0_4 - HTTP/1.1 POST https://az-phx-001.cognitedata.com/api/v1/projects/bdx-dev/raw/dbs/db_databricks_everest_raw/tables/tb_QMFE/rows?ensureParent=True 200
2026-07-29 21:26:37.033 UTC [DEBUG   ] ThreadPoolExecutor-0_2 - https://az-phx-001.cognitedata.com:443 "POST /api/v1/projects/bdx-dev/raw/dbs/db_databricks_everest_raw/tables/tb_QMUR/rows?ensureParent=True HTTP/1.1" 200 6
2026-07-29 21:26:37.033 UTC [DEBUG   ] ThreadPoolExecutor-0_2 - HTTP/1.1 POST https://az-phx-001.cognitedata.com/api/v1/projects/bdx-dev/raw/dbs/db_databricks_everest_raw/tables/tb_QMUR/rows?ensureParent=True 200
2026-07-29 21:26:37.346 UTC [DEBUG   ] ThreadPoolExecutor-0_1 - https://az-phx-001.cognitedata.com:443 "POST /api/v1/projects/bdx-dev/raw/dbs/db_databricks_everest_raw/tables/tb_QMUR/rows?ensureParent=True HTTP/1.1" 200 6
2026-07-29 21:26:37.346 UTC [DEBUG   ] ThreadPoolExecutor-0_1 - HTTP/1.1 POST https://az-phx-001.cognitedata.com/api/v1/projects/bdx-dev/raw/dbs/db_databricks_everest_raw/tables/tb_QMUR/rows?ensureParent=True 200
2026-07-29 21:26:37.361 UTC [DEBUG   ] ThreadPoolExecutor-0_0 - https://az-phx-001.cognitedata.com:443 "POST /api/v1/projects/bdx-dev/raw/dbs/db_databricks_everest_raw/tables/tb_QMUR/rows?ensureParent=True HTTP/1.1" 200 6
2026-07-29 21:26:37.361 UTC [DEBUG   ] ThreadPoolExecutor-0_0 - HTTP/1.1 POST https://az-phx-001.cognitedata.com/api/v1/projects/bdx-dev/raw/dbs/db_databricks_everest_raw/tables/tb_QMUR/rows?ensureParent=True 200
2026-07-29 21:26:37.736 UTC [DEBUG   ] ThreadPoolExecutor-0_3 - https://az-phx-001.cognitedata.com:443 "POST /api/v1/projects/bdx-dev/raw/dbs/db_databricks_everest_raw/tables/tb_SER01/rows?ensureParent=True HTTP/1.1" 200 6
2026-07-29 21:26:37.736 UTC [DEBUG   ] ThreadPoolExecutor-0_3 - HTTP/1.1 POST https://az-phx-001.cognitedata.com/api/v1/projects/bdx-dev/raw/dbs/db_databricks_everest_raw/tables/tb_SER01/rows?ensureParent=True 200
2026-07-29 21:26:38.736 UTC [DEBUG   ] ThreadPoolExecutor-0_4 - https://az-phx-001.cognitedata.com:443 "POST /api/v1/projects/bdx-dev/raw/dbs/db_databricks_everest_raw/tables/tb_SER01/rows?ensureParent=True HTTP/1.1" 200 6
2026-07-29 21:26:38.736 UTC [DEBUG   ] ThreadPoolExecutor-0_4 - HTTP/1.1 POST https://az-phx-001.cognitedata.com/api/v1/projects/bdx-dev/raw/dbs/db_databricks_everest_raw/tables/tb_SER01/rows?ensureParent=True 200
2026-07-29 21:26:38.736 UTC [INFO    ] QueryExecutor_3 - Uploaded 50000 raw rows
2026-07-29 21:26:40.189 UTC [INFO    ] QueryExecutor_1 - Current_row_count for query extract-everest-SER01: 10000
2026-07-29 21:26:40.643 UTC [INFO    ] QueryExecutor_3 - Current_row_count for query extract-everest-QPCT: 370000
2026-07-29 21:26:41.721 UTC [INFO    ] QueryExecutor_2 - Current_row_count for query extract-everest-QMFE: 240000
2026-07-29 21:26:42.518 UTC [INFO    ] QueryExecutor_0 - Current_row_count for query extract-everest-QMUR: 390000
2026-07-29 21:26:43.893 UTC [INFO    ] QueryExecutor_3 - Current_row_count for query extract-everest-QPCT: 380000
2026-07-29 21:26:44.580 UTC [INFO    ] QueryExecutor_1 - Current_row_count for query extract-everest-SER01: 20000
2026-07-29 21:26:45.361 UTC [INFO    ] QueryExecutor_0 - Upload queue reached threshold size 50000/50000, triggering upload
2026-07-29 21:26:46.158 UTC [DEBUG   ] ThreadPoolExecutor-0_2 - https://az-phx-001.cognitedata.com:443 "POST /api/v1/projects/bdx-dev/raw/dbs/db_databricks_everest_raw/tables/tb_SER01/rows?ensureParent=True HTTP/1.1" 200 6
2026-07-29 21:26:46.158 UTC [DEBUG   ] ThreadPoolExecutor-0_2 - HTTP/1.1 POST https://az-phx-001.cognitedata.com/api/v1/projects/bdx-dev/raw/dbs/db_databricks_everest_raw/tables/tb_SER01/rows?ensureParent=True 200
2026-07-29 21:26:46.424 UTC [DEBUG   ] ThreadPoolExecutor-0_0 - https://az-phx-001.cognitedata.com:443 "POST /api/v1/projects/bdx-dev/raw/dbs/db_databricks_everest_raw/tables/tb_SER01/rows?ensureParent=True HTTP/1.1" 200 6
2026-07-29 21:26:46.424 UTC [DEBUG   ] ThreadPoolExecutor-0_0 - HTTP/1.1 POST https://az-phx-001.cognitedata.com/api/v1/projects/bdx-dev/raw/dbs/db_databricks_everest_raw/tables/tb_SER01/rows?ensureParent=True 200
2026-07-29 21:26:46.642 UTC [DEBUG   ] ThreadPoolExecutor-0_1 - https://az-phx-001.cognitedata.com:443 "POST /api/v1/projects/bdx-dev/raw/dbs/db_databricks_everest_raw/tables/tb_SER01/rows?ensureParent=True HTTP/1.1" 200 6
2026-07-29 21:26:46.642 UTC [DEBUG   ] ThreadPoolExecutor-0_1 - HTTP/1.1 POST https://az-phx-001.cognitedata.com/api/v1/projects/bdx-dev/raw/dbs/db_databricks_everest_raw/tables/tb_SER01/rows?ensureParent=True 200
2026-07-29 21:26:47.080 UTC [DEBUG   ] ThreadPoolExecutor-0_4 - https://az-phx-001.cognitedata.com:443 "POST /api/v1/projects/bdx-dev/raw/dbs/db_databricks_everest_raw/tables/tb_QMUR/rows?ensureParent=True HTTP/1.1" 200 6
2026-07-29 21:26:47.080 UTC [DEBUG   ] ThreadPoolExecutor-0_4 - HTTP/1.1 POST https://az-phx-001.cognitedata.com/api/v1/projects/bdx-dev/raw/dbs/db_databricks_everest_raw/tables/tb_QMUR/rows?ensureParent=True 200
2026-07-29 21:26:47.127 UTC [DEBUG   ] ThreadPoolExecutor-0_3 - https://az-phx-001.cognitedata.com:443 "POST /api/v1/projects/bdx-dev/raw/dbs/db_databricks_everest_raw/tables/tb_QMUR/rows?ensureParent=True HTTP/1.1" 200 6
2026-07-29 21:26:47.127 UTC [DEBUG   ] ThreadPoolExecutor-0_3 - HTTP/1.1 POST https://az-phx-001.cognitedata.com/api/v1/projects/bdx-dev/raw/dbs/db_databricks_everest_raw/tables/tb_QMUR/rows?ensureParent=True 200
2026-07-29 21:26:47.736 UTC [DEBUG   ] ThreadPoolExecutor-0_0 - https://az-phx-001.cognitedata.com:443 "POST /api/v1/projects/bdx-dev/raw/dbs/db_databricks_everest_raw/tables/tb_QMFE/rows?ensureParent=True HTTP/1.1" 200 6
2026-07-29 21:26:47.752 UTC [DEBUG   ] ThreadPoolExecutor-0_0 - HTTP/1.1 POST https://az-phx-001.cognitedata.com/api/v1/projects/bdx-dev/raw/dbs/db_databricks_everest_raw/tables/tb_QMFE/rows?ensureParent=True 200
2026-07-29 21:26:48.189 UTC [DEBUG   ] ThreadPoolExecutor-0_4 - https://az-phx-001.cognitedata.com:443 "POST /api/v1/projects/bdx-dev/raw/dbs/db_databricks_everest_raw/tables/tb_QPCT/rows?ensureParent=True HTTP/1.1" 200 6
2026-07-29 21:26:48.189 UTC [DEBUG   ] ThreadPoolExecutor-0_4 - HTTP/1.1 POST https://az-phx-001.cognitedata.com/api/v1/projects/bdx-dev/raw/dbs/db_databricks_everest_raw/tables/tb_QPCT/rows?ensureParent=True 200
2026-07-29 21:26:48.236 UTC [DEBUG   ] ThreadPoolExecutor-0_2 - https://az-phx-001.cognitedata.com:443 "POST /api/v1/projects/bdx-dev/raw/dbs/db_databricks_everest_raw/tables/tb_QPCT/rows?ensureParent=True HTTP/1.1" 200 6
2026-07-29 21:26:48.236 UTC [DEBUG   ] ThreadPoolExecutor-0_2 - HTTP/1.1 POST https://az-phx-001.cognitedata.com/api/v1/projects/bdx-dev/raw/dbs/db_databricks_everest_raw/tables/tb_QPCT/rows?ensureParent=True 200
2026-07-29 21:26:48.267 UTC [DEBUG   ] ThreadPoolExecutor-0_3 - https://az-phx-001.cognitedata.com:443 "POST /api/v1/projects/bdx-dev/raw/dbs/db_databricks_everest_raw/tables/tb_QPCT/rows?ensureParent=True HTTP/1.1" 200 6
2026-07-29 21:26:48.267 UTC [DEBUG   ] ThreadPoolExecutor-0_3 - HTTP/1.1 POST https://az-phx-001.cognitedata.com/api/v1/projects/bdx-dev/raw/dbs/db_databricks_everest_raw/tables/tb_QPCT/rows?ensureParent=True 200
2026-07-29 21:26:48.267 UTC [DEBUG   ] ThreadPoolExecutor-0_1 - https://az-phx-001.cognitedata.com:443 "POST /api/v1/projects/bdx-dev/raw/dbs/db_databricks_everest_raw/tables/tb_QPCT/rows?ensureParent=True HTTP/1.1" 200 6
2026-07-29 21:26:48.267 UTC [DEBUG   ] ThreadPoolExecutor-0_1 - HTTP/1.1 POST https://az-phx-001.cognitedata.com/api/v1/projects/bdx-dev/raw/dbs/db_databricks_everest_raw/tables/tb_QPCT/rows?ensureParent=True 200
2026-07-29 21:26:48.267 UTC [INFO    ] QueryExecutor_0 - Uploaded 50000 raw rows
2026-07-29 21:26:50.131 UTC [INFO    ] QueryExecutor_3 - Current_row_count for query extract-everest-QPCT: 390000
2026-07-29 21:26:51.865 UTC [INFO    ] QueryExecutor_1 - Current_row_count for query extract-everest-SER01: 30000
2026-07-29 21:26:52.334 UTC [INFO    ] QueryExecutor_0 - Current_row_count for query extract-everest-QMUR: 400000
2026-07-29 21:26:53.365 UTC [INFO    ] QueryExecutor_3 - Current_row_count for query extract-everest-QPCT: 400000
2026-07-29 21:26:53.959 UTC [INFO    ] QueryExecutor_0 - No more rows for extract-everest-QMUR. 402208 rows extracted in 3.55e+02 seconds
2026-07-29 21:26:53.959 UTC [INFO    ] QueryExecutor_0 - Reporting new success run: No more rows for extract-everest-QMUR. 402208 rows extracted in 3.55e+02 seconds
2026-07-29 21:26:54.006 UTC [DEBUG   ] ThreadPoolExecutor-0_0 - https://az-phx-001.cognitedata.com:443 "POST /api/v1/projects/bdx-dev/extpipes/runs HTTP/1.1" 200 213
2026-07-29 21:26:54.006 UTC [DEBUG   ] ThreadPoolExecutor-0_0 - HTTP/1.1 POST https://az-phx-001.cognitedata.com/api/v1/projects/bdx-dev/extpipes/runs 200
2026-07-29 21:26:54.412 UTC [DEBUG   ] ThreadPoolExecutor-0_1 - https://az-phx-001.cognitedata.com:443 "POST /api/v1/projects/bdx-dev/raw/dbs/db_databricks_everest_raw/tables/tb_SER01/rows?ensureParent=True HTTP/1.1" 200 6
2026-07-29 21:26:54.412 UTC [DEBUG   ] ThreadPoolExecutor-0_1 - HTTP/1.1 POST https://az-phx-001.cognitedata.com/api/v1/projects/bdx-dev/raw/dbs/db_databricks_everest_raw/tables/tb_SER01/rows?ensureParent=True 200
2026-07-29 21:26:54.506 UTC [DEBUG   ] ThreadPoolExecutor-0_3 - https://az-phx-001.cognitedata.com:443 "POST /api/v1/projects/bdx-dev/raw/dbs/db_databricks_everest_raw/tables/tb_SER01/rows?ensureParent=True HTTP/1.1" 200 6
2026-07-29 21:26:54.506 UTC [DEBUG   ] ThreadPoolExecutor-0_3 - HTTP/1.1 POST https://az-phx-001.cognitedata.com/api/v1/projects/bdx-dev/raw/dbs/db_databricks_everest_raw/tables/tb_SER01/rows?ensureParent=True 200
2026-07-29 21:26:55.037 UTC [DEBUG   ] ThreadPoolExecutor-0_2 - https://az-phx-001.cognitedata.com:443 "POST /api/v1/projects/bdx-dev/raw/dbs/db_databricks_everest_raw/tables/tb_SER01/rows?ensureParent=True HTTP/1.1" 200 6
2026-07-29 21:26:55.037 UTC [DEBUG   ] ThreadPoolExecutor-0_2 - HTTP/1.1 POST https://az-phx-001.cognitedata.com/api/v1/projects/bdx-dev/raw/dbs/db_databricks_everest_raw/tables/tb_SER01/rows?ensureParent=True 200
2026-07-29 21:26:55.256 UTC [DEBUG   ] ThreadPoolExecutor-0_3 - https://az-phx-001.cognitedata.com:443 "POST /api/v1/projects/bdx-dev/raw/dbs/db_databricks_everest_raw/tables/tb_QPCT/rows?ensureParent=True HTTP/1.1" 200 6
2026-07-29 21:26:55.256 UTC [DEBUG   ] ThreadPoolExecutor-0_3 - HTTP/1.1 POST https://az-phx-001.cognitedata.com/api/v1/projects/bdx-dev/raw/dbs/db_databricks_everest_raw/tables/tb_QPCT/rows?ensureParent=True 200
2026-07-29 21:26:55.412 UTC [DEBUG   ] ThreadPoolExecutor-0_0 - https://az-phx-001.cognitedata.com:443 "POST /api/v1/projects/bdx-dev/raw/dbs/db_databricks_everest_raw/tables/tb_QPCT/rows?ensureParent=True HTTP/1.1" 200 6
2026-07-29 21:26:55.412 UTC [DEBUG   ] ThreadPoolExecutor-0_0 - HTTP/1.1 POST https://az-phx-001.cognitedata.com/api/v1/projects/bdx-dev/raw/dbs/db_databricks_everest_raw/tables/tb_QPCT/rows?ensureParent=True 200
2026-07-29 21:26:55.412 UTC [DEBUG   ] ThreadPoolExecutor-0_1 - https://az-phx-001.cognitedata.com:443 "POST /api/v1/projects/bdx-dev/raw/dbs/db_databricks_everest_raw/tables/tb_QPCT/rows?ensureParent=True HTTP/1.1" 200 6
2026-07-29 21:26:55.427 UTC [DEBUG   ] ThreadPoolExecutor-0_1 - HTTP/1.1 POST https://az-phx-001.cognitedata.com/api/v1/projects/bdx-dev/raw/dbs/db_databricks_everest_raw/tables/tb_QPCT/rows?ensureParent=True 200
2026-07-29 21:26:55.443 UTC [DEBUG   ] ThreadPoolExecutor-0_4 - https://az-phx-001.cognitedata.com:443 "POST /api/v1/projects/bdx-dev/raw/dbs/db_databricks_everest_raw/tables/tb_QPCT/rows?ensureParent=True HTTP/1.1" 200 6
2026-07-29 21:26:55.443 UTC [DEBUG   ] ThreadPoolExecutor-0_4 - HTTP/1.1 POST https://az-phx-001.cognitedata.com/api/v1/projects/bdx-dev/raw/dbs/db_databricks_everest_raw/tables/tb_QPCT/rows?ensureParent=True 200
2026-07-29 21:26:56.104 UTC [DEBUG   ] ThreadPoolExecutor-0_2 - https://az-phx-001.cognitedata.com:443 "POST /api/v1/projects/bdx-dev/raw/dbs/db_databricks_everest_raw/tables/tb_QMFE/rows?ensureParent=True HTTP/1.1" 200 6
2026-07-29 21:26:56.120 UTC [DEBUG   ] ThreadPoolExecutor-0_2 - HTTP/1.1 POST https://az-phx-001.cognitedata.com/api/v1/projects/bdx-dev/raw/dbs/db_databricks_everest_raw/tables/tb_QMFE/rows?ensureParent=True 200
2026-07-29 21:26:56.448 UTC [DEBUG   ] ThreadPoolExecutor-0_1 - https://az-phx-001.cognitedata.com:443 "POST /api/v1/projects/bdx-dev/raw/dbs/db_databricks_everest_raw/tables/tb_QMUR/rows?ensureParent=True HTTP/1.1" 200 6
2026-07-29 21:26:56.448 UTC [DEBUG   ] ThreadPoolExecutor-0_1 - HTTP/1.1 POST https://az-phx-001.cognitedata.com/api/v1/projects/bdx-dev/raw/dbs/db_databricks_everest_raw/tables/tb_QMUR/rows?ensureParent=True 200
2026-07-29 21:26:56.557 UTC [DEBUG   ] ThreadPoolExecutor-0_0 - https://az-phx-001.cognitedata.com:443 "POST /api/v1/projects/bdx-dev/raw/dbs/db_databricks_everest_raw/tables/tb_QMUR/rows?ensureParent=True HTTP/1.1" 200 6
2026-07-29 21:26:56.557 UTC [DEBUG   ] ThreadPoolExecutor-0_0 - HTTP/1.1 POST https://az-phx-001.cognitedata.com/api/v1/projects/bdx-dev/raw/dbs/db_databricks_everest_raw/tables/tb_QMUR/rows?ensureParent=True 200
2026-07-29 21:26:56.573 UTC [INFO    ] QueryExecutor_0 - Uploaded 44208 raw rows
2026-07-29 21:26:57.792 UTC [INFO    ] QueryExecutor_1 - Current_row_count for query extract-everest-SER01: 40000
2026-07-29 21:26:58.151 UTC [INFO    ] QueryExecutor_0 - Connected to db-databricks-raw successfully
2026-07-29 21:26:58.151 UTC [INFO    ] QueryExecutor_0 - Starting extraction of extract-everest-SER03
2026-07-29 21:26:58.151 UTC [INFO    ] QueryExecutor_0 - Getting rows from odbc
2026-07-29 21:26:58.432 UTC [INFO    ] QueryExecutor_3 - Current_row_count for query extract-everest-QPCT: 410000
2026-07-29 21:26:58.510 UTC [INFO    ] QueryExecutor_2 - Current_row_count for query extract-everest-QMFE: 250000
2026-07-29 21:26:59.057 UTC [INFO    ] QueryExecutor_0 - No more rows for extract-everest-SER03. 7 rows extracted in 0.906 seconds
2026-07-29 21:26:59.057 UTC [INFO    ] QueryExecutor_0 - Reporting new success run: No more rows for extract-everest-SER03. 7 rows extracted in 0.906 seconds
2026-07-29 21:26:59.088 UTC [DEBUG   ] ThreadPoolExecutor-0_3 - https://az-phx-001.cognitedata.com:443 "POST /api/v1/projects/bdx-dev/extpipes/runs HTTP/1.1" 200 206
2026-07-29 21:26:59.088 UTC [DEBUG   ] ThreadPoolExecutor-0_3 - HTTP/1.1 POST https://az-phx-001.cognitedata.com/api/v1/projects/bdx-dev/extpipes/runs 200
2026-07-29 21:26:59.260 UTC [DEBUG   ] ThreadPoolExecutor-0_0 - https://az-phx-001.cognitedata.com:443 "POST /api/v1/projects/bdx-dev/raw/dbs/db_databricks_everest_raw/tables/tb_QPCT/rows?ensureParent=True HTTP/1.1" 200 6
2026-07-29 21:26:59.260 UTC [DEBUG   ] ThreadPoolExecutor-0_0 - HTTP/1.1 POST https://az-phx-001.cognitedata.com/api/v1/projects/bdx-dev/raw/dbs/db_databricks_everest_raw/tables/tb_QPCT/rows?ensureParent=True 200
2026-07-29 21:26:59.370 UTC [DEBUG   ] ThreadPoolExecutor-0_1 - https://az-phx-001.cognitedata.com:443 "POST /api/v1/projects/bdx-dev/raw/dbs/db_databricks_everest_raw/tables/tb_QPCT/rows?ensureParent=True HTTP/1.1" 200 6
2026-07-29 21:26:59.370 UTC [DEBUG   ] ThreadPoolExecutor-0_1 - HTTP/1.1 POST https://az-phx-001.cognitedata.com/api/v1/projects/bdx-dev/raw/dbs/db_databricks_everest_raw/tables/tb_QPCT/rows?ensureParent=True 200
2026-07-29 21:26:59.401 UTC [DEBUG   ] ThreadPoolExecutor-0_4 - https://az-phx-001.cognitedata.com:443 "POST /api/v1/projects/bdx-dev/raw/dbs/db_databricks_everest_raw/tables/tb_QPCT/rows?ensureParent=True HTTP/1.1" 200 6
2026-07-29 21:26:59.401 UTC [DEBUG   ] ThreadPoolExecutor-0_4 - HTTP/1.1 POST https://az-phx-001.cognitedata.com/api/v1/projects/bdx-dev/raw/dbs/db_databricks_everest_raw/tables/tb_QPCT/rows?ensureParent=True 200
2026-07-29 21:26:59.760 UTC [DEBUG   ] ThreadPoolExecutor-0_3 - https://az-phx-001.cognitedata.com:443 "POST /api/v1/projects/bdx-dev/raw/dbs/db_databricks_everest_raw/tables/tb_SER01/rows?ensureParent=True HTTP/1.1" 200 6
2026-07-29 21:26:59.760 UTC [DEBUG   ] ThreadPoolExecutor-0_3 - HTTP/1.1 POST https://az-phx-001.cognitedata.com/api/v1/projects/bdx-dev/raw/dbs/db_databricks_everest_raw/tables/tb_SER01/rows?ensureParent=True 200
2026-07-29 21:26:59.823 UTC [DEBUG   ] ThreadPoolExecutor-0_2 - https://az-phx-001.cognitedata.com:443 "POST /api/v1/projects/bdx-dev/raw/dbs/db_databricks_everest_raw/tables/tb_SER01/rows?ensureParent=True HTTP/1.1" 200 6
2026-07-29 21:26:59.823 UTC [DEBUG   ] ThreadPoolExecutor-0_2 - HTTP/1.1 POST https://az-phx-001.cognitedata.com/api/v1/projects/bdx-dev/raw/dbs/db_databricks_everest_raw/tables/tb_SER01/rows?ensureParent=True 200
2026-07-29 21:27:00.292 UTC [DEBUG   ] ThreadPoolExecutor-0_1 - https://az-phx-001.cognitedata.com:443 "POST /api/v1/projects/bdx-dev/raw/dbs/db_databricks_everest_raw/tables/tb_QMFE/rows?ensureParent=True HTTP/1.1" 200 6
2026-07-29 21:27:00.292 UTC [DEBUG   ] ThreadPoolExecutor-0_1 - HTTP/1.1 POST https://az-phx-001.cognitedata.com/api/v1/projects/bdx-dev/raw/dbs/db_databricks_everest_raw/tables/tb_QMFE/rows?ensureParent=True 200
2026-07-29 21:27:00.338 UTC [DEBUG   ] ThreadPoolExecutor-0_0 - https://az-phx-001.cognitedata.com:443 "POST /api/v1/projects/bdx-dev/raw/dbs/db_databricks_everest_raw/tables/tb_SER03/rows?ensureParent=True HTTP/1.1" 200 6
2026-07-29 21:27:00.338 UTC [DEBUG   ] ThreadPoolExecutor-0_0 - HTTP/1.1 POST https://az-phx-001.cognitedata.com/api/v1/projects/bdx-dev/raw/dbs/db_databricks_everest_raw/tables/tb_SER03/rows?ensureParent=True 200
2026-07-29 21:27:00.338 UTC [INFO    ] QueryExecutor_0 - Uploaded 25007 raw rows
2026-07-29 21:27:01.573 UTC [INFO    ] QueryExecutor_1 - Current_row_count for query extract-everest-SER01: 50000
2026-07-29 21:27:01.573 UTC [INFO    ] QueryExecutor_0 - Connected to db-databricks-raw successfully
2026-07-29 21:27:01.573 UTC [INFO    ] QueryExecutor_0 - Starting extraction of extract-everest-SER05
2026-07-29 21:27:01.573 UTC [INFO    ] QueryExecutor_0 - Getting rows from odbc
2026-07-29 21:27:01.729 UTC [INFO    ] QueryExecutor_3 - Current_row_count for query extract-everest-QPCT: 420000
2026-07-29 21:27:04.790 UTC [INFO    ] QueryExecutor_3 - Current_row_count for query extract-everest-QPCT: 430000
2026-07-29 21:27:05.587 UTC [INFO    ] QueryExecutor_1 - Current_row_count for query extract-everest-SER01: 60000
2026-07-29 21:27:05.993 UTC [INFO    ] QueryExecutor_1 - Upload queue reached threshold size 50000/50000, triggering upload
2026-07-29 21:27:06.368 UTC [DEBUG   ] ThreadPoolExecutor-0_2 - https://az-phx-001.cognitedata.com:443 "POST /api/v1/projects/bdx-dev/raw/dbs/db_databricks_everest_raw/tables/tb_QPCT/rows?ensureParent=True HTTP/1.1" 200 6
2026-07-29 21:27:06.368 UTC [DEBUG   ] ThreadPoolExecutor-0_2 - HTTP/1.1 POST https://az-phx-001.cognitedata.com/api/v1/projects/bdx-dev/raw/dbs/db_databricks_everest_raw/tables/tb_QPCT/rows?ensureParent=True 200
2026-07-29 21:27:06.384 UTC [DEBUG   ] ThreadPoolExecutor-0_1 - https://az-phx-001.cognitedata.com:443 "POST /api/v1/projects/bdx-dev/raw/dbs/db_databricks_everest_raw/tables/tb_QPCT/rows?ensureParent=True HTTP/1.1" 200 6
2026-07-29 21:27:06.384 UTC [DEBUG   ] ThreadPoolExecutor-0_1 - HTTP/1.1 POST https://az-phx-001.cognitedata.com/api/v1/projects/bdx-dev/raw/dbs/db_databricks_everest_raw/tables/tb_QPCT/rows?ensureParent=True 200
2026-07-29 21:27:06.431 UTC [DEBUG   ] ThreadPoolExecutor-0_4 - https://az-phx-001.cognitedata.com:443 "POST /api/v1/projects/bdx-dev/raw/dbs/db_databricks_everest_raw/tables/tb_QPCT/rows?ensureParent=True HTTP/1.1" 200 6
2026-07-29 21:27:06.431 UTC [DEBUG   ] ThreadPoolExecutor-0_4 - HTTP/1.1 POST https://az-phx-001.cognitedata.com/api/v1/projects/bdx-dev/raw/dbs/db_databricks_everest_raw/tables/tb_QPCT/rows?ensureParent=True 200
2026-07-29 21:27:06.462 UTC [DEBUG   ] ThreadPoolExecutor-0_3 - https://az-phx-001.cognitedata.com:443 "POST /api/v1/projects/bdx-dev/raw/dbs/db_databricks_everest_raw/tables/tb_QPCT/rows?ensureParent=True HTTP/1.1" 200 6
2026-07-29 21:27:06.462 UTC [DEBUG   ] ThreadPoolExecutor-0_3 - HTTP/1.1 POST https://az-phx-001.cognitedata.com/api/v1/projects/bdx-dev/raw/dbs/db_databricks_everest_raw/tables/tb_QPCT/rows?ensureParent=True 200
2026-07-29 21:27:07.118 UTC [DEBUG   ] ThreadPoolExecutor-0_0 - https://az-phx-001.cognitedata.com:443 "POST /api/v1/projects/bdx-dev/raw/dbs/db_databricks_everest_raw/tables/tb_QMFE/rows?ensureParent=True HTTP/1.1" 200 6
2026-07-29 21:27:07.118 UTC [DEBUG   ] ThreadPoolExecutor-0_0 - HTTP/1.1 POST https://az-phx-001.cognitedata.com/api/v1/projects/bdx-dev/raw/dbs/db_databricks_everest_raw/tables/tb_QMFE/rows?ensureParent=True 200
2026-07-29 21:27:07.337 UTC [DEBUG   ] ThreadPoolExecutor-0_2 - https://az-phx-001.cognitedata.com:443 "POST /api/v1/projects/bdx-dev/raw/dbs/db_databricks_everest_raw/tables/tb_SER01/rows?ensureParent=True HTTP/1.1" 200 6
2026-07-29 21:27:07.337 UTC [DEBUG   ] ThreadPoolExecutor-0_2 - HTTP/1.1 POST https://az-phx-001.cognitedata.com/api/v1/projects/bdx-dev/raw/dbs/db_databricks_everest_raw/tables/tb_SER01/rows?ensureParent=True 200
2026-07-29 21:27:07.712 UTC [DEBUG   ] ThreadPoolExecutor-0_3 - https://az-phx-001.cognitedata.com:443 "POST /api/v1/projects/bdx-dev/raw/dbs/db_databricks_everest_raw/tables/tb_SER01/rows?ensureParent=True HTTP/1.1" 200 6
2026-07-29 21:27:07.712 UTC [DEBUG   ] ThreadPoolExecutor-0_3 - HTTP/1.1 POST https://az-phx-001.cognitedata.com/api/v1/projects/bdx-dev/raw/dbs/db_databricks_everest_raw/tables/tb_SER01/rows?ensureParent=True 200
2026-07-29 21:27:07.712 UTC [DEBUG   ] ThreadPoolExecutor-0_1 - https://az-phx-001.cognitedata.com:443 "POST /api/v1/projects/bdx-dev/raw/dbs/db_databricks_everest_raw/tables/tb_SER01/rows?ensureParent=True HTTP/1.1" 200 6
2026-07-29 21:27:07.712 UTC [DEBUG   ] ThreadPoolExecutor-0_1 - HTTP/1.1 POST https://az-phx-001.cognitedata.com/api/v1/projects/bdx-dev/raw/dbs/db_databricks_everest_raw/tables/tb_SER01/rows?ensureParent=True 200
2026-07-29 21:27:07.743 UTC [DEBUG   ] ThreadPoolExecutor-0_4 - https://az-phx-001.cognitedata.com:443 "POST /api/v1/projects/bdx-dev/raw/dbs/db_databricks_everest_raw/tables/tb_SER01/rows?ensureParent=True HTTP/1.1" 200 6
2026-07-29 21:27:07.743 UTC [DEBUG   ] ThreadPoolExecutor-0_4 - HTTP/1.1 POST https://az-phx-001.cognitedata.com/api/v1/projects/bdx-dev/raw/dbs/db_databricks_everest_raw/tables/tb_SER01/rows?ensureParent=True 200
2026-07-29 21:27:08.962 UTC [DEBUG   ] ThreadPoolExecutor-0_2 - https://az-phx-001.cognitedata.com:443 "POST /api/v1/projects/bdx-dev/raw/dbs/db_databricks_everest_raw/tables/tb_SER05/rows?ensureParent=True HTTP/1.1" 200 6
2026-07-29 21:27:08.962 UTC [DEBUG   ] ThreadPoolExecutor-0_2 - HTTP/1.1 POST https://az-phx-001.cognitedata.com/api/v1/projects/bdx-dev/raw/dbs/db_databricks_everest_raw/tables/tb_SER05/rows?ensureParent=True 200
2026-07-29 21:27:09.087 UTC [DEBUG   ] ThreadPoolExecutor-0_0 - https://az-phx-001.cognitedata.com:443 "POST /api/v1/projects/bdx-dev/raw/dbs/db_databricks_everest_raw/tables/tb_SER05/rows?ensureParent=True HTTP/1.1" 200 6
2026-07-29 21:27:09.087 UTC [DEBUG   ] ThreadPoolExecutor-0_0 - HTTP/1.1 POST https://az-phx-001.cognitedata.com/api/v1/projects/bdx-dev/raw/dbs/db_databricks_everest_raw/tables/tb_SER05/rows?ensureParent=True 200
2026-07-29 21:27:09.087 UTC [INFO    ] QueryExecutor_1 - Uploaded 50000 raw rows
2026-07-29 21:27:09.415 UTC [INFO    ] QueryExecutor_0 - Current_row_count for query extract-everest-SER05: 10000
2026-07-29 21:27:11.431 UTC [INFO    ] QueryExecutor_3 - Current_row_count for query extract-everest-QPCT: 440000
2026-07-29 21:27:12.962 UTC [INFO    ] QueryExecutor_0 - Current_row_count for query extract-everest-SER05: 20000
2026-07-29 21:27:13.040 UTC [INFO    ] QueryExecutor_1 - Current_row_count for query extract-everest-SER01: 70000
2026-07-29 21:27:14.837 UTC [INFO    ] QueryExecutor_3 - Current_row_count for query extract-everest-QPCT: 450000
2026-07-29 21:27:14.837 UTC [INFO    ] QueryExecutor_3 - Upload queue reached threshold size 50000/50000, triggering upload
2026-07-29 21:27:15.384 UTC [DEBUG   ] ThreadPoolExecutor-0_2 - https://az-phx-001.cognitedata.com:443 "POST /api/v1/projects/bdx-dev/raw/dbs/db_databricks_everest_raw/tables/tb_SER05/rows?ensureParent=True HTTP/1.1" 200 6
2026-07-29 21:27:15.384 UTC [DEBUG   ] ThreadPoolExecutor-0_2 - HTTP/1.1 POST https://az-phx-001.cognitedata.com/api/v1/projects/bdx-dev/raw/dbs/db_databricks_everest_raw/tables/tb_SER05/rows?ensureParent=True 200
2026-07-29 21:27:15.946 UTC [DEBUG   ] ThreadPoolExecutor-0_1 - https://az-phx-001.cognitedata.com:443 "POST /api/v1/projects/bdx-dev/raw/dbs/db_databricks_everest_raw/tables/tb_SER05/rows?ensureParent=True HTTP/1.1" 200 6
2026-07-29 21:27:15.946 UTC [DEBUG   ] ThreadPoolExecutor-0_1 - HTTP/1.1 POST https://az-phx-001.cognitedata.com/api/v1/projects/bdx-dev/raw/dbs/db_databricks_everest_raw/tables/tb_SER05/rows?ensureParent=True 200
2026-07-29 21:27:16.602 UTC [DEBUG   ] ThreadPoolExecutor-0_4 - https://az-phx-001.cognitedata.com:443 "POST /api/v1/projects/bdx-dev/raw/dbs/db_databricks_everest_raw/tables/tb_SER05/rows?ensureParent=True HTTP/1.1" 200 6
2026-07-29 21:27:16.602 UTC [DEBUG   ] ThreadPoolExecutor-0_4 - HTTP/1.1 POST https://az-phx-001.cognitedata.com/api/v1/projects/bdx-dev/raw/dbs/db_databricks_everest_raw/tables/tb_SER05/rows?ensureParent=True 200
2026-07-29 21:27:16.696 UTC [DEBUG   ] ThreadPoolExecutor-0_3 - https://az-phx-001.cognitedata.com:443 "POST /api/v1/projects/bdx-dev/raw/dbs/db_databricks_everest_raw/tables/tb_SER05/rows?ensureParent=True HTTP/1.1" 200 6
2026-07-29 21:27:16.696 UTC [DEBUG   ] ThreadPoolExecutor-0_3 - HTTP/1.1 POST https://az-phx-001.cognitedata.com/api/v1/projects/bdx-dev/raw/dbs/db_databricks_everest_raw/tables/tb_SER05/rows?ensureParent=True 200
2026-07-29 21:27:16.899 UTC [DEBUG   ] ThreadPoolExecutor-0_4 - https://az-phx-001.cognitedata.com:443 "POST /api/v1/projects/bdx-dev/raw/dbs/db_databricks_everest_raw/tables/tb_QPCT/rows?ensureParent=True HTTP/1.1" 200 6
2026-07-29 21:27:16.899 UTC [DEBUG   ] ThreadPoolExecutor-0_4 - HTTP/1.1 POST https://az-phx-001.cognitedata.com/api/v1/projects/bdx-dev/raw/dbs/db_databricks_everest_raw/tables/tb_QPCT/rows?ensureParent=True 200
2026-07-29 21:27:17.055 UTC [DEBUG   ] ThreadPoolExecutor-0_2 - https://az-phx-001.cognitedata.com:443 "POST /api/v1/projects/bdx-dev/raw/dbs/db_databricks_everest_raw/tables/tb_QPCT/rows?ensureParent=True HTTP/1.1" 200 6
2026-07-29 21:27:17.055 UTC [DEBUG   ] ThreadPoolExecutor-0_2 - HTTP/1.1 POST https://az-phx-001.cognitedata.com/api/v1/projects/bdx-dev/raw/dbs/db_databricks_everest_raw/tables/tb_QPCT/rows?ensureParent=True 200
2026-07-29 21:27:17.087 UTC [DEBUG   ] ThreadPoolExecutor-0_1 - https://az-phx-001.cognitedata.com:443 "POST /api/v1/projects/bdx-dev/raw/dbs/db_databricks_everest_raw/tables/tb_QPCT/rows?ensureParent=True HTTP/1.1" 200 6
2026-07-29 21:27:17.087 UTC [DEBUG   ] ThreadPoolExecutor-0_1 - HTTP/1.1 POST https://az-phx-001.cognitedata.com/api/v1/projects/bdx-dev/raw/dbs/db_databricks_everest_raw/tables/tb_QPCT/rows?ensureParent=True 200
2026-07-29 21:27:17.118 UTC [DEBUG   ] ThreadPoolExecutor-0_0 - https://az-phx-001.cognitedata.com:443 "POST /api/v1/projects/bdx-dev/raw/dbs/db_databricks_everest_raw/tables/tb_QPCT/rows?ensureParent=True HTTP/1.1" 200 6
2026-07-29 21:27:17.118 UTC [DEBUG   ] ThreadPoolExecutor-0_0 - HTTP/1.1 POST https://az-phx-001.cognitedata.com/api/v1/projects/bdx-dev/raw/dbs/db_databricks_everest_raw/tables/tb_QPCT/rows?ensureParent=True 200
2026-07-29 21:27:17.665 UTC [DEBUG   ] ThreadPoolExecutor-0_3 - https://az-phx-001.cognitedata.com:443 "POST /api/v1/projects/bdx-dev/raw/dbs/db_databricks_everest_raw/tables/tb_QMFE/rows?ensureParent=True HTTP/1.1" 200 6
2026-07-29 21:27:17.665 UTC [DEBUG   ] ThreadPoolExecutor-0_3 - HTTP/1.1 POST https://az-phx-001.cognitedata.com/api/v1/projects/bdx-dev/raw/dbs/db_databricks_everest_raw/tables/tb_QMFE/rows?ensureParent=True 200
2026-07-29 21:27:17.962 UTC [DEBUG   ] ThreadPoolExecutor-0_0 - https://az-phx-001.cognitedata.com:443 "POST /api/v1/projects/bdx-dev/raw/dbs/db_databricks_everest_raw/tables/tb_SER01/rows?ensureParent=True HTTP/1.1" 200 6
2026-07-29 21:27:17.962 UTC [DEBUG   ] ThreadPoolExecutor-0_0 - HTTP/1.1 POST https://az-phx-001.cognitedata.com/api/v1/projects/bdx-dev/raw/dbs/db_databricks_everest_raw/tables/tb_SER01/rows?ensureParent=True 200
2026-07-29 21:27:18.055 UTC [DEBUG   ] ThreadPoolExecutor-0_2 - https://az-phx-001.cognitedata.com:443 "POST /api/v1/projects/bdx-dev/raw/dbs/db_databricks_everest_raw/tables/tb_SER01/rows?ensureParent=True HTTP/1.1" 200 6
2026-07-29 21:27:18.055 UTC [DEBUG   ] ThreadPoolExecutor-0_2 - HTTP/1.1 POST https://az-phx-001.cognitedata.com/api/v1/projects/bdx-dev/raw/dbs/db_databricks_everest_raw/tables/tb_SER01/rows?ensureParent=True 200
2026-07-29 21:27:18.055 UTC [DEBUG   ] ThreadPoolExecutor-0_1 - https://az-phx-001.cognitedata.com:443 "POST /api/v1/projects/bdx-dev/raw/dbs/db_databricks_everest_raw/tables/tb_SER01/rows?ensureParent=True HTTP/1.1" 200 6
2026-07-29 21:27:18.055 UTC [DEBUG   ] ThreadPoolExecutor-0_1 - HTTP/1.1 POST https://az-phx-001.cognitedata.com/api/v1/projects/bdx-dev/raw/dbs/db_databricks_everest_raw/tables/tb_SER01/rows?ensureParent=True 200
2026-07-29 21:27:18.055 UTC [INFO    ] QueryExecutor_3 - Uploaded 50000 raw rows
2026-07-29 21:27:18.368 UTC [INFO    ] QueryExecutor_2 - Current_row_count for query extract-everest-QMFE: 260000
2026-07-29 21:27:19.839 UTC [INFO    ] QueryExecutor_0 - Current_row_count for query extract-everest-SER05: 30000
2026-07-29 21:27:20.261 UTC [INFO    ] QueryExecutor_0 - No more rows for extract-everest-SER05. 31277 rows extracted in 18.7 seconds
2026-07-29 21:27:20.261 UTC [INFO    ] QueryExecutor_0 - Reporting new success run: No more rows for extract-everest-SER05. 31277 rows extracted in 18.7 seconds
2026-07-29 21:27:20.292 UTC [DEBUG   ] ThreadPoolExecutor-0_3 - https://az-phx-001.cognitedata.com:443 "POST /api/v1/projects/bdx-dev/extpipes/runs HTTP/1.1" 200 209
2026-07-29 21:27:20.292 UTC [DEBUG   ] ThreadPoolExecutor-0_3 - HTTP/1.1 POST https://az-phx-001.cognitedata.com/api/v1/projects/bdx-dev/extpipes/runs 200
2026-07-29 21:27:20.542 UTC [DEBUG   ] ThreadPoolExecutor-0_0 - https://az-phx-001.cognitedata.com:443 "POST /api/v1/projects/bdx-dev/raw/dbs/db_databricks_everest_raw/tables/tb_QMFE/rows?ensureParent=True HTTP/1.1" 200 6
2026-07-29 21:27:20.542 UTC [DEBUG   ] ThreadPoolExecutor-0_0 - HTTP/1.1 POST https://az-phx-001.cognitedata.com/api/v1/projects/bdx-dev/raw/dbs/db_databricks_everest_raw/tables/tb_QMFE/rows?ensureParent=True 200
2026-07-29 21:27:20.964 UTC [DEBUG   ] ThreadPoolExecutor-0_4 - https://az-phx-001.cognitedata.com:443 "POST /api/v1/projects/bdx-dev/raw/dbs/db_databricks_everest_raw/tables/tb_SER05/rows?ensureParent=True HTTP/1.1" 200 6
2026-07-29 21:27:20.980 UTC [DEBUG   ] ThreadPoolExecutor-0_4 - HTTP/1.1 POST https://az-phx-001.cognitedata.com/api/v1/projects/bdx-dev/raw/dbs/db_databricks_everest_raw/tables/tb_SER05/rows?ensureParent=True 200
2026-07-29 21:27:21.764 UTC [DEBUG   ] ThreadPoolExecutor-0_1 - https://az-phx-001.cognitedata.com:443 "POST /api/v1/projects/bdx-dev/raw/dbs/db_databricks_everest_raw/tables/tb_SER05/rows?ensureParent=True HTTP/1.1" 200 6
2026-07-29 21:27:21.764 UTC [DEBUG   ] ThreadPoolExecutor-0_1 - HTTP/1.1 POST https://az-phx-001.cognitedata.com/api/v1/projects/bdx-dev/raw/dbs/db_databricks_everest_raw/tables/tb_SER05/rows?ensureParent=True 200
2026-07-29 21:27:22.060 UTC [DEBUG   ] ThreadPoolExecutor-0_2 - https://az-phx-001.cognitedata.com:443 "POST /api/v1/projects/bdx-dev/raw/dbs/db_databricks_everest_raw/tables/tb_SER01/rows?ensureParent=True HTTP/1.1" 200 6
2026-07-29 21:27:22.060 UTC [DEBUG   ] ThreadPoolExecutor-0_2 - HTTP/1.1 POST https://az-phx-001.cognitedata.com/api/v1/projects/bdx-dev/raw/dbs/db_databricks_everest_raw/tables/tb_SER01/rows?ensureParent=True 200
2026-07-29 21:27:22.154 UTC [DEBUG   ] ThreadPoolExecutor-0_4 - https://az-phx-001.cognitedata.com:443 "POST /api/v1/projects/bdx-dev/raw/dbs/db_databricks_everest_raw/tables/tb_QPCT/rows?ensureParent=True HTTP/1.1" 200 6
2026-07-29 21:27:22.154 UTC [DEBUG   ] ThreadPoolExecutor-0_4 - HTTP/1.1 POST https://az-phx-001.cognitedata.com/api/v1/projects/bdx-dev/raw/dbs/db_databricks_everest_raw/tables/tb_QPCT/rows?ensureParent=True 200
2026-07-29 21:27:22.295 UTC [DEBUG   ] ThreadPoolExecutor-0_3 - https://az-phx-001.cognitedata.com:443 "POST /api/v1/projects/bdx-dev/raw/dbs/db_databricks_everest_raw/tables/tb_QPCT/rows?ensureParent=True HTTP/1.1" 200 6
2026-07-29 21:27:22.310 UTC [DEBUG   ] ThreadPoolExecutor-0_3 - HTTP/1.1 POST https://az-phx-001.cognitedata.com/api/v1/projects/bdx-dev/raw/dbs/db_databricks_everest_raw/tables/tb_QPCT/rows?ensureParent=True 200
2026-07-29 21:27:22.310 UTC [INFO    ] QueryExecutor_0 - Uploaded 19277 raw rows
2026-07-29 21:27:22.545 UTC [INFO    ] QueryExecutor_1 - Current_row_count for query extract-everest-SER01: 80000
2026-07-29 21:27:23.092 UTC [INFO    ] QueryExecutor_3 - Current_row_count for query extract-everest-QPCT: 460000
2026-07-29 21:27:23.295 UTC [INFO    ] QueryExecutor_0 - Connected to db-databricks-raw successfully
2026-07-29 21:27:23.295 UTC [INFO    ] QueryExecutor_0 - Starting extraction of extract-everest-T001
2026-07-29 21:27:23.295 UTC [INFO    ] QueryExecutor_0 - Getting rows from odbc
2026-07-29 21:27:24.420 UTC [INFO    ] QueryExecutor_3 - No more rows for extract-everest-QPCT. 465763 rows extracted in 1.97e+02 seconds
2026-07-29 21:27:24.420 UTC [INFO    ] QueryExecutor_3 - Reporting new success run: No more rows for extract-everest-QPCT. 465763 rows extracted in 1.97e+02 seconds
2026-07-29 21:27:24.482 UTC [DEBUG   ] ThreadPoolExecutor-0_0 - https://az-phx-001.cognitedata.com:443 "POST /api/v1/projects/bdx-dev/extpipes/runs HTTP/1.1" 200 213
2026-07-29 21:27:24.482 UTC [DEBUG   ] ThreadPoolExecutor-0_0 - HTTP/1.1 POST https://az-phx-001.cognitedata.com/api/v1/projects/bdx-dev/extpipes/runs 200
2026-07-29 21:27:24.779 UTC [DEBUG   ] ThreadPoolExecutor-0_1 - https://az-phx-001.cognitedata.com:443 "POST /api/v1/projects/bdx-dev/raw/dbs/db_databricks_everest_raw/tables/tb_QPCT/rows?ensureParent=True HTTP/1.1" 200 6
2026-07-29 21:27:24.779 UTC [DEBUG   ] ThreadPoolExecutor-0_1 - HTTP/1.1 POST https://az-phx-001.cognitedata.com/api/v1/projects/bdx-dev/raw/dbs/db_databricks_everest_raw/tables/tb_QPCT/rows?ensureParent=True 200
2026-07-29 21:27:24.779 UTC [DEBUG   ] ThreadPoolExecutor-0_4 - https://az-phx-001.cognitedata.com:443 "POST /api/v1/projects/bdx-dev/raw/dbs/db_databricks_everest_raw/tables/tb_QPCT/rows?ensureParent=True HTTP/1.1" 200 6
2026-07-29 21:27:24.779 UTC [DEBUG   ] ThreadPoolExecutor-0_4 - HTTP/1.1 POST https://az-phx-001.cognitedata.com/api/v1/projects/bdx-dev/raw/dbs/db_databricks_everest_raw/tables/tb_QPCT/rows?ensureParent=True 200
2026-07-29 21:27:24.998 UTC [DEBUG   ] ThreadPoolExecutor-0_0 - https://az-phx-001.cognitedata.com:443 "POST /api/v1/projects/bdx-dev/raw/dbs/db_databricks_everest_raw/tables/tb_SER01/rows?ensureParent=True HTTP/1.1" 200 6
2026-07-29 21:27:24.998 UTC [DEBUG   ] ThreadPoolExecutor-0_0 - HTTP/1.1 POST https://az-phx-001.cognitedata.com/api/v1/projects/bdx-dev/raw/dbs/db_databricks_everest_raw/tables/tb_SER01/rows?ensureParent=True 200
2026-07-29 21:27:25.092 UTC [DEBUG   ] ThreadPoolExecutor-0_2 - https://az-phx-001.cognitedata.com:443 "POST /api/v1/projects/bdx-dev/raw/dbs/db_databricks_everest_raw/tables/tb_SER01/rows?ensureParent=True HTTP/1.1" 200 6
2026-07-29 21:27:25.092 UTC [DEBUG   ] ThreadPoolExecutor-0_2 - HTTP/1.1 POST https://az-phx-001.cognitedata.com/api/v1/projects/bdx-dev/raw/dbs/db_databricks_everest_raw/tables/tb_SER01/rows?ensureParent=True 200
2026-07-29 21:27:25.435 UTC [DEBUG   ] ThreadPoolExecutor-0_1 - https://az-phx-001.cognitedata.com:443 "POST /api/v1/projects/bdx-dev/raw/dbs/db_databricks_everest_raw/tables/tb_QMFE/rows?ensureParent=True HTTP/1.1" 200 6
2026-07-29 21:27:25.435 UTC [DEBUG   ] ThreadPoolExecutor-0_1 - HTTP/1.1 POST https://az-phx-001.cognitedata.com/api/v1/projects/bdx-dev/raw/dbs/db_databricks_everest_raw/tables/tb_QMFE/rows?ensureParent=True 200
2026-07-29 21:27:25.435 UTC [INFO    ] QueryExecutor_3 - Uploaded 20763 raw rows
2026-07-29 21:27:25.576 UTC [INFO    ] QueryExecutor_0 - No more rows for extract-everest-T001. 430 rows extracted in 2.28 seconds
2026-07-29 21:27:25.576 UTC [INFO    ] QueryExecutor_0 - Reporting new success run: No more rows for extract-everest-T001. 430 rows extracted in 2.28 seconds
2026-07-29 21:27:25.607 UTC [DEBUG   ] ThreadPoolExecutor-0_3 - https://az-phx-001.cognitedata.com:443 "POST /api/v1/projects/bdx-dev/extpipes/runs HTTP/1.1" 200 206
2026-07-29 21:27:25.607 UTC [DEBUG   ] ThreadPoolExecutor-0_3 - HTTP/1.1 POST https://az-phx-001.cognitedata.com/api/v1/projects/bdx-dev/extpipes/runs 200
2026-07-29 21:27:25.685 UTC [DEBUG   ] ThreadPoolExecutor-0_2 - https://az-phx-001.cognitedata.com:443 "POST /api/v1/projects/bdx-dev/raw/dbs/db_databricks_everest_raw/tables/tb_SER01/rows?ensureParent=True HTTP/1.1" 200 6
2026-07-29 21:27:25.685 UTC [DEBUG   ] ThreadPoolExecutor-0_2 - HTTP/1.1 POST https://az-phx-001.cognitedata.com/api/v1/projects/bdx-dev/raw/dbs/db_databricks_everest_raw/tables/tb_SER01/rows?ensureParent=True 200
2026-07-29 21:27:25.795 UTC [DEBUG   ] ThreadPoolExecutor-0_1 - https://az-phx-001.cognitedata.com:443 "POST /api/v1/projects/bdx-dev/raw/dbs/db_databricks_everest_raw/tables/tb_QMFE/rows?ensureParent=True HTTP/1.1" 200 6
2026-07-29 21:27:25.795 UTC [DEBUG   ] ThreadPoolExecutor-0_1 - HTTP/1.1 POST https://az-phx-001.cognitedata.com/api/v1/projects/bdx-dev/raw/dbs/db_databricks_everest_raw/tables/tb_QMFE/rows?ensureParent=True 200
2026-07-29 21:27:25.888 UTC [DEBUG   ] ThreadPoolExecutor-0_3 - https://az-phx-001.cognitedata.com:443 "POST /api/v1/projects/bdx-dev/raw/dbs/db_databricks_everest_raw/tables/tb_T001/rows?ensureParent=True HTTP/1.1" 200 6
2026-07-29 21:27:25.904 UTC [DEBUG   ] ThreadPoolExecutor-0_3 - HTTP/1.1 POST https://az-phx-001.cognitedata.com/api/v1/projects/bdx-dev/raw/dbs/db_databricks_everest_raw/tables/tb_T001/rows?ensureParent=True 200
2026-07-29 21:27:25.904 UTC [INFO    ] QueryExecutor_0 - Uploaded 1737 raw rows
2026-07-29 21:27:26.123 UTC [INFO    ] QueryExecutor_1 - Current_row_count for query extract-everest-SER01: 90000
2026-07-29 21:27:26.420 UTC [INFO    ] QueryExecutor_3 - Connected to db-databricks-raw successfully
2026-07-29 21:27:26.482 UTC [INFO    ] QueryExecutor_3 - Starting extraction of extract-everest-T001K
2026-07-29 21:27:26.482 UTC [INFO    ] QueryExecutor_3 - Getting rows from odbc
2026-07-29 21:27:26.685 UTC [INFO    ] QueryExecutor_0 - Connected to db-databricks-raw successfully
2026-07-29 21:27:26.685 UTC [INFO    ] QueryExecutor_0 - Starting extraction of extract-everest-T001L
2026-07-29 21:27:26.701 UTC [INFO    ] QueryExecutor_0 - Getting rows from odbc
2026-07-29 21:27:27.310 UTC [INFO    ] QueryExecutor_1 - Current_row_count for query extract-everest-SER01: 100000
2026-07-29 21:27:27.341 UTC [INFO    ] QueryExecutor_3 - No more rows for extract-everest-T001K. 339 rows extracted in 0.859 seconds
2026-07-29 21:27:27.357 UTC [INFO    ] QueryExecutor_3 - Reporting new success run: No more rows for extract-everest-T001K. 339 rows extracted in 0.859 seconds
2026-07-29 21:27:27.388 UTC [DEBUG   ] ThreadPoolExecutor-0_2 - https://az-phx-001.cognitedata.com:443 "POST /api/v1/projects/bdx-dev/extpipes/runs HTTP/1.1" 200 208
2026-07-29 21:27:27.388 UTC [DEBUG   ] ThreadPoolExecutor-0_2 - HTTP/1.1 POST https://az-phx-001.cognitedata.com/api/v1/projects/bdx-dev/extpipes/runs 200
2026-07-29 21:27:27.623 UTC [DEBUG   ] ThreadPoolExecutor-0_3 - https://az-phx-001.cognitedata.com:443 "POST /api/v1/projects/bdx-dev/raw/dbs/db_databricks_everest_raw/tables/tb_SER01/rows?ensureParent=True HTTP/1.1" 200 6
2026-07-29 21:27:27.623 UTC [DEBUG   ] ThreadPoolExecutor-0_3 - HTTP/1.1 POST https://az-phx-001.cognitedata.com/api/v1/projects/bdx-dev/raw/dbs/db_databricks_everest_raw/tables/tb_SER01/rows?ensureParent=True 200
2026-07-29 21:27:27.763 UTC [DEBUG   ] ThreadPoolExecutor-0_4 - https://az-phx-001.cognitedata.com:443 "POST /api/v1/projects/bdx-dev/raw/dbs/db_databricks_everest_raw/tables/tb_SER01/rows?ensureParent=True HTTP/1.1" 200 6
2026-07-29 21:27:27.763 UTC [DEBUG   ] ThreadPoolExecutor-0_4 - HTTP/1.1 POST https://az-phx-001.cognitedata.com/api/v1/projects/bdx-dev/raw/dbs/db_databricks_everest_raw/tables/tb_SER01/rows?ensureParent=True 200
2026-07-29 21:27:27.779 UTC [DEBUG   ] ThreadPoolExecutor-0_1 - https://az-phx-001.cognitedata.com:443 "POST /api/v1/projects/bdx-dev/raw/dbs/db_databricks_everest_raw/tables/tb_SER01/rows?ensureParent=True HTTP/1.1" 200 6
2026-07-29 21:27:27.779 UTC [DEBUG   ] ThreadPoolExecutor-0_1 - HTTP/1.1 POST https://az-phx-001.cognitedata.com/api/v1/projects/bdx-dev/raw/dbs/db_databricks_everest_raw/tables/tb_SER01/rows?ensureParent=True 200
2026-07-29 21:27:28.154 UTC [DEBUG   ] ThreadPoolExecutor-0_2 - https://az-phx-001.cognitedata.com:443 "POST /api/v1/projects/bdx-dev/raw/dbs/db_databricks_everest_raw/tables/tb_QMFE/rows?ensureParent=True HTTP/1.1" 200 6
2026-07-29 21:27:28.154 UTC [DEBUG   ] ThreadPoolExecutor-0_2 - HTTP/1.1 POST https://az-phx-001.cognitedata.com/api/v1/projects/bdx-dev/raw/dbs/db_databricks_everest_raw/tables/tb_QMFE/rows?ensureParent=True 200
2026-07-29 21:27:28.216 UTC [DEBUG   ] ThreadPoolExecutor-0_3 - https://az-phx-001.cognitedata.com:443 "POST /api/v1/projects/bdx-dev/raw/dbs/db_databricks_everest_raw/tables/tb_T001K/rows?ensureParent=True HTTP/1.1" 200 6
2026-07-29 21:27:28.216 UTC [DEBUG   ] ThreadPoolExecutor-0_3 - HTTP/1.1 POST https://az-phx-001.cognitedata.com/api/v1/projects/bdx-dev/raw/dbs/db_databricks_everest_raw/tables/tb_T001K/rows?ensureParent=True 200
2026-07-29 21:27:28.216 UTC [INFO    ] QueryExecutor_3 - Uploaded 16032 raw rows
2026-07-29 21:27:28.857 UTC [INFO    ] QueryExecutor_3 - Connected to db-databricks-raw successfully
2026-07-29 21:27:28.857 UTC [INFO    ] QueryExecutor_3 - Starting extraction of extract-everest-T001W
2026-07-29 21:27:28.857 UTC [INFO    ] QueryExecutor_3 - Getting rows from odbc
2026-07-29 21:27:29.185 UTC [INFO    ] QueryExecutor_2 - Current_row_count for query extract-everest-QMFE: 270000
2026-07-29 21:27:29.529 UTC [INFO    ] QueryExecutor_0 - No more rows for extract-everest-T001L. 4140 rows extracted in 2.84 seconds
2026-07-29 21:27:29.529 UTC [INFO    ] QueryExecutor_0 - Reporting new success run: No more rows for extract-everest-T001L. 4140 rows extracted in 2.84 seconds
2026-07-29 21:27:29.591 UTC [DEBUG   ] ThreadPoolExecutor-0_1 - https://az-phx-001.cognitedata.com:443 "POST /api/v1/projects/bdx-dev/extpipes/runs HTTP/1.1" 200 208
2026-07-29 21:27:29.591 UTC [DEBUG   ] ThreadPoolExecutor-0_1 - HTTP/1.1 POST https://az-phx-001.cognitedata.com/api/v1/projects/bdx-dev/extpipes/runs 200
2026-07-29 21:27:29.701 UTC [DEBUG   ] ThreadPoolExecutor-0_4 - https://az-phx-001.cognitedata.com:443 "POST /api/v1/projects/bdx-dev/raw/dbs/db_databricks_everest_raw/tables/tb_SER01/rows?ensureParent=True HTTP/1.1" 200 6
2026-07-29 21:27:29.701 UTC [DEBUG   ] ThreadPoolExecutor-0_4 - HTTP/1.1 POST https://az-phx-001.cognitedata.com/api/v1/projects/bdx-dev/raw/dbs/db_databricks_everest_raw/tables/tb_SER01/rows?ensureParent=True 200
2026-07-29 21:27:29.873 UTC [DEBUG   ] ThreadPoolExecutor-0_2 - https://az-phx-001.cognitedata.com:443 "POST /api/v1/projects/bdx-dev/raw/dbs/db_databricks_everest_raw/tables/tb_SER01/rows?ensureParent=True HTTP/1.1" 200 6
2026-07-29 21:27:29.873 UTC [DEBUG   ] ThreadPoolExecutor-0_2 - HTTP/1.1 POST https://az-phx-001.cognitedata.com/api/v1/projects/bdx-dev/raw/dbs/db_databricks_everest_raw/tables/tb_SER01/rows?ensureParent=True 200
2026-07-29 21:27:30.123 UTC [DEBUG   ] ThreadPoolExecutor-0_0 - https://az-phx-001.cognitedata.com:443 "POST /api/v1/projects/bdx-dev/raw/dbs/db_databricks_everest_raw/tables/tb_QMFE/rows?ensureParent=True HTTP/1.1" 200 6
2026-07-29 21:27:30.123 UTC [DEBUG   ] ThreadPoolExecutor-0_0 - HTTP/1.1 POST https://az-phx-001.cognitedata.com/api/v1/projects/bdx-dev/raw/dbs/db_databricks_everest_raw/tables/tb_QMFE/rows?ensureParent=True 200
2026-07-29 21:27:30.794 UTC [DEBUG   ] ThreadPoolExecutor-0_3 - https://az-phx-001.cognitedata.com:443 "POST /api/v1/projects/bdx-dev/raw/dbs/db_databricks_everest_raw/tables/tb_T001L/rows?ensureParent=True HTTP/1.1" 200 6
2026-07-29 21:27:30.794 UTC [DEBUG   ] ThreadPoolExecutor-0_3 - HTTP/1.1 POST https://az-phx-001.cognitedata.com/api/v1/projects/bdx-dev/raw/dbs/db_databricks_everest_raw/tables/tb_T001L/rows?ensureParent=True 200
2026-07-29 21:27:30.794 UTC [INFO    ] QueryExecutor_0 - Uploaded 12140 raw rows
2026-07-29 21:27:30.888 UTC [INFO    ] QueryExecutor_3 - No more rows for extract-everest-T001W. 336 rows extracted in 2.03 seconds
2026-07-29 21:27:30.888 UTC [INFO    ] QueryExecutor_3 - Reporting new success run: No more rows for extract-everest-T001W. 336 rows extracted in 2.03 seconds
2026-07-29 21:27:30.966 UTC [DEBUG   ] ThreadPoolExecutor-0_2 - https://az-phx-001.cognitedata.com:443 "POST /api/v1/projects/bdx-dev/extpipes/runs HTTP/1.1" 200 207
2026-07-29 21:27:30.966 UTC [DEBUG   ] ThreadPoolExecutor-0_2 - HTTP/1.1 POST https://az-phx-001.cognitedata.com/api/v1/projects/bdx-dev/extpipes/runs 200
2026-07-29 21:27:31.044 UTC [DEBUG   ] ThreadPoolExecutor-0_0 - https://az-phx-001.cognitedata.com:443 "POST /api/v1/projects/bdx-dev/raw/dbs/db_databricks_everest_raw/tables/tb_SER01/rows?ensureParent=True HTTP/1.1" 200 6
2026-07-29 21:27:31.044 UTC [DEBUG   ] ThreadPoolExecutor-0_0 - HTTP/1.1 POST https://az-phx-001.cognitedata.com/api/v1/projects/bdx-dev/raw/dbs/db_databricks_everest_raw/tables/tb_SER01/rows?ensureParent=True 200
2026-07-29 21:27:31.169 UTC [DEBUG   ] ThreadPoolExecutor-0_3 - https://az-phx-001.cognitedata.com:443 "POST /api/v1/projects/bdx-dev/raw/dbs/db_databricks_everest_raw/tables/tb_QMFE/rows?ensureParent=True HTTP/1.1" 200 6
2026-07-29 21:27:31.185 UTC [DEBUG   ] ThreadPoolExecutor-0_3 - HTTP/1.1 POST https://az-phx-001.cognitedata.com/api/v1/projects/bdx-dev/raw/dbs/db_databricks_everest_raw/tables/tb_QMFE/rows?ensureParent=True 200
2026-07-29 21:27:31.248 UTC [DEBUG   ] ThreadPoolExecutor-0_2 - https://az-phx-001.cognitedata.com:443 "POST /api/v1/projects/bdx-dev/raw/dbs/db_databricks_everest_raw/tables/tb_T001W/rows?ensureParent=True HTTP/1.1" 200 6
2026-07-29 21:27:31.248 UTC [DEBUG   ] ThreadPoolExecutor-0_2 - HTTP/1.1 POST https://az-phx-001.cognitedata.com/api/v1/projects/bdx-dev/raw/dbs/db_databricks_everest_raw/tables/tb_T001W/rows?ensureParent=True 200
2026-07-29 21:27:31.263 UTC [INFO    ] QueryExecutor_3 - Uploaded 2336 raw rows
2026-07-29 21:27:31.529 UTC [INFO    ] QueryExecutor_1 - Current_row_count for query extract-everest-SER01: 110000
2026-07-29 21:27:32.279 UTC [INFO    ] QueryExecutor_3 - Connected to db-databricks-raw successfully
2026-07-29 21:27:32.279 UTC [INFO    ] QueryExecutor_3 - Starting extraction of extract-everest-T006
2026-07-29 21:27:32.279 UTC [INFO    ] QueryExecutor_0 - Connected to db-databricks-raw successfully
2026-07-29 21:27:32.279 UTC [INFO    ] QueryExecutor_3 - Getting rows from odbc
2026-07-29 21:27:32.279 UTC [INFO    ] QueryExecutor_0 - Starting extraction of extract-everest-T003P
2026-07-29 21:27:32.279 UTC [INFO    ] QueryExecutor_0 - Getting rows from odbc
2026-07-29 21:27:32.716 UTC [INFO    ] QueryExecutor_1 - Current_row_count for query extract-everest-SER01: 120000
2026-07-29 21:27:33.357 UTC [INFO    ] QueryExecutor_3 - No more rows for extract-everest-T006. 485 rows extracted in 1.08 seconds
2026-07-29 21:27:33.357 UTC [INFO    ] QueryExecutor_3 - Reporting new success run: No more rows for extract-everest-T006. 485 rows extracted in 1.08 seconds
2026-07-29 21:27:33.388 UTC [INFO    ] QueryExecutor_0 - No more rows for extract-everest-T003P. 1882 rows extracted in 1.11 seconds
2026-07-29 21:27:33.388 UTC [INFO    ] QueryExecutor_0 - Reporting new success run: No more rows for extract-everest-T003P. 1882 rows extracted in 1.11 seconds
2026-07-29 21:27:33.388 UTC [DEBUG   ] ThreadPoolExecutor-0_0 - https://az-phx-001.cognitedata.com:443 "POST /api/v1/projects/bdx-dev/extpipes/runs HTTP/1.1" 200 206
2026-07-29 21:27:33.388 UTC [DEBUG   ] ThreadPoolExecutor-0_0 - HTTP/1.1 POST https://az-phx-001.cognitedata.com/api/v1/projects/bdx-dev/extpipes/runs 200
2026-07-29 21:27:33.435 UTC [DEBUG   ] ThreadPoolExecutor-0_3 - https://az-phx-001.cognitedata.com:443 "POST /api/v1/projects/bdx-dev/extpipes/runs HTTP/1.1" 200 208
2026-07-29 21:27:33.499 UTC [DEBUG   ] ThreadPoolExecutor-0_3 - HTTP/1.1 POST https://az-phx-001.cognitedata.com/api/v1/projects/bdx-dev/extpipes/runs 200
2026-07-29 21:27:33.640 UTC [DEBUG   ] ThreadPoolExecutor-0_0 - https://az-phx-001.cognitedata.com:443 "POST /api/v1/projects/bdx-dev/raw/dbs/db_databricks_everest_raw/tables/tb_SER01/rows?ensureParent=True HTTP/1.1" 200 6
2026-07-29 21:27:33.640 UTC [DEBUG   ] ThreadPoolExecutor-0_0 - HTTP/1.1 POST https://az-phx-001.cognitedata.com/api/v1/projects/bdx-dev/raw/dbs/db_databricks_everest_raw/tables/tb_SER01/rows?ensureParent=True 200
2026-07-29 21:27:33.796 UTC [DEBUG   ] ThreadPoolExecutor-0_2 - https://az-phx-001.cognitedata.com:443 "POST /api/v1/projects/bdx-dev/raw/dbs/db_databricks_everest_raw/tables/tb_SER01/rows?ensureParent=True HTTP/1.1" 200 6
2026-07-29 21:27:33.796 UTC [DEBUG   ] ThreadPoolExecutor-0_2 - HTTP/1.1 POST https://az-phx-001.cognitedata.com/api/v1/projects/bdx-dev/raw/dbs/db_databricks_everest_raw/tables/tb_SER01/rows?ensureParent=True 200
2026-07-29 21:27:33.811 UTC [DEBUG   ] ThreadPoolExecutor-0_4 - https://az-phx-001.cognitedata.com:443 "POST /api/v1/projects/bdx-dev/raw/dbs/db_databricks_everest_raw/tables/tb_SER01/rows?ensureParent=True HTTP/1.1" 200 6
2026-07-29 21:27:33.811 UTC [DEBUG   ] ThreadPoolExecutor-0_4 - HTTP/1.1 POST https://az-phx-001.cognitedata.com/api/v1/projects/bdx-dev/raw/dbs/db_databricks_everest_raw/tables/tb_SER01/rows?ensureParent=True 200
2026-07-29 21:27:33.827 UTC [DEBUG   ] ThreadPoolExecutor-0_1 - https://az-phx-001.cognitedata.com:443 "POST /api/v1/projects/bdx-dev/raw/dbs/db_databricks_everest_raw/tables/tb_SER01/rows?ensureParent=True HTTP/1.1" 200 6
2026-07-29 21:27:33.843 UTC [DEBUG   ] ThreadPoolExecutor-0_1 - HTTP/1.1 POST https://az-phx-001.cognitedata.com/api/v1/projects/bdx-dev/raw/dbs/db_databricks_everest_raw/tables/tb_SER01/rows?ensureParent=True 200
2026-07-29 21:27:34.327 UTC [DEBUG   ] ConfigReloader - Loading local config file
2026-07-29 21:27:34.483 UTC [DEBUG   ] ThreadPoolExecutor-0_3 - https://az-phx-001.cognitedata.com:443 "POST /api/v1/projects/bdx-dev/raw/dbs/db_databricks_everest_raw/tables/tb_QMFE/rows?ensureParent=True HTTP/1.1" 200 6
2026-07-29 21:27:34.515 UTC [DEBUG   ] ThreadPoolExecutor-0_3 - HTTP/1.1 POST https://az-phx-001.cognitedata.com/api/v1/projects/bdx-dev/raw/dbs/db_databricks_everest_raw/tables/tb_QMFE/rows?ensureParent=True 200
2026-07-29 21:27:34.655 UTC [DEBUG   ] ThreadPoolExecutor-0_2 - https://az-phx-001.cognitedata.com:443 "POST /api/v1/projects/bdx-dev/raw/dbs/db_databricks_everest_raw/tables/tb_T003P/rows?ensureParent=True HTTP/1.1" 200 6
2026-07-29 21:27:34.655 UTC [DEBUG   ] ThreadPoolExecutor-0_2 - HTTP/1.1 POST https://az-phx-001.cognitedata.com/api/v1/projects/bdx-dev/raw/dbs/db_databricks_everest_raw/tables/tb_T003P/rows?ensureParent=True 200
2026-07-29 21:27:34.796 UTC [DEBUG   ] ThreadPoolExecutor-0_1 - https://az-phx-001.cognitedata.com:443 "POST /api/v1/projects/bdx-dev/raw/dbs/db_databricks_everest_raw/tables/tb_T006/rows?ensureParent=True HTTP/1.1" 200 6
2026-07-29 21:27:34.796 UTC [DEBUG   ] ThreadPoolExecutor-0_1 - HTTP/1.1 POST https://az-phx-001.cognitedata.com/api/v1/projects/bdx-dev/raw/dbs/db_databricks_everest_raw/tables/tb_T006/rows?ensureParent=True 200
2026-07-29 21:27:34.796 UTC [INFO    ] QueryExecutor_3 - Uploaded 24367 raw rows
2026-07-29 21:27:34.827 UTC [INFO    ] QueryExecutor_0 - Uploaded 0 raw rows
2026-07-29 21:27:35.499 UTC [INFO    ] QueryExecutor_1 - Current_row_count for query extract-everest-SER01: 130000
2026-07-29 21:27:35.702 UTC [INFO    ] QueryExecutor_0 - Connected to db-databricks-raw successfully
2026-07-29 21:27:35.702 UTC [INFO    ] QueryExecutor_0 - Starting extraction of extract-everest-T006A
2026-07-29 21:27:35.718 UTC [INFO    ] QueryExecutor_0 - Getting rows from odbc
2026-07-29 21:27:35.749 UTC [INFO    ] QueryExecutor_3 - Connected to db-databricks-raw successfully
2026-07-29 21:27:35.749 UTC [INFO    ] QueryExecutor_3 - Starting extraction of extract-everest-T023
2026-07-29 21:27:35.749 UTC [INFO    ] QueryExecutor_3 - Getting rows from odbc
2026-07-29 21:27:36.061 UTC [INFO    ] QueryExecutor_2 - Current_row_count for query extract-everest-QMFE: 280000
2026-07-29 21:27:36.593 UTC [INFO    ] QueryExecutor_3 - No more rows for extract-everest-T023. 769 rows extracted in 0.844 seconds
2026-07-29 21:27:36.593 UTC [INFO    ] QueryExecutor_3 - Reporting new success run: No more rows for extract-everest-T023. 769 rows extracted in 0.844 seconds
2026-07-29 21:27:36.624 UTC [DEBUG   ] ThreadPoolExecutor-0_3 - https://az-phx-001.cognitedata.com:443 "POST /api/v1/projects/bdx-dev/extpipes/runs HTTP/1.1" 200 207
2026-07-29 21:27:36.624 UTC [DEBUG   ] ThreadPoolExecutor-0_3 - HTTP/1.1 POST https://az-phx-001.cognitedata.com/api/v1/projects/bdx-dev/extpipes/runs 200
2026-07-29 21:27:37.046 UTC [DEBUG   ] ThreadPoolExecutor-0_1 - https://az-phx-001.cognitedata.com:443 "POST /api/v1/projects/bdx-dev/raw/dbs/db_databricks_everest_raw/tables/tb_SER01/rows?ensureParent=True HTTP/1.1" 200 6
2026-07-29 21:27:37.046 UTC [DEBUG   ] ThreadPoolExecutor-0_1 - HTTP/1.1 POST https://az-phx-001.cognitedata.com/api/v1/projects/bdx-dev/raw/dbs/db_databricks_everest_raw/tables/tb_SER01/rows?ensureParent=True 200
2026-07-29 21:27:37.077 UTC [DEBUG   ] ThreadPoolExecutor-0_0 - https://az-phx-001.cognitedata.com:443 "POST /api/v1/projects/bdx-dev/raw/dbs/db_databricks_everest_raw/tables/tb_SER01/rows?ensureParent=True HTTP/1.1" 200 6
2026-07-29 21:27:37.077 UTC [DEBUG   ] ThreadPoolExecutor-0_0 - HTTP/1.1 POST https://az-phx-001.cognitedata.com/api/v1/projects/bdx-dev/raw/dbs/db_databricks_everest_raw/tables/tb_SER01/rows?ensureParent=True 200
2026-07-29 21:27:37.077 UTC [DEBUG   ] ThreadPoolExecutor-0_2 - https://az-phx-001.cognitedata.com:443 "POST /api/v1/projects/bdx-dev/raw/dbs/db_databricks_everest_raw/tables/tb_SER01/rows?ensureParent=True HTTP/1.1" 200 6
2026-07-29 21:27:37.077 UTC [DEBUG   ] ThreadPoolExecutor-0_2 - HTTP/1.1 POST https://az-phx-001.cognitedata.com/api/v1/projects/bdx-dev/raw/dbs/db_databricks_everest_raw/tables/tb_SER01/rows?ensureParent=True 200
2026-07-29 21:27:37.686 UTC [DEBUG   ] ThreadPoolExecutor-0_3 - https://az-phx-001.cognitedata.com:443 "POST /api/v1/projects/bdx-dev/raw/dbs/db_databricks_everest_raw/tables/tb_QMFE/rows?ensureParent=True HTTP/1.1" 200 6
2026-07-29 21:27:37.686 UTC [DEBUG   ] ThreadPoolExecutor-0_3 - HTTP/1.1 POST https://az-phx-001.cognitedata.com/api/v1/projects/bdx-dev/raw/dbs/db_databricks_everest_raw/tables/tb_QMFE/rows?ensureParent=True 200
2026-07-29 21:27:37.749 UTC [DEBUG   ] ThreadPoolExecutor-0_1 - https://az-phx-001.cognitedata.com:443 "POST /api/v1/projects/bdx-dev/raw/dbs/db_databricks_everest_raw/tables/tb_T023/rows?ensureParent=True HTTP/1.1" 200 6
2026-07-29 21:27:37.749 UTC [DEBUG   ] ThreadPoolExecutor-0_1 - HTTP/1.1 POST https://az-phx-001.cognitedata.com/api/v1/projects/bdx-dev/raw/dbs/db_databricks_everest_raw/tables/tb_T023/rows?ensureParent=True 200
2026-07-29 21:27:37.749 UTC [INFO    ] QueryExecutor_3 - Uploaded 19769 raw rows
2026-07-29 21:27:38.202 UTC [INFO    ] QueryExecutor_1 - Current_row_count for query extract-everest-SER01: 140000
2026-07-29 21:27:39.092 UTC [INFO    ] QueryExecutor_0 - No more rows for extract-everest-T006A. 8958 rows extracted in 3.37 seconds
2026-07-29 21:27:39.092 UTC [INFO    ] QueryExecutor_0 - Reporting new success run: No more rows for extract-everest-T006A. 8958 rows extracted in 3.37 seconds
2026-07-29 21:27:39.155 UTC [DEBUG   ] ThreadPoolExecutor-0_2 - https://az-phx-001.cognitedata.com:443 "POST /api/v1/projects/bdx-dev/extpipes/runs HTTP/1.1" 200 208
2026-07-29 21:27:39.155 UTC [DEBUG   ] ThreadPoolExecutor-0_2 - HTTP/1.1 POST https://az-phx-001.cognitedata.com/api/v1/projects/bdx-dev/extpipes/runs 200
2026-07-29 21:27:39.249 UTC [INFO    ] QueryExecutor_3 - Connected to db-databricks-raw successfully
2026-07-29 21:27:39.249 UTC [INFO    ] QueryExecutor_3 - Starting extraction of extract-everest-T023T
2026-07-29 21:27:39.249 UTC [INFO    ] QueryExecutor_3 - Getting rows from odbc
2026-07-29 21:27:40.186 UTC [DEBUG   ] ThreadPoolExecutor-0_3 - https://az-phx-001.cognitedata.com:443 "POST /api/v1/projects/bdx-dev/raw/dbs/db_databricks_everest_raw/tables/tb_T006A/rows?ensureParent=True HTTP/1.1" 200 6
2026-07-29 21:27:40.186 UTC [DEBUG   ] ThreadPoolExecutor-0_3 - HTTP/1.1 POST https://az-phx-001.cognitedata.com/api/v1/projects/bdx-dev/raw/dbs/db_databricks_everest_raw/tables/tb_T006A/rows?ensureParent=True 200
2026-07-29 21:27:40.233 UTC [DEBUG   ] ThreadPoolExecutor-0_0 - https://az-phx-001.cognitedata.com:443 "POST /api/v1/projects/bdx-dev/raw/dbs/db_databricks_everest_raw/tables/tb_T006A/rows?ensureParent=True HTTP/1.1" 200 6
2026-07-29 21:27:40.233 UTC [DEBUG   ] ThreadPoolExecutor-0_0 - HTTP/1.1 POST https://az-phx-001.cognitedata.com/api/v1/projects/bdx-dev/raw/dbs/db_databricks_everest_raw/tables/tb_T006A/rows?ensureParent=True 200
2026-07-29 21:27:40.467 UTC [DEBUG   ] ThreadPoolExecutor-0_4 - https://az-phx-001.cognitedata.com:443 "POST /api/v1/projects/bdx-dev/raw/dbs/db_databricks_everest_raw/tables/tb_QMFE/rows?ensureParent=True HTTP/1.1" 200 6
2026-07-29 21:27:40.467 UTC [DEBUG   ] ThreadPoolExecutor-0_4 - HTTP/1.1 POST https://az-phx-001.cognitedata.com/api/v1/projects/bdx-dev/raw/dbs/db_databricks_everest_raw/tables/tb_QMFE/rows?ensureParent=True 200
2026-07-29 21:27:40.592 UTC [DEBUG   ] ThreadPoolExecutor-0_3 - https://az-phx-001.cognitedata.com:443 "POST /api/v1/projects/bdx-dev/raw/dbs/db_databricks_everest_raw/tables/tb_SER01/rows?ensureParent=True HTTP/1.1" 200 6
2026-07-29 21:27:40.592 UTC [DEBUG   ] ThreadPoolExecutor-0_3 - HTTP/1.1 POST https://az-phx-001.cognitedata.com/api/v1/projects/bdx-dev/raw/dbs/db_databricks_everest_raw/tables/tb_SER01/rows?ensureParent=True 200
2026-07-29 21:27:40.780 UTC [DEBUG   ] ThreadPoolExecutor-0_1 - https://az-phx-001.cognitedata.com:443 "POST /api/v1/projects/bdx-dev/raw/dbs/db_databricks_everest_raw/tables/tb_SER01/rows?ensureParent=True HTTP/1.1" 200 6
2026-07-29 21:27:40.780 UTC [DEBUG   ] ThreadPoolExecutor-0_1 - HTTP/1.1 POST https://az-phx-001.cognitedata.com/api/v1/projects/bdx-dev/raw/dbs/db_databricks_everest_raw/tables/tb_SER01/rows?ensureParent=True 200
2026-07-29 21:27:40.780 UTC [INFO    ] QueryExecutor_0 - Uploaded 16958 raw rows
2026-07-29 21:27:42.139 UTC [INFO    ] QueryExecutor_3 - Current_row_count for query extract-everest-T023T: 10000
2026-07-29 21:27:42.155 UTC [INFO    ] QueryExecutor_0 - Connected to db-databricks-raw successfully
2026-07-29 21:27:42.155 UTC [INFO    ] QueryExecutor_0 - Starting extraction of extract-everest-T024
2026-07-29 21:27:42.155 UTC [INFO    ] QueryExecutor_0 - Getting rows from odbc
2026-07-29 21:27:42.233 UTC [INFO    ] QueryExecutor_1 - Current_row_count for query extract-everest-SER01: 150000
2026-07-29 21:27:42.280 UTC [INFO    ] QueryExecutor_3 - No more rows for extract-everest-T023T. 10788 rows extracted in 3.03 seconds
2026-07-29 21:27:42.280 UTC [INFO    ] QueryExecutor_3 - Reporting new success run: No more rows for extract-everest-T023T. 10788 rows extracted in 3.03 seconds
2026-07-29 21:27:42.327 UTC [DEBUG   ] ThreadPoolExecutor-0_2 - https://az-phx-001.cognitedata.com:443 "POST /api/v1/projects/bdx-dev/extpipes/runs HTTP/1.1" 200 209
2026-07-29 21:27:42.327 UTC [DEBUG   ] ThreadPoolExecutor-0_2 - HTTP/1.1 POST https://az-phx-001.cognitedata.com/api/v1/projects/bdx-dev/extpipes/runs 200
2026-07-29 21:27:42.499 UTC [DEBUG   ] ThreadPoolExecutor-0_3 - https://az-phx-001.cognitedata.com:443 "POST /api/v1/projects/bdx-dev/raw/dbs/db_databricks_everest_raw/tables/tb_SER01/rows?ensureParent=True HTTP/1.1" 200 6
2026-07-29 21:27:42.514 UTC [DEBUG   ] ThreadPoolExecutor-0_3 - HTTP/1.1 POST https://az-phx-001.cognitedata.com/api/v1/projects/bdx-dev/raw/dbs/db_databricks_everest_raw/tables/tb_SER01/rows?ensureParent=True 200
2026-07-29 21:27:42.686 UTC [DEBUG   ] ThreadPoolExecutor-0_0 - https://az-phx-001.cognitedata.com:443 "POST /api/v1/projects/bdx-dev/raw/dbs/db_databricks_everest_raw/tables/tb_SER01/rows?ensureParent=True HTTP/1.1" 200 6
2026-07-29 21:27:42.686 UTC [DEBUG   ] ThreadPoolExecutor-0_0 - HTTP/1.1 POST https://az-phx-001.cognitedata.com/api/v1/projects/bdx-dev/raw/dbs/db_databricks_everest_raw/tables/tb_SER01/rows?ensureParent=True 200
2026-07-29 21:27:42.936 UTC [DEBUG   ] ThreadPoolExecutor-0_4 - https://az-phx-001.cognitedata.com:443 "POST /api/v1/projects/bdx-dev/raw/dbs/db_databricks_everest_raw/tables/tb_QMFE/rows?ensureParent=True HTTP/1.1" 200 6
2026-07-29 21:27:42.936 UTC [DEBUG   ] ThreadPoolExecutor-0_4 - HTTP/1.1 POST https://az-phx-001.cognitedata.com/api/v1/projects/bdx-dev/raw/dbs/db_databricks_everest_raw/tables/tb_QMFE/rows?ensureParent=True 200
2026-07-29 21:27:43.061 UTC [DEBUG   ] ThreadPoolExecutor-0_0 - https://az-phx-001.cognitedata.com:443 "POST /api/v1/projects/bdx-dev/raw/dbs/db_databricks_everest_raw/tables/tb_T023T/rows?ensureParent=True HTTP/1.1" 200 6
2026-07-29 21:27:43.061 UTC [DEBUG   ] ThreadPoolExecutor-0_0 - HTTP/1.1 POST https://az-phx-001.cognitedata.com/api/v1/projects/bdx-dev/raw/dbs/db_databricks_everest_raw/tables/tb_T023T/rows?ensureParent=True 200
2026-07-29 21:27:43.202 UTC [DEBUG   ] ThreadPoolExecutor-0_1 - https://az-phx-001.cognitedata.com:443 "POST /api/v1/projects/bdx-dev/raw/dbs/db_databricks_everest_raw/tables/tb_T023T/rows?ensureParent=True HTTP/1.1" 200 6
2026-07-29 21:27:43.202 UTC [DEBUG   ] ThreadPoolExecutor-0_1 - HTTP/1.1 POST https://az-phx-001.cognitedata.com/api/v1/projects/bdx-dev/raw/dbs/db_databricks_everest_raw/tables/tb_T023T/rows?ensureParent=True 200
2026-07-29 21:27:43.217 UTC [DEBUG   ] ThreadPoolExecutor-0_3 - https://az-phx-001.cognitedata.com:443 "POST /api/v1/projects/bdx-dev/raw/dbs/db_databricks_everest_raw/tables/tb_T023T/rows?ensureParent=True HTTP/1.1" 200 6
2026-07-29 21:27:43.217 UTC [DEBUG   ] ThreadPoolExecutor-0_3 - HTTP/1.1 POST https://az-phx-001.cognitedata.com/api/v1/projects/bdx-dev/raw/dbs/db_databricks_everest_raw/tables/tb_T023T/rows?ensureParent=True 200
2026-07-29 21:27:43.217 UTC [INFO    ] QueryExecutor_3 - Uploaded 18788 raw rows
2026-07-29 21:27:43.514 UTC [INFO    ] QueryExecutor_0 - No more rows for extract-everest-T024. 1167 rows extracted in 1.36 seconds
2026-07-29 21:27:43.514 UTC [INFO    ] QueryExecutor_0 - Reporting new success run: No more rows for extract-everest-T024. 1167 rows extracted in 1.36 seconds
2026-07-29 21:27:43.545 UTC [DEBUG   ] ThreadPoolExecutor-0_4 - https://az-phx-001.cognitedata.com:443 "POST /api/v1/projects/bdx-dev/extpipes/runs HTTP/1.1" 200 207
2026-07-29 21:27:43.545 UTC [DEBUG   ] ThreadPoolExecutor-0_4 - HTTP/1.1 POST https://az-phx-001.cognitedata.com/api/v1/projects/bdx-dev/extpipes/runs 200
2026-07-29 21:27:43.624 UTC [DEBUG   ] ThreadPoolExecutor-0_0 - https://az-phx-001.cognitedata.com:443 "POST /api/v1/projects/bdx-dev/raw/dbs/db_databricks_everest_raw/tables/tb_SER01/rows?ensureParent=True HTTP/1.1" 200 6
2026-07-29 21:27:43.624 UTC [DEBUG   ] ThreadPoolExecutor-0_0 - HTTP/1.1 POST https://az-phx-001.cognitedata.com/api/v1/projects/bdx-dev/raw/dbs/db_databricks_everest_raw/tables/tb_SER01/rows?ensureParent=True 200
2026-07-29 21:27:43.764 UTC [DEBUG   ] ThreadPoolExecutor-0_3 - https://az-phx-001.cognitedata.com:443 "POST /api/v1/projects/bdx-dev/raw/dbs/db_databricks_everest_raw/tables/tb_QMFE/rows?ensureParent=True HTTP/1.1" 200 6
2026-07-29 21:27:43.764 UTC [DEBUG   ] ThreadPoolExecutor-0_3 - HTTP/1.1 POST https://az-phx-001.cognitedata.com/api/v1/projects/bdx-dev/raw/dbs/db_databricks_everest_raw/tables/tb_QMFE/rows?ensureParent=True 200
2026-07-29 21:27:43.858 UTC [DEBUG   ] ThreadPoolExecutor-0_4 - https://az-phx-001.cognitedata.com:443 "POST /api/v1/projects/bdx-dev/raw/dbs/db_databricks_everest_raw/tables/tb_T024/rows?ensureParent=True HTTP/1.1" 200 6
2026-07-29 21:27:43.874 UTC [DEBUG   ] ThreadPoolExecutor-0_4 - HTTP/1.1 POST https://az-phx-001.cognitedata.com/api/v1/projects/bdx-dev/raw/dbs/db_databricks_everest_raw/tables/tb_T024/rows?ensureParent=True 200
2026-07-29 21:27:43.874 UTC [INFO    ] QueryExecutor_0 - Uploaded 3167 raw rows
2026-07-29 21:27:44.624 UTC [INFO    ] QueryExecutor_0 - Connected to db-databricks-raw successfully
2026-07-29 21:27:44.624 UTC [INFO    ] QueryExecutor_0 - Starting extraction of extract-everest-T024E
2026-07-29 21:27:44.624 UTC [INFO    ] QueryExecutor_0 - Getting rows from odbc
2026-07-29 21:27:44.717 UTC [INFO    ] QueryExecutor_3 - Connected to db-databricks-raw successfully
2026-07-29 21:27:44.717 UTC [INFO    ] QueryExecutor_3 - Starting extraction of extract-everest-T024D
2026-07-29 21:27:44.733 UTC [INFO    ] QueryExecutor_3 - Getting rows from odbc
2026-07-29 21:27:44.905 UTC [INFO    ] QueryExecutor_1 - Current_row_count for query extract-everest-SER01: 160000
2026-07-29 21:27:45.342 UTC [INFO    ] QueryExecutor_2 - Current_row_count for query extract-everest-QMFE: 290000
2026-07-29 21:27:45.358 UTC [INFO    ] QueryExecutor_0 - No more rows for extract-everest-T024E. 58 rows extracted in 0.734 seconds
2026-07-29 21:27:45.358 UTC [INFO    ] QueryExecutor_0 - Reporting new success run: No more rows for extract-everest-T024E. 58 rows extracted in 0.734 seconds
2026-07-29 21:27:45.389 UTC [DEBUG   ] ThreadPoolExecutor-0_0 - https://az-phx-001.cognitedata.com:443 "POST /api/v1/projects/bdx-dev/extpipes/runs HTTP/1.1" 200 207
2026-07-29 21:27:45.389 UTC [DEBUG   ] ThreadPoolExecutor-0_0 - HTTP/1.1 POST https://az-phx-001.cognitedata.com/api/v1/projects/bdx-dev/extpipes/runs 200
2026-07-29 21:27:45.655 UTC [DEBUG   ] ThreadPoolExecutor-0_4 - https://az-phx-001.cognitedata.com:443 "POST /api/v1/projects/bdx-dev/raw/dbs/db_databricks_everest_raw/tables/tb_SER01/rows?ensureParent=True HTTP/1.1" 200 6
2026-07-29 21:27:45.655 UTC [DEBUG   ] ThreadPoolExecutor-0_4 - HTTP/1.1 POST https://az-phx-001.cognitedata.com/api/v1/projects/bdx-dev/raw/dbs/db_databricks_everest_raw/tables/tb_SER01/rows?ensureParent=True 200
2026-07-29 21:27:45.764 UTC [DEBUG   ] ThreadPoolExecutor-0_3 - https://az-phx-001.cognitedata.com:443 "POST /api/v1/projects/bdx-dev/raw/dbs/db_databricks_everest_raw/tables/tb_SER01/rows?ensureParent=True HTTP/1.1" 200 6
2026-07-29 21:27:45.764 UTC [DEBUG   ] ThreadPoolExecutor-0_3 - HTTP/1.1 POST https://az-phx-001.cognitedata.com/api/v1/projects/bdx-dev/raw/dbs/db_databricks_everest_raw/tables/tb_SER01/rows?ensureParent=True 200
2026-07-29 21:27:45.795 UTC [DEBUG   ] ThreadPoolExecutor-0_1 - https://az-phx-001.cognitedata.com:443 "POST /api/v1/projects/bdx-dev/raw/dbs/db_databricks_everest_raw/tables/tb_SER01/rows?ensureParent=True HTTP/1.1" 200 6
2026-07-29 21:27:45.795 UTC [DEBUG   ] ThreadPoolExecutor-0_1 - HTTP/1.1 POST https://az-phx-001.cognitedata.com/api/v1/projects/bdx-dev/raw/dbs/db_databricks_everest_raw/tables/tb_SER01/rows?ensureParent=True 200
2026-07-29 21:27:46.248 UTC [DEBUG   ] ThreadPoolExecutor-0_0 - https://az-phx-001.cognitedata.com:443 "POST /api/v1/projects/bdx-dev/raw/dbs/db_databricks_everest_raw/tables/tb_QMFE/rows?ensureParent=True HTTP/1.1" 200 6
2026-07-29 21:27:46.248 UTC [DEBUG   ] ThreadPoolExecutor-0_0 - HTTP/1.1 POST https://az-phx-001.cognitedata.com/api/v1/projects/bdx-dev/raw/dbs/db_databricks_everest_raw/tables/tb_QMFE/rows?ensureParent=True 200
2026-07-29 21:27:46.280 UTC [DEBUG   ] ThreadPoolExecutor-0_4 - https://az-phx-001.cognitedata.com:443 "POST /api/v1/projects/bdx-dev/raw/dbs/db_databricks_everest_raw/tables/tb_T024E/rows?ensureParent=True HTTP/1.1" 200 6
2026-07-29 21:27:46.295 UTC [DEBUG   ] ThreadPoolExecutor-0_4 - HTTP/1.1 POST https://az-phx-001.cognitedata.com/api/v1/projects/bdx-dev/raw/dbs/db_databricks_everest_raw/tables/tb_T024E/rows?ensureParent=True 200
2026-07-29 21:27:46.295 UTC [INFO    ] QueryExecutor_0 - Uploaded 16058 raw rows
2026-07-29 21:27:46.999 UTC [INFO    ] QueryExecutor_0 - Connected to db-databricks-raw successfully
2026-07-29 21:27:47.015 UTC [INFO    ] QueryExecutor_0 - Starting extraction of extract-everest-T024I
2026-07-29 21:27:47.015 UTC [INFO    ] QueryExecutor_0 - Getting rows from odbc
2026-07-29 21:27:47.890 UTC [INFO    ] QueryExecutor_1 - Current_row_count for query extract-everest-SER01: 170000
2026-07-29 21:27:48.218 UTC [INFO    ] QueryExecutor_0 - No more rows for extract-everest-T024I. 1900 rows extracted in 1.2 seconds
2026-07-29 21:27:48.218 UTC [INFO    ] QueryExecutor_0 - Reporting new success run: No more rows for extract-everest-T024I. 1900 rows extracted in 1.2 seconds
2026-07-29 21:27:48.280 UTC [DEBUG   ] ThreadPoolExecutor-0_1 - https://az-phx-001.cognitedata.com:443 "POST /api/v1/projects/bdx-dev/extpipes/runs HTTP/1.1" 200 207
2026-07-29 21:27:48.280 UTC [DEBUG   ] ThreadPoolExecutor-0_1 - HTTP/1.1 POST https://az-phx-001.cognitedata.com/api/v1/projects/bdx-dev/extpipes/runs 200
2026-07-29 21:27:48.499 UTC [DEBUG   ] ThreadPoolExecutor-0_3 - https://az-phx-001.cognitedata.com:443 "POST /api/v1/projects/bdx-dev/raw/dbs/db_databricks_everest_raw/tables/tb_SER01/rows?ensureParent=True HTTP/1.1" 200 6
2026-07-29 21:27:48.499 UTC [DEBUG   ] ThreadPoolExecutor-0_3 - HTTP/1.1 POST https://az-phx-001.cognitedata.com/api/v1/projects/bdx-dev/raw/dbs/db_databricks_everest_raw/tables/tb_SER01/rows?ensureParent=True 200
2026-07-29 21:27:48.629 UTC [DEBUG   ] ThreadPoolExecutor-0_0 - https://az-phx-001.cognitedata.com:443 "POST /api/v1/projects/bdx-dev/raw/dbs/db_databricks_everest_raw/tables/tb_SER01/rows?ensureParent=True HTTP/1.1" 200 6
2026-07-29 21:27:48.629 UTC [DEBUG   ] ThreadPoolExecutor-0_0 - HTTP/1.1 POST https://az-phx-001.cognitedata.com/api/v1/projects/bdx-dev/raw/dbs/db_databricks_everest_raw/tables/tb_SER01/rows?ensureParent=True 200
2026-07-29 21:27:48.957 UTC [DEBUG   ] ThreadPoolExecutor-0_2 - https://az-phx-001.cognitedata.com:443 "POST /api/v1/projects/bdx-dev/raw/dbs/db_databricks_everest_raw/tables/tb_QMFE/rows?ensureParent=True HTTP/1.1" 200 6
2026-07-29 21:27:48.957 UTC [DEBUG   ] ThreadPoolExecutor-0_2 - HTTP/1.1 POST https://az-phx-001.cognitedata.com/api/v1/projects/bdx-dev/raw/dbs/db_databricks_everest_raw/tables/tb_QMFE/rows?ensureParent=True 200
2026-07-29 21:27:49.550 UTC [DEBUG   ] ThreadPoolExecutor-0_3 - https://az-phx-001.cognitedata.com:443 "POST /api/v1/projects/bdx-dev/raw/dbs/db_databricks_everest_raw/tables/tb_T024D/rows?ensureParent=True HTTP/1.1" 200 6
2026-07-29 21:27:49.550 UTC [DEBUG   ] ThreadPoolExecutor-0_3 - HTTP/1.1 POST https://az-phx-001.cognitedata.com/api/v1/projects/bdx-dev/raw/dbs/db_databricks_everest_raw/tables/tb_T024D/rows?ensureParent=True 200
2026-07-29 21:27:49.691 UTC [DEBUG   ] ThreadPoolExecutor-0_4 - https://az-phx-001.cognitedata.com:443 "POST /api/v1/projects/bdx-dev/raw/dbs/db_databricks_everest_raw/tables/tb_T024D/rows?ensureParent=True HTTP/1.1" 200 6
2026-07-29 21:27:49.691 UTC [DEBUG   ] ThreadPoolExecutor-0_4 - HTTP/1.1 POST https://az-phx-001.cognitedata.com/api/v1/projects/bdx-dev/raw/dbs/db_databricks_everest_raw/tables/tb_T024D/rows?ensureParent=True 200
2026-07-29 21:27:49.832 UTC [DEBUG   ] ThreadPoolExecutor-0_1 - https://az-phx-001.cognitedata.com:443 "POST /api/v1/projects/bdx-dev/raw/dbs/db_databricks_everest_raw/tables/tb_T024I/rows?ensureParent=True HTTP/1.1" 200 6
2026-07-29 21:27:49.832 UTC [DEBUG   ] ThreadPoolExecutor-0_1 - HTTP/1.1 POST https://az-phx-001.cognitedata.com/api/v1/projects/bdx-dev/raw/dbs/db_databricks_everest_raw/tables/tb_T024I/rows?ensureParent=True 200
2026-07-29 21:27:49.832 UTC [INFO    ] QueryExecutor_0 - Uploaded 19900 raw rows
2026-07-29 21:27:50.144 UTC [INFO    ] QueryExecutor_3 - No more rows for extract-everest-T024D. 9284 rows extracted in 5.41 seconds
2026-07-29 21:27:50.144 UTC [INFO    ] QueryExecutor_3 - Reporting new success run: No more rows for extract-everest-T024D. 9284 rows extracted in 5.41 seconds
2026-07-29 21:27:50.191 UTC [DEBUG   ] ThreadPoolExecutor-0_0 - https://az-phx-001.cognitedata.com:443 "POST /api/v1/projects/bdx-dev/extpipes/runs HTTP/1.1" 200 208
2026-07-29 21:27:50.191 UTC [DEBUG   ] ThreadPoolExecutor-0_0 - HTTP/1.1 POST https://az-phx-001.cognitedata.com/api/v1/projects/bdx-dev/extpipes/runs 200
2026-07-29 21:27:50.332 UTC [DEBUG   ] ThreadPoolExecutor-0_4 - https://az-phx-001.cognitedata.com:443 "POST /api/v1/projects/bdx-dev/raw/dbs/db_databricks_everest_raw/tables/tb_T024D/rows?ensureParent=True HTTP/1.1" 200 6
2026-07-29 21:27:50.332 UTC [DEBUG   ] ThreadPoolExecutor-0_4 - HTTP/1.1 POST https://az-phx-001.cognitedata.com/api/v1/projects/bdx-dev/raw/dbs/db_databricks_everest_raw/tables/tb_T024D/rows?ensureParent=True 200
2026-07-29 21:27:50.488 UTC [INFO    ] QueryExecutor_0 - Connected to db-databricks-raw successfully
2026-07-29 21:27:50.488 UTC [INFO    ] QueryExecutor_0 - Starting extraction of extract-everest-T134
2026-07-29 21:27:50.488 UTC [INFO    ] QueryExecutor_0 - Getting rows from odbc
2026-07-29 21:27:50.519 UTC [DEBUG   ] ThreadPoolExecutor-0_1 - https://az-phx-001.cognitedata.com:443 "POST /api/v1/projects/bdx-dev/raw/dbs/db_databricks_everest_raw/tables/tb_SER01/rows?ensureParent=True HTTP/1.1" 200 6
2026-07-29 21:27:50.519 UTC [DEBUG   ] ThreadPoolExecutor-0_1 - HTTP/1.1 POST https://az-phx-001.cognitedata.com/api/v1/projects/bdx-dev/raw/dbs/db_databricks_everest_raw/tables/tb_SER01/rows?ensureParent=True 200
2026-07-29 21:27:50.675 UTC [DEBUG   ] ThreadPoolExecutor-0_0 - https://az-phx-001.cognitedata.com:443 "POST /api/v1/projects/bdx-dev/raw/dbs/db_databricks_everest_raw/tables/tb_QMFE/rows?ensureParent=True HTTP/1.1" 200 6
2026-07-29 21:27:50.675 UTC [DEBUG   ] ThreadPoolExecutor-0_0 - HTTP/1.1 POST https://az-phx-001.cognitedata.com/api/v1/projects/bdx-dev/raw/dbs/db_databricks_everest_raw/tables/tb_QMFE/rows?ensureParent=True 200
2026-07-29 21:27:50.675 UTC [INFO    ] QueryExecutor_3 - Uploaded 4284 raw rows
2026-07-29 21:27:51.222 UTC [INFO    ] QueryExecutor_0 - No more rows for extract-everest-T134. 40 rows extracted in 0.734 seconds
2026-07-29 21:27:51.222 UTC [INFO    ] QueryExecutor_0 - Reporting new success run: No more rows for extract-everest-T134. 40 rows extracted in 0.734 seconds
2026-07-29 21:27:51.253 UTC [DEBUG   ] ThreadPoolExecutor-0_4 - https://az-phx-001.cognitedata.com:443 "POST /api/v1/projects/bdx-dev/extpipes/runs HTTP/1.1" 200 206
2026-07-29 21:27:51.253 UTC [DEBUG   ] ThreadPoolExecutor-0_4 - HTTP/1.1 POST https://az-phx-001.cognitedata.com/api/v1/projects/bdx-dev/extpipes/runs 200
2026-07-29 21:27:51.363 UTC [INFO    ] QueryExecutor_3 - Connected to db-databricks-raw successfully
2026-07-29 21:27:51.363 UTC [INFO    ] QueryExecutor_3 - Starting extraction of extract-everest-T134T
2026-07-29 21:27:51.363 UTC [INFO    ] QueryExecutor_3 - Getting rows from odbc
2026-07-29 21:27:51.503 UTC [DEBUG   ] ThreadPoolExecutor-0_1 - https://az-phx-001.cognitedata.com:443 "POST /api/v1/projects/bdx-dev/raw/dbs/db_databricks_everest_raw/tables/tb_SER01/rows?ensureParent=True HTTP/1.1" 200 6
2026-07-29 21:27:51.503 UTC [DEBUG   ] ThreadPoolExecutor-0_1 - HTTP/1.1 POST https://az-phx-001.cognitedata.com/api/v1/projects/bdx-dev/raw/dbs/db_databricks_everest_raw/tables/tb_SER01/rows?ensureParent=True 200
2026-07-29 21:27:51.753 UTC [DEBUG   ] ThreadPoolExecutor-0_0 - https://az-phx-001.cognitedata.com:443 "POST /api/v1/projects/bdx-dev/raw/dbs/db_databricks_everest_raw/tables/tb_QMFE/rows?ensureParent=True HTTP/1.1" 200 6
2026-07-29 21:27:51.753 UTC [DEBUG   ] ThreadPoolExecutor-0_0 - HTTP/1.1 POST https://az-phx-001.cognitedata.com/api/v1/projects/bdx-dev/raw/dbs/db_databricks_everest_raw/tables/tb_QMFE/rows?ensureParent=True 200
2026-07-29 21:27:51.800 UTC [DEBUG   ] ThreadPoolExecutor-0_4 - https://az-phx-001.cognitedata.com:443 "POST /api/v1/projects/bdx-dev/raw/dbs/db_databricks_everest_raw/tables/tb_T134/rows?ensureParent=True HTTP/1.1" 200 6
2026-07-29 21:27:51.800 UTC [DEBUG   ] ThreadPoolExecutor-0_4 - HTTP/1.1 POST https://az-phx-001.cognitedata.com/api/v1/projects/bdx-dev/raw/dbs/db_databricks_everest_raw/tables/tb_T134/rows?ensureParent=True 200
2026-07-29 21:27:51.800 UTC [INFO    ] QueryExecutor_0 - Uploaded 6040 raw rows
2026-07-29 21:27:52.160 UTC [INFO    ] QueryExecutor_3 - No more rows for extract-everest-T134T. 765 rows extracted in 0.797 seconds
2026-07-29 21:27:52.160 UTC [INFO    ] QueryExecutor_3 - Reporting new success run: No more rows for extract-everest-T134T. 765 rows extracted in 0.797 seconds
2026-07-29 21:27:52.238 UTC [DEBUG   ] ThreadPoolExecutor-0_1 - https://az-phx-001.cognitedata.com:443 "POST /api/v1/projects/bdx-dev/extpipes/runs HTTP/1.1" 200 208
2026-07-29 21:27:52.238 UTC [DEBUG   ] ThreadPoolExecutor-0_1 - HTTP/1.1 POST https://az-phx-001.cognitedata.com/api/v1/projects/bdx-dev/extpipes/runs 200
2026-07-29 21:27:52.441 UTC [DEBUG   ] ThreadPoolExecutor-0_0 - https://az-phx-001.cognitedata.com:443 "POST /api/v1/projects/bdx-dev/raw/dbs/db_databricks_everest_raw/tables/tb_SER01/rows?ensureParent=True HTTP/1.1" 200 6
2026-07-29 21:27:52.441 UTC [DEBUG   ] ThreadPoolExecutor-0_0 - HTTP/1.1 POST https://az-phx-001.cognitedata.com/api/v1/projects/bdx-dev/raw/dbs/db_databricks_everest_raw/tables/tb_SER01/rows?ensureParent=True 200
2026-07-29 21:27:52.582 UTC [DEBUG   ] ThreadPoolExecutor-0_4 - https://az-phx-001.cognitedata.com:443 "POST /api/v1/projects/bdx-dev/raw/dbs/db_databricks_everest_raw/tables/tb_QMFE/rows?ensureParent=True HTTP/1.1" 200 6
2026-07-29 21:27:52.582 UTC [DEBUG   ] ThreadPoolExecutor-0_4 - HTTP/1.1 POST https://az-phx-001.cognitedata.com/api/v1/projects/bdx-dev/raw/dbs/db_databricks_everest_raw/tables/tb_QMFE/rows?ensureParent=True 200
2026-07-29 21:27:52.644 UTC [DEBUG   ] ThreadPoolExecutor-0_1 - https://az-phx-001.cognitedata.com:443 "POST /api/v1/projects/bdx-dev/raw/dbs/db_databricks_everest_raw/tables/tb_T134T/rows?ensureParent=True HTTP/1.1" 200 6
2026-07-29 21:27:52.644 UTC [DEBUG   ] ThreadPoolExecutor-0_1 - HTTP/1.1 POST https://az-phx-001.cognitedata.com/api/v1/projects/bdx-dev/raw/dbs/db_databricks_everest_raw/tables/tb_T134T/rows?ensureParent=True 200
2026-07-29 21:27:52.660 UTC [INFO    ] QueryExecutor_3 - Uploaded 4765 raw rows
2026-07-29 21:27:52.707 UTC [INFO    ] QueryExecutor_1 - Current_row_count for query extract-everest-SER01: 180000
2026-07-29 21:27:52.972 UTC [INFO    ] QueryExecutor_0 - Connected to db-databricks-raw successfully
2026-07-29 21:27:52.972 UTC [INFO    ] QueryExecutor_0 - Starting extraction of extract-everest-T156
2026-07-29 21:27:52.972 UTC [INFO    ] QueryExecutor_0 - Getting rows from odbc
2026-07-29 21:27:53.628 UTC [INFO    ] QueryExecutor_2 - Current_row_count for query extract-everest-QMFE: 300000
2026-07-29 21:27:53.769 UTC [INFO    ] QueryExecutor_3 - Connected to db-databricks-raw successfully
2026-07-29 21:27:53.769 UTC [INFO    ] QueryExecutor_3 - Starting extraction of extract-everest-T156T
2026-07-29 21:27:53.769 UTC [INFO    ] QueryExecutor_3 - Getting rows from odbc
2026-07-29 21:27:53.831 UTC [INFO    ] QueryExecutor_0 - No more rows for extract-everest-T156. 349 rows extracted in 0.859 seconds
2026-07-29 21:27:53.831 UTC [INFO    ] QueryExecutor_0 - Reporting new success run: No more rows for extract-everest-T156. 349 rows extracted in 0.859 seconds
2026-07-29 21:27:53.878 UTC [INFO    ] QueryExecutor_1 - Current_row_count for query extract-everest-SER01: 190000
2026-07-29 21:27:53.878 UTC [DEBUG   ] ThreadPoolExecutor-0_0 - https://az-phx-001.cognitedata.com:443 "POST /api/v1/projects/bdx-dev/extpipes/runs HTTP/1.1" 200 207
2026-07-29 21:27:53.894 UTC [DEBUG   ] ThreadPoolExecutor-0_0 - HTTP/1.1 POST https://az-phx-001.cognitedata.com/api/v1/projects/bdx-dev/extpipes/runs 200
2026-07-29 21:27:54.035 UTC [DEBUG   ] ThreadPoolExecutor-0_1 - https://az-phx-001.cognitedata.com:443 "POST /api/v1/projects/bdx-dev/raw/dbs/db_databricks_everest_raw/tables/tb_SER01/rows?ensureParent=True HTTP/1.1" 200 6
2026-07-29 21:27:54.035 UTC [DEBUG   ] ThreadPoolExecutor-0_1 - HTTP/1.1 POST https://az-phx-001.cognitedata.com/api/v1/projects/bdx-dev/raw/dbs/db_databricks_everest_raw/tables/tb_SER01/rows?ensureParent=True 200
2026-07-29 21:27:54.269 UTC [DEBUG   ] ThreadPoolExecutor-0_4 - https://az-phx-001.cognitedata.com:443 "POST /api/v1/projects/bdx-dev/raw/dbs/db_databricks_everest_raw/tables/tb_SER01/rows?ensureParent=True HTTP/1.1" 200 6
2026-07-29 21:27:54.285 UTC [DEBUG   ] ThreadPoolExecutor-0_4 - HTTP/1.1 POST https://az-phx-001.cognitedata.com/api/v1/projects/bdx-dev/raw/dbs/db_databricks_everest_raw/tables/tb_SER01/rows?ensureParent=True 200
2026-07-29 21:27:54.285 UTC [DEBUG   ] ThreadPoolExecutor-0_2 - https://az-phx-001.cognitedata.com:443 "POST /api/v1/projects/bdx-dev/raw/dbs/db_databricks_everest_raw/tables/tb_SER01/rows?ensureParent=True HTTP/1.1" 200 6
2026-07-29 21:27:54.285 UTC [DEBUG   ] ThreadPoolExecutor-0_2 - HTTP/1.1 POST https://az-phx-001.cognitedata.com/api/v1/projects/bdx-dev/raw/dbs/db_databricks_everest_raw/tables/tb_SER01/rows?ensureParent=True 200
2026-07-29 21:27:54.675 UTC [DEBUG   ] ThreadPoolExecutor-0_0 - https://az-phx-001.cognitedata.com:443 "POST /api/v1/projects/bdx-dev/raw/dbs/db_databricks_everest_raw/tables/tb_QMFE/rows?ensureParent=True HTTP/1.1" 200 6
2026-07-29 21:27:54.675 UTC [DEBUG   ] ThreadPoolExecutor-0_0 - HTTP/1.1 POST https://az-phx-001.cognitedata.com/api/v1/projects/bdx-dev/raw/dbs/db_databricks_everest_raw/tables/tb_QMFE/rows?ensureParent=True 200
2026-07-29 21:27:54.785 UTC [DEBUG   ] ThreadPoolExecutor-0_1 - https://az-phx-001.cognitedata.com:443 "POST /api/v1/projects/bdx-dev/raw/dbs/db_databricks_everest_raw/tables/tb_T156/rows?ensureParent=True HTTP/1.1" 200 6
2026-07-29 21:27:54.785 UTC [DEBUG   ] ThreadPoolExecutor-0_1 - HTTP/1.1 POST https://az-phx-001.cognitedata.com/api/v1/projects/bdx-dev/raw/dbs/db_databricks_everest_raw/tables/tb_T156/rows?ensureParent=True 200
2026-07-29 21:27:54.785 UTC [INFO    ] QueryExecutor_0 - Uploaded 14349 raw rows
2026-07-29 21:27:54.847 UTC [INFO    ] QueryExecutor_1 - No more rows for extract-everest-SER01. 190218 rows extracted in 84.3 seconds
2026-07-29 21:27:54.847 UTC [INFO    ] QueryExecutor_1 - Reporting new success run: No more rows for extract-everest-SER01. 190218 rows extracted in 84.3 seconds
2026-07-29 21:27:54.910 UTC [DEBUG   ] ThreadPoolExecutor-0_2 - https://az-phx-001.cognitedata.com:443 "POST /api/v1/projects/bdx-dev/extpipes/runs HTTP/1.1" 200 210
2026-07-29 21:27:54.910 UTC [DEBUG   ] ThreadPoolExecutor-0_2 - HTTP/1.1 POST https://az-phx-001.cognitedata.com/api/v1/projects/bdx-dev/extpipes/runs 200
2026-07-29 21:27:54.956 UTC [DEBUG   ] ThreadPoolExecutor-0_0 - https://az-phx-001.cognitedata.com:443 "POST /api/v1/projects/bdx-dev/raw/dbs/db_databricks_everest_raw/tables/tb_SER01/rows?ensureParent=True HTTP/1.1" 200 6
2026-07-29 21:27:54.956 UTC [DEBUG   ] ThreadPoolExecutor-0_0 - HTTP/1.1 POST https://az-phx-001.cognitedata.com/api/v1/projects/bdx-dev/raw/dbs/db_databricks_everest_raw/tables/tb_SER01/rows?ensureParent=True 200
2026-07-29 21:27:55.128 UTC [DEBUG   ] ThreadPoolExecutor-0_1 - https://az-phx-001.cognitedata.com:443 "POST /api/v1/projects/bdx-dev/raw/dbs/db_databricks_everest_raw/tables/tb_QMFE/rows?ensureParent=True HTTP/1.1" 200 6
2026-07-29 21:27:55.128 UTC [DEBUG   ] ThreadPoolExecutor-0_1 - HTTP/1.1 POST https://az-phx-001.cognitedata.com/api/v1/projects/bdx-dev/raw/dbs/db_databricks_everest_raw/tables/tb_QMFE/rows?ensureParent=True 200
2026-07-29 21:27:55.191 UTC [DEBUG   ] ThreadPoolExecutor-0_2 - https://az-phx-001.cognitedata.com:443 "POST /api/v1/projects/bdx-dev/raw/dbs/db_databricks_everest_raw/tables/tb_T156T/rows?ensureParent=True HTTP/1.1" 200 6
2026-07-29 21:27:55.191 UTC [DEBUG   ] ThreadPoolExecutor-0_2 - HTTP/1.1 POST https://az-phx-001.cognitedata.com/api/v1/projects/bdx-dev/raw/dbs/db_databricks_everest_raw/tables/tb_T156T/rows?ensureParent=True 200
2026-07-29 21:27:55.191 UTC [INFO    ] QueryExecutor_1 - Uploaded 2218 raw rows
2026-07-29 21:27:55.409 UTC [INFO    ] QueryExecutor_0 - Connected to db-databricks-raw successfully
2026-07-29 21:27:55.409 UTC [INFO    ] QueryExecutor_0 - Starting extraction of extract-everest-T156HT
2026-07-29 21:27:55.409 UTC [INFO    ] QueryExecutor_0 - Getting rows from odbc
2026-07-29 21:27:55.847 UTC [INFO    ] QueryExecutor_3 - Current_row_count for query extract-everest-T156T: 10000
2026-07-29 21:27:56.128 UTC [INFO    ] QueryExecutor_1 - Connected to db-databricks-raw successfully
2026-07-29 21:27:56.128 UTC [INFO    ] QueryExecutor_1 - Starting extraction of extract-everest-T353I
2026-07-29 21:27:56.128 UTC [INFO    ] QueryExecutor_0 - No more rows for extract-everest-T156HT. 10 rows extracted in 0.719 seconds
2026-07-29 21:27:56.128 UTC [INFO    ] QueryExecutor_1 - Getting rows from odbc
2026-07-29 21:27:56.128 UTC [INFO    ] QueryExecutor_0 - Reporting new success run: No more rows for extract-everest-T156HT. 10 rows extracted in 0.719 seconds
2026-07-29 21:27:56.175 UTC [DEBUG   ] ThreadPoolExecutor-0_0 - https://az-phx-001.cognitedata.com:443 "POST /api/v1/projects/bdx-dev/extpipes/runs HTTP/1.1" 200 208
2026-07-29 21:27:56.191 UTC [DEBUG   ] ThreadPoolExecutor-0_0 - HTTP/1.1 POST https://az-phx-001.cognitedata.com/api/v1/projects/bdx-dev/extpipes/runs 200
2026-07-29 21:27:56.456 UTC [DEBUG   ] ThreadPoolExecutor-0_2 - https://az-phx-001.cognitedata.com:443 "POST /api/v1/projects/bdx-dev/raw/dbs/db_databricks_everest_raw/tables/tb_T156T/rows?ensureParent=True HTTP/1.1" 200 6
2026-07-29 21:27:56.456 UTC [DEBUG   ] ThreadPoolExecutor-0_2 - HTTP/1.1 POST https://az-phx-001.cognitedata.com/api/v1/projects/bdx-dev/raw/dbs/db_databricks_everest_raw/tables/tb_T156T/rows?ensureParent=True 200
2026-07-29 21:27:56.488 UTC [DEBUG   ] ThreadPoolExecutor-0_4 - https://az-phx-001.cognitedata.com:443 "POST /api/v1/projects/bdx-dev/raw/dbs/db_databricks_everest_raw/tables/tb_T156T/rows?ensureParent=True HTTP/1.1" 200 6
2026-07-29 21:27:56.488 UTC [DEBUG   ] ThreadPoolExecutor-0_4 - HTTP/1.1 POST https://az-phx-001.cognitedata.com/api/v1/projects/bdx-dev/raw/dbs/db_databricks_everest_raw/tables/tb_T156T/rows?ensureParent=True 200
2026-07-29 21:27:56.519 UTC [DEBUG   ] ThreadPoolExecutor-0_1 - https://az-phx-001.cognitedata.com:443 "POST /api/v1/projects/bdx-dev/raw/dbs/db_databricks_everest_raw/tables/tb_T156T/rows?ensureParent=True HTTP/1.1" 200 6
2026-07-29 21:27:56.519 UTC [DEBUG   ] ThreadPoolExecutor-0_1 - HTTP/1.1 POST https://az-phx-001.cognitedata.com/api/v1/projects/bdx-dev/raw/dbs/db_databricks_everest_raw/tables/tb_T156T/rows?ensureParent=True 200
2026-07-29 21:27:56.925 UTC [DEBUG   ] ThreadPoolExecutor-0_0 - https://az-phx-001.cognitedata.com:443 "POST /api/v1/projects/bdx-dev/raw/dbs/db_databricks_everest_raw/tables/tb_QMFE/rows?ensureParent=True HTTP/1.1" 200 6
2026-07-29 21:27:56.941 UTC [DEBUG   ] ThreadPoolExecutor-0_0 - HTTP/1.1 POST https://az-phx-001.cognitedata.com/api/v1/projects/bdx-dev/raw/dbs/db_databricks_everest_raw/tables/tb_QMFE/rows?ensureParent=True 200
2026-07-29 21:27:56.972 UTC [DEBUG   ] ThreadPoolExecutor-0_2 - https://az-phx-001.cognitedata.com:443 "POST /api/v1/projects/bdx-dev/raw/dbs/db_databricks_everest_raw/tables/tb_T156HT/rows?ensureParent=True HTTP/1.1" 200 6
2026-07-29 21:27:56.972 UTC [DEBUG   ] ThreadPoolExecutor-0_2 - HTTP/1.1 POST https://az-phx-001.cognitedata.com/api/v1/projects/bdx-dev/raw/dbs/db_databricks_everest_raw/tables/tb_T156HT/rows?ensureParent=True 200
2026-07-29 21:27:56.972 UTC [INFO    ] QueryExecutor_0 - Uploaded 17010 raw rows
2026-07-29 21:27:56.988 UTC [INFO    ] QueryExecutor_1 - No more rows for extract-everest-T353I. 10 rows extracted in 0.859 seconds
2026-07-29 21:27:56.988 UTC [INFO    ] QueryExecutor_1 - Reporting new success run: No more rows for extract-everest-T353I. 10 rows extracted in 0.859 seconds
2026-07-29 21:27:57.019 UTC [DEBUG   ] ThreadPoolExecutor-0_1 - https://az-phx-001.cognitedata.com:443 "POST /api/v1/projects/bdx-dev/extpipes/runs HTTP/1.1" 200 207
2026-07-29 21:27:57.019 UTC [DEBUG   ] ThreadPoolExecutor-0_1 - HTTP/1.1 POST https://az-phx-001.cognitedata.com/api/v1/projects/bdx-dev/extpipes/runs 200
2026-07-29 21:27:57.066 UTC [DEBUG   ] ThreadPoolExecutor-0_0 - https://az-phx-001.cognitedata.com:443 "POST /api/v1/projects/bdx-dev/raw/dbs/db_databricks_everest_raw/tables/tb_T156T/rows?ensureParent=True HTTP/1.1" 200 6
2026-07-29 21:27:57.066 UTC [DEBUG   ] ThreadPoolExecutor-0_0 - HTTP/1.1 POST https://az-phx-001.cognitedata.com/api/v1/projects/bdx-dev/raw/dbs/db_databricks_everest_raw/tables/tb_T156T/rows?ensureParent=True 200
2026-07-29 21:27:57.128 UTC [DEBUG   ] ThreadPoolExecutor-0_2 - https://az-phx-001.cognitedata.com:443 "POST /api/v1/projects/bdx-dev/raw/dbs/db_databricks_everest_raw/tables/tb_QMFE/rows?ensureParent=True HTTP/1.1" 200 6
2026-07-29 21:27:57.128 UTC [DEBUG   ] ThreadPoolExecutor-0_2 - HTTP/1.1 POST https://az-phx-001.cognitedata.com/api/v1/projects/bdx-dev/raw/dbs/db_databricks_everest_raw/tables/tb_QMFE/rows?ensureParent=True 200
2026-07-29 21:27:57.159 UTC [DEBUG   ] ThreadPoolExecutor-0_1 - https://az-phx-001.cognitedata.com:443 "POST /api/v1/projects/bdx-dev/raw/dbs/db_databricks_everest_raw/tables/tb_T353I/rows?ensureParent=True HTTP/1.1" 200 6
2026-07-29 21:27:57.159 UTC [DEBUG   ] ThreadPoolExecutor-0_1 - HTTP/1.1 POST https://az-phx-001.cognitedata.com/api/v1/projects/bdx-dev/raw/dbs/db_databricks_everest_raw/tables/tb_T353I/rows?ensureParent=True 200
2026-07-29 21:27:57.159 UTC [INFO    ] QueryExecutor_1 - Uploaded 436 raw rows
2026-07-29 21:27:57.597 UTC [INFO    ] QueryExecutor_3 - Current_row_count for query extract-everest-T156T: 20000
2026-07-29 21:27:57.894 UTC [INFO    ] QueryExecutor_0 - Connected to db-databricks-raw successfully
2026-07-29 21:27:57.894 UTC [INFO    ] QueryExecutor_0 - Starting extraction of extract-everest-T356
2026-07-29 21:27:57.894 UTC [INFO    ] QueryExecutor_0 - Getting rows from odbc
2026-07-29 21:27:58.159 UTC [INFO    ] QueryExecutor_3 - Current_row_count for query extract-everest-T156T: 30000
2026-07-29 21:27:58.550 UTC [INFO    ] QueryExecutor_0 - No more rows for extract-everest-T356. 10 rows extracted in 0.656 seconds
2026-07-29 21:27:58.550 UTC [INFO    ] QueryExecutor_0 - Reporting new success run: No more rows for extract-everest-T356. 10 rows extracted in 0.656 seconds
2026-07-29 21:27:58.550 UTC [INFO    ] QueryExecutor_1 - Connected to db-databricks-raw successfully
2026-07-29 21:27:58.550 UTC [INFO    ] QueryExecutor_1 - Starting extraction of extract-everest-T357
2026-07-29 21:27:58.550 UTC [INFO    ] QueryExecutor_1 - Getting rows from odbc
2026-07-29 21:27:58.659 UTC [DEBUG   ] ThreadPoolExecutor-0_0 - https://az-phx-001.cognitedata.com:443 "POST /api/v1/projects/bdx-dev/extpipes/runs HTTP/1.1" 200 206
2026-07-29 21:27:58.691 UTC [DEBUG   ] ThreadPoolExecutor-0_0 - HTTP/1.1 POST https://az-phx-001.cognitedata.com/api/v1/projects/bdx-dev/extpipes/runs 200
2026-07-29 21:27:59.036 UTC [DEBUG   ] ThreadPoolExecutor-0_3 - https://az-phx-001.cognitedata.com:443 "POST /api/v1/projects/bdx-dev/raw/dbs/db_databricks_everest_raw/tables/tb_T156T/rows?ensureParent=True HTTP/1.1" 200 6
2026-07-29 21:27:59.036 UTC [DEBUG   ] ThreadPoolExecutor-0_3 - HTTP/1.1 POST https://az-phx-001.cognitedata.com/api/v1/projects/bdx-dev/raw/dbs/db_databricks_everest_raw/tables/tb_T156T/rows?ensureParent=True 200
2026-07-29 21:27:59.036 UTC [DEBUG   ] ThreadPoolExecutor-0_4 - https://az-phx-001.cognitedata.com:443 "POST /api/v1/projects/bdx-dev/raw/dbs/db_databricks_everest_raw/tables/tb_T156T/rows?ensureParent=True HTTP/1.1" 200 6
2026-07-29 21:27:59.036 UTC [DEBUG   ] ThreadPoolExecutor-0_4 - HTTP/1.1 POST https://az-phx-001.cognitedata.com/api/v1/projects/bdx-dev/raw/dbs/db_databricks_everest_raw/tables/tb_T156T/rows?ensureParent=True 200
2026-07-29 21:27:59.068 UTC [DEBUG   ] ThreadPoolExecutor-0_2 - https://az-phx-001.cognitedata.com:443 "POST /api/v1/projects/bdx-dev/raw/dbs/db_databricks_everest_raw/tables/tb_T156T/rows?ensureParent=True HTTP/1.1" 200 6
2026-07-29 21:27:59.068 UTC [DEBUG   ] ThreadPoolExecutor-0_2 - HTTP/1.1 POST https://az-phx-001.cognitedata.com/api/v1/projects/bdx-dev/raw/dbs/db_databricks_everest_raw/tables/tb_T156T/rows?ensureParent=True 200
2026-07-29 21:27:59.068 UTC [DEBUG   ] ThreadPoolExecutor-0_1 - https://az-phx-001.cognitedata.com:443 "POST /api/v1/projects/bdx-dev/raw/dbs/db_databricks_everest_raw/tables/tb_T156T/rows?ensureParent=True HTTP/1.1" 200 6
2026-07-29 21:27:59.068 UTC [DEBUG   ] ThreadPoolExecutor-0_1 - HTTP/1.1 POST https://az-phx-001.cognitedata.com/api/v1/projects/bdx-dev/raw/dbs/db_databricks_everest_raw/tables/tb_T156T/rows?ensureParent=True 200
2026-07-29 21:27:59.692 UTC [DEBUG   ] ThreadPoolExecutor-0_0 - https://az-phx-001.cognitedata.com:443 "POST /api/v1/projects/bdx-dev/raw/dbs/db_databricks_everest_raw/tables/tb_QMFE/rows?ensureParent=True HTTP/1.1" 200 6
2026-07-29 21:27:59.692 UTC [DEBUG   ] ThreadPoolExecutor-0_0 - HTTP/1.1 POST https://az-phx-001.cognitedata.com/api/v1/projects/bdx-dev/raw/dbs/db_databricks_everest_raw/tables/tb_QMFE/rows?ensureParent=True 200
2026-07-29 21:27:59.724 UTC [DEBUG   ] ThreadPoolExecutor-0_4 - https://az-phx-001.cognitedata.com:443 "POST /api/v1/projects/bdx-dev/raw/dbs/db_databricks_everest_raw/tables/tb_T356/rows?ensureParent=True HTTP/1.1" 200 6
2026-07-29 21:27:59.739 UTC [DEBUG   ] ThreadPoolExecutor-0_4 - HTTP/1.1 POST https://az-phx-001.cognitedata.com/api/v1/projects/bdx-dev/raw/dbs/db_databricks_everest_raw/tables/tb_T356/rows?ensureParent=True 200
2026-07-29 21:27:59.739 UTC [INFO    ] QueryExecutor_0 - Uploaded 24584 raw rows
2026-07-29 21:27:59.755 UTC [INFO    ] QueryExecutor_1 - No more rows for extract-everest-T357. 10 rows extracted in 1.21 seconds
2026-07-29 21:27:59.755 UTC [INFO    ] QueryExecutor_1 - Reporting new success run: No more rows for extract-everest-T357. 10 rows extracted in 1.21 seconds
2026-07-29 21:27:59.786 UTC [DEBUG   ] ThreadPoolExecutor-0_1 - https://az-phx-001.cognitedata.com:443 "POST /api/v1/projects/bdx-dev/extpipes/runs HTTP/1.1" 200 205
2026-07-29 21:27:59.786 UTC [DEBUG   ] ThreadPoolExecutor-0_1 - HTTP/1.1 POST https://az-phx-001.cognitedata.com/api/v1/projects/bdx-dev/extpipes/runs 200
2026-07-29 21:27:59.833 UTC [DEBUG   ] ThreadPoolExecutor-0_0 - https://az-phx-001.cognitedata.com:443 "POST /api/v1/projects/bdx-dev/raw/dbs/db_databricks_everest_raw/tables/tb_T156T/rows?ensureParent=True HTTP/1.1" 200 6
2026-07-29 21:27:59.833 UTC [DEBUG   ] ThreadPoolExecutor-0_0 - HTTP/1.1 POST https://az-phx-001.cognitedata.com/api/v1/projects/bdx-dev/raw/dbs/db_databricks_everest_raw/tables/tb_T156T/rows?ensureParent=True 200
2026-07-29 21:27:59.864 UTC [DEBUG   ] ThreadPoolExecutor-0_4 - https://az-phx-001.cognitedata.com:443 "POST /api/v1/projects/bdx-dev/raw/dbs/db_databricks_everest_raw/tables/tb_T357/rows?ensureParent=True HTTP/1.1" 200 6
2026-07-29 21:27:59.864 UTC [DEBUG   ] ThreadPoolExecutor-0_4 - HTTP/1.1 POST https://az-phx-001.cognitedata.com/api/v1/projects/bdx-dev/raw/dbs/db_databricks_everest_raw/tables/tb_T357/rows?ensureParent=True 200
2026-07-29 21:27:59.927 UTC [DEBUG   ] ThreadPoolExecutor-0_1 - https://az-phx-001.cognitedata.com:443 "POST /api/v1/projects/bdx-dev/raw/dbs/db_databricks_everest_raw/tables/tb_QMFE/rows?ensureParent=True HTTP/1.1" 200 6
2026-07-29 21:27:59.927 UTC [DEBUG   ] ThreadPoolExecutor-0_1 - HTTP/1.1 POST https://az-phx-001.cognitedata.com/api/v1/projects/bdx-dev/raw/dbs/db_databricks_everest_raw/tables/tb_QMFE/rows?ensureParent=True 200
2026-07-29 21:27:59.927 UTC [INFO    ] QueryExecutor_1 - Uploaded 473 raw rows
2026-07-29 21:28:00.005 UTC [INFO    ] QueryExecutor_2 - Current_row_count for query extract-everest-QMFE: 310000
2026-07-29 21:28:00.349 UTC [INFO    ] QueryExecutor_0 - Connected to db-databricks-raw successfully
2026-07-29 21:28:00.349 UTC [INFO    ] QueryExecutor_0 - Starting extraction of extract-everest-T370F
2026-07-29 21:28:00.349 UTC [INFO    ] QueryExecutor_0 - Getting rows from odbc
2026-07-29 21:28:00.411 UTC [INFO    ] QueryExecutor_3 - Current_row_count for query extract-everest-T156T: 40000
2026-07-29 21:28:00.958 UTC [INFO    ] QueryExecutor_1 - Connected to db-databricks-raw successfully
2026-07-29 21:28:00.958 UTC [INFO    ] QueryExecutor_1 - Starting extraction of extract-everest-T370S
2026-07-29 21:28:00.958 UTC [INFO    ] QueryExecutor_1 - Getting rows from odbc
2026-07-29 21:28:01.083 UTC [INFO    ] QueryExecutor_0 - No more rows for extract-everest-T370F. 3 rows extracted in 0.734 seconds
2026-07-29 21:28:01.083 UTC [INFO    ] QueryExecutor_0 - Reporting new success run: No more rows for extract-everest-T370F. 3 rows extracted in 0.734 seconds
2026-07-29 21:28:01.130 UTC [INFO    ] QueryExecutor_3 - Current_row_count for query extract-everest-T156T: 50000
2026-07-29 21:28:01.130 UTC [DEBUG   ] ThreadPoolExecutor-0_0 - https://az-phx-001.cognitedata.com:443 "POST /api/v1/projects/bdx-dev/extpipes/runs HTTP/1.1" 200 206
2026-07-29 21:28:01.130 UTC [DEBUG   ] ThreadPoolExecutor-0_0 - HTTP/1.1 POST https://az-phx-001.cognitedata.com/api/v1/projects/bdx-dev/extpipes/runs 200
2026-07-29 21:28:01.724 UTC [DEBUG   ] ThreadPoolExecutor-0_4 - https://az-phx-001.cognitedata.com:443 "POST /api/v1/projects/bdx-dev/raw/dbs/db_databricks_everest_raw/tables/tb_QMFE/rows?ensureParent=True HTTP/1.1" 200 6
2026-07-29 21:28:01.724 UTC [DEBUG   ] ThreadPoolExecutor-0_4 - HTTP/1.1 POST https://az-phx-001.cognitedata.com/api/v1/projects/bdx-dev/raw/dbs/db_databricks_everest_raw/tables/tb_QMFE/rows?ensureParent=True 200
2026-07-29 21:28:02.114 UTC [DEBUG   ] ThreadPoolExecutor-0_0 - https://az-phx-001.cognitedata.com:443 "POST /api/v1/projects/bdx-dev/raw/dbs/db_databricks_everest_raw/tables/tb_T156T/rows?ensureParent=True HTTP/1.1" 200 6
2026-07-29 21:28:02.114 UTC [DEBUG   ] ThreadPoolExecutor-0_0 - HTTP/1.1 POST https://az-phx-001.cognitedata.com/api/v1/projects/bdx-dev/raw/dbs/db_databricks_everest_raw/tables/tb_T156T/rows?ensureParent=True 200
2026-07-29 21:28:02.130 UTC [DEBUG   ] ThreadPoolExecutor-0_3 - https://az-phx-001.cognitedata.com:443 "POST /api/v1/projects/bdx-dev/raw/dbs/db_databricks_everest_raw/tables/tb_T156T/rows?ensureParent=True HTTP/1.1" 200 6
2026-07-29 21:28:02.130 UTC [DEBUG   ] ThreadPoolExecutor-0_3 - HTTP/1.1 POST https://az-phx-001.cognitedata.com/api/v1/projects/bdx-dev/raw/dbs/db_databricks_everest_raw/tables/tb_T156T/rows?ensureParent=True 200
2026-07-29 21:28:02.130 UTC [DEBUG   ] ThreadPoolExecutor-0_1 - https://az-phx-001.cognitedata.com:443 "POST /api/v1/projects/bdx-dev/raw/dbs/db_databricks_everest_raw/tables/tb_T156T/rows?ensureParent=True HTTP/1.1" 200 6
2026-07-29 21:28:02.130 UTC [DEBUG   ] ThreadPoolExecutor-0_1 - HTTP/1.1 POST https://az-phx-001.cognitedata.com/api/v1/projects/bdx-dev/raw/dbs/db_databricks_everest_raw/tables/tb_T156T/rows?ensureParent=True 200
2026-07-29 21:28:02.161 UTC [DEBUG   ] ThreadPoolExecutor-0_4 - https://az-phx-001.cognitedata.com:443 "POST /api/v1/projects/bdx-dev/raw/dbs/db_databricks_everest_raw/tables/tb_T370F/rows?ensureParent=True HTTP/1.1" 200 6
2026-07-29 21:28:02.161 UTC [DEBUG   ] ThreadPoolExecutor-0_4 - HTTP/1.1 POST https://az-phx-001.cognitedata.com/api/v1/projects/bdx-dev/raw/dbs/db_databricks_everest_raw/tables/tb_T370F/rows?ensureParent=True 200
2026-07-29 21:28:02.161 UTC [INFO    ] QueryExecutor_0 - Uploaded 18540 raw rows
2026-07-29 21:28:02.177 UTC [INFO    ] QueryExecutor_1 - No more rows for extract-everest-T370S. 1 rows extracted in 1.22 seconds
2026-07-29 21:28:02.177 UTC [INFO    ] QueryExecutor_1 - Reporting new success run: No more rows for extract-everest-T370S. 1 rows extracted in 1.22 seconds
2026-07-29 21:28:02.208 UTC [DEBUG   ] ThreadPoolExecutor-0_0 - https://az-phx-001.cognitedata.com:443 "POST /api/v1/projects/bdx-dev/extpipes/runs HTTP/1.1" 200 205
2026-07-29 21:28:02.208 UTC [DEBUG   ] ThreadPoolExecutor-0_0 - HTTP/1.1 POST https://az-phx-001.cognitedata.com/api/v1/projects/bdx-dev/extpipes/runs 200
2026-07-29 21:28:02.271 UTC [DEBUG   ] ThreadPoolExecutor-0_1 - https://az-phx-001.cognitedata.com:443 "POST /api/v1/projects/bdx-dev/raw/dbs/db_databricks_everest_raw/tables/tb_T156T/rows?ensureParent=True HTTP/1.1" 200 6
2026-07-29 21:28:02.271 UTC [DEBUG   ] ThreadPoolExecutor-0_1 - HTTP/1.1 POST https://az-phx-001.cognitedata.com/api/v1/projects/bdx-dev/raw/dbs/db_databricks_everest_raw/tables/tb_T156T/rows?ensureParent=True 200
2026-07-29 21:28:02.349 UTC [DEBUG   ] ThreadPoolExecutor-0_4 - https://az-phx-001.cognitedata.com:443 "POST /api/v1/projects/bdx-dev/raw/dbs/db_databricks_everest_raw/tables/tb_QMFE/rows?ensureParent=True HTTP/1.1" 200 6
2026-07-29 21:28:02.349 UTC [DEBUG   ] ThreadPoolExecutor-0_4 - HTTP/1.1 POST https://az-phx-001.cognitedata.com/api/v1/projects/bdx-dev/raw/dbs/db_databricks_everest_raw/tables/tb_QMFE/rows?ensureParent=True 200
2026-07-29 21:28:02.380 UTC [DEBUG   ] ThreadPoolExecutor-0_0 - https://az-phx-001.cognitedata.com:443 "POST /api/v1/projects/bdx-dev/raw/dbs/db_databricks_everest_raw/tables/tb_T370S/rows?ensureParent=True HTTP/1.1" 200 6
2026-07-29 21:28:02.380 UTC [DEBUG   ] ThreadPoolExecutor-0_0 - HTTP/1.1 POST https://az-phx-001.cognitedata.com/api/v1/projects/bdx-dev/raw/dbs/db_databricks_everest_raw/tables/tb_T370S/rows?ensureParent=True 200
2026-07-29 21:28:02.396 UTC [INFO    ] QueryExecutor_1 - Uploaded 445 raw rows
2026-07-29 21:28:02.843 UTC [INFO    ] QueryExecutor_0 - Connected to db-databricks-raw successfully
2026-07-29 21:28:02.843 UTC [INFO    ] QueryExecutor_0 - Starting extraction of extract-everest-T370T
2026-07-29 21:28:02.843 UTC [INFO    ] QueryExecutor_0 - Getting rows from odbc
2026-07-29 21:28:02.968 UTC [INFO    ] QueryExecutor_3 - No more rows for extract-everest-T156T. 58621 rows extracted in 9.2 seconds
2026-07-29 21:28:02.968 UTC [INFO    ] QueryExecutor_3 - Reporting new success run: No more rows for extract-everest-T156T. 58621 rows extracted in 9.2 seconds
2026-07-29 21:28:03.031 UTC [DEBUG   ] ThreadPoolExecutor-0_1 - https://az-phx-001.cognitedata.com:443 "POST /api/v1/projects/bdx-dev/extpipes/runs HTTP/1.1" 200 208
2026-07-29 21:28:03.046 UTC [DEBUG   ] ThreadPoolExecutor-0_1 - HTTP/1.1 POST https://az-phx-001.cognitedata.com/api/v1/projects/bdx-dev/extpipes/runs 200
2026-07-29 21:28:03.249 UTC [DEBUG   ] ThreadPoolExecutor-0_2 - https://az-phx-001.cognitedata.com:443 "POST /api/v1/projects/bdx-dev/raw/dbs/db_databricks_everest_raw/tables/tb_T156T/rows?ensureParent=True HTTP/1.1" 200 6
2026-07-29 21:28:03.249 UTC [DEBUG   ] ThreadPoolExecutor-0_2 - HTTP/1.1 POST https://az-phx-001.cognitedata.com/api/v1/projects/bdx-dev/raw/dbs/db_databricks_everest_raw/tables/tb_T156T/rows?ensureParent=True 200
2026-07-29 21:28:03.312 UTC [DEBUG   ] ThreadPoolExecutor-0_4 - https://az-phx-001.cognitedata.com:443 "POST /api/v1/projects/bdx-dev/raw/dbs/db_databricks_everest_raw/tables/tb_T156T/rows?ensureParent=True HTTP/1.1" 200 6
2026-07-29 21:28:03.312 UTC [DEBUG   ] ThreadPoolExecutor-0_4 - HTTP/1.1 POST https://az-phx-001.cognitedata.com/api/v1/projects/bdx-dev/raw/dbs/db_databricks_everest_raw/tables/tb_T156T/rows?ensureParent=True 200
2026-07-29 21:28:03.647 UTC [DEBUG   ] ThreadPoolExecutor-0_3 - https://az-phx-001.cognitedata.com:443 "POST /api/v1/projects/bdx-dev/raw/dbs/db_databricks_everest_raw/tables/tb_QMFE/rows?ensureParent=True HTTP/1.1" 200 6
2026-07-29 21:28:03.647 UTC [DEBUG   ] ThreadPoolExecutor-0_3 - HTTP/1.1 POST https://az-phx-001.cognitedata.com/api/v1/projects/bdx-dev/raw/dbs/db_databricks_everest_raw/tables/tb_QMFE/rows?ensureParent=True 200
2026-07-29 21:28:03.647 UTC [INFO    ] QueryExecutor_3 - Uploaded 11177 raw rows
2026-07-29 21:28:03.851 UTC [INFO    ] QueryExecutor_0 - No more rows for extract-everest-T370T. 5 rows extracted in 1.01 seconds
2026-07-29 21:28:03.851 UTC [INFO    ] QueryExecutor_0 - Reporting new success run: No more rows for extract-everest-T370T. 5 rows extracted in 1.01 seconds
2026-07-29 21:28:03.882 UTC [DEBUG   ] ThreadPoolExecutor-0_0 - https://az-phx-001.cognitedata.com:443 "POST /api/v1/projects/bdx-dev/extpipes/runs HTTP/1.1" 200 205
2026-07-29 21:28:03.882 UTC [DEBUG   ] ThreadPoolExecutor-0_0 - HTTP/1.1 POST https://az-phx-001.cognitedata.com/api/v1/projects/bdx-dev/extpipes/runs 200
2026-07-29 21:28:04.147 UTC [DEBUG   ] ThreadPoolExecutor-0_4 - https://az-phx-001.cognitedata.com:443 "POST /api/v1/projects/bdx-dev/raw/dbs/db_databricks_everest_raw/tables/tb_QMFE/rows?ensureParent=True HTTP/1.1" 200 6
2026-07-29 21:28:04.147 UTC [DEBUG   ] ThreadPoolExecutor-0_4 - HTTP/1.1 POST https://az-phx-001.cognitedata.com/api/v1/projects/bdx-dev/raw/dbs/db_databricks_everest_raw/tables/tb_QMFE/rows?ensureParent=True 200
2026-07-29 21:28:04.179 UTC [DEBUG   ] ThreadPoolExecutor-0_3 - https://az-phx-001.cognitedata.com:443 "POST /api/v1/projects/bdx-dev/raw/dbs/db_databricks_everest_raw/tables/tb_T370T/rows?ensureParent=True HTTP/1.1" 200 6
2026-07-29 21:28:04.179 UTC [DEBUG   ] ThreadPoolExecutor-0_3 - HTTP/1.1 POST https://az-phx-001.cognitedata.com/api/v1/projects/bdx-dev/raw/dbs/db_databricks_everest_raw/tables/tb_T370T/rows?ensureParent=True 200
2026-07-29 21:28:04.179 UTC [INFO    ] QueryExecutor_0 - Uploaded 2005 raw rows
2026-07-29 21:28:04.351 UTC [INFO    ] QueryExecutor_2 - Current_row_count for query extract-everest-QMFE: 320000
2026-07-29 21:28:05.351 UTC [INFO    ] QueryExecutor_2 - Current_row_count for query extract-everest-QMFE: 330000
2026-07-29 21:28:06.397 UTC [INFO    ] QueryExecutor_2 - Current_row_count for query extract-everest-QMFE: 340000
2026-07-29 21:28:07.382 UTC [INFO    ] QueryExecutor_2 - Current_row_count for query extract-everest-QMFE: 350000
2026-07-29 21:28:08.366 UTC [INFO    ] QueryExecutor_2 - Current_row_count for query extract-everest-QMFE: 360000
2026-07-29 21:28:09.257 UTC [INFO    ] QueryExecutor_2 - Upload queue reached threshold size 50000/50000, triggering upload
2026-07-29 21:28:10.303 UTC [DEBUG   ] ThreadPoolExecutor-0_0 - https://az-phx-001.cognitedata.com:443 "POST /api/v1/projects/bdx-dev/raw/dbs/db_databricks_everest_raw/tables/tb_QMFE/rows?ensureParent=True HTTP/1.1" 200 6
2026-07-29 21:28:10.303 UTC [DEBUG   ] ThreadPoolExecutor-0_0 - HTTP/1.1 POST https://az-phx-001.cognitedata.com/api/v1/projects/bdx-dev/raw/dbs/db_databricks_everest_raw/tables/tb_QMFE/rows?ensureParent=True 200
2026-07-29 21:28:10.397 UTC [DEBUG   ] ThreadPoolExecutor-0_3 - https://az-phx-001.cognitedata.com:443 "POST /api/v1/projects/bdx-dev/raw/dbs/db_databricks_everest_raw/tables/tb_QMFE/rows?ensureParent=True HTTP/1.1" 200 6
2026-07-29 21:28:10.397 UTC [DEBUG   ] ThreadPoolExecutor-0_3 - HTTP/1.1 POST https://az-phx-001.cognitedata.com/api/v1/projects/bdx-dev/raw/dbs/db_databricks_everest_raw/tables/tb_QMFE/rows?ensureParent=True 200
2026-07-29 21:28:10.460 UTC [DEBUG   ] ThreadPoolExecutor-0_1 - https://az-phx-001.cognitedata.com:443 "POST /api/v1/projects/bdx-dev/raw/dbs/db_databricks_everest_raw/tables/tb_QMFE/rows?ensureParent=True HTTP/1.1" 200 6
2026-07-29 21:28:10.460 UTC [DEBUG   ] ThreadPoolExecutor-0_2 - https://az-phx-001.cognitedata.com:443 "POST /api/v1/projects/bdx-dev/raw/dbs/db_databricks_everest_raw/tables/tb_QMFE/rows?ensureParent=True HTTP/1.1" 200 6
2026-07-29 21:28:10.460 UTC [DEBUG   ] ThreadPoolExecutor-0_4 - https://az-phx-001.cognitedata.com:443 "POST /api/v1/projects/bdx-dev/raw/dbs/db_databricks_everest_raw/tables/tb_QMFE/rows?ensureParent=True HTTP/1.1" 200 6
2026-07-29 21:28:10.475 UTC [DEBUG   ] ThreadPoolExecutor-0_1 - HTTP/1.1 POST https://az-phx-001.cognitedata.com/api/v1/projects/bdx-dev/raw/dbs/db_databricks_everest_raw/tables/tb_QMFE/rows?ensureParent=True 200
2026-07-29 21:28:10.475 UTC [DEBUG   ] ThreadPoolExecutor-0_2 - HTTP/1.1 POST https://az-phx-001.cognitedata.com/api/v1/projects/bdx-dev/raw/dbs/db_databricks_everest_raw/tables/tb_QMFE/rows?ensureParent=True 200
2026-07-29 21:28:10.475 UTC [DEBUG   ] ThreadPoolExecutor-0_4 - HTTP/1.1 POST https://az-phx-001.cognitedata.com/api/v1/projects/bdx-dev/raw/dbs/db_databricks_everest_raw/tables/tb_QMFE/rows?ensureParent=True 200
2026-07-29 21:28:10.788 UTC [DEBUG   ] ThreadPoolExecutor-0_2 - Resetting dropped connection: az-phx-001.cognitedata.com
2026-07-29 21:28:10.866 UTC [DEBUG   ] ThreadPoolExecutor-0_0 - https://az-phx-001.cognitedata.com:443 "POST /api/v1/projects/bdx-dev/raw/dbs/db_databricks_everest_raw/tables/tb_QMFE/rows?ensureParent=True HTTP/1.1" 200 6
2026-07-29 21:28:10.866 UTC [DEBUG   ] ThreadPoolExecutor-0_0 - HTTP/1.1 POST https://az-phx-001.cognitedata.com/api/v1/projects/bdx-dev/raw/dbs/db_databricks_everest_raw/tables/tb_QMFE/rows?ensureParent=True 200
2026-07-29 21:28:11.163 UTC [DEBUG   ] ThreadPoolExecutor-0_3 - https://az-phx-001.cognitedata.com:443 "POST /api/v1/projects/bdx-dev/raw/dbs/db_databricks_everest_raw/tables/tb_QMFE/rows?ensureParent=True HTTP/1.1" 200 6
2026-07-29 21:28:11.163 UTC [DEBUG   ] ThreadPoolExecutor-0_3 - HTTP/1.1 POST https://az-phx-001.cognitedata.com/api/v1/projects/bdx-dev/raw/dbs/db_databricks_everest_raw/tables/tb_QMFE/rows?ensureParent=True 200
2026-07-29 21:28:11.257 UTC [DEBUG   ] ThreadPoolExecutor-0_4 - https://az-phx-001.cognitedata.com:443 "POST /api/v1/projects/bdx-dev/raw/dbs/db_databricks_everest_raw/tables/tb_QMFE/rows?ensureParent=True HTTP/1.1" 200 6
2026-07-29 21:28:11.257 UTC [DEBUG   ] ThreadPoolExecutor-0_4 - HTTP/1.1 POST https://az-phx-001.cognitedata.com/api/v1/projects/bdx-dev/raw/dbs/db_databricks_everest_raw/tables/tb_QMFE/rows?ensureParent=True 200
2026-07-29 21:28:11.288 UTC [DEBUG   ] ThreadPoolExecutor-0_1 - https://az-phx-001.cognitedata.com:443 "POST /api/v1/projects/bdx-dev/raw/dbs/db_databricks_everest_raw/tables/tb_QMFE/rows?ensureParent=True HTTP/1.1" 200 6
2026-07-29 21:28:11.288 UTC [DEBUG   ] ThreadPoolExecutor-0_1 - HTTP/1.1 POST https://az-phx-001.cognitedata.com/api/v1/projects/bdx-dev/raw/dbs/db_databricks_everest_raw/tables/tb_QMFE/rows?ensureParent=True 200
2026-07-29 21:28:11.366 UTC [DEBUG   ] ThreadPoolExecutor-0_2 - https://az-phx-001.cognitedata.com:443 "POST /api/v1/projects/bdx-dev/raw/dbs/db_databricks_everest_raw/tables/tb_QMFE/rows?ensureParent=True HTTP/1.1" 200 6
2026-07-29 21:28:11.366 UTC [DEBUG   ] ThreadPoolExecutor-0_2 - HTTP/1.1 POST https://az-phx-001.cognitedata.com/api/v1/projects/bdx-dev/raw/dbs/db_databricks_everest_raw/tables/tb_QMFE/rows?ensureParent=True 200
2026-07-29 21:28:11.366 UTC [INFO    ] QueryExecutor_2 - Uploaded 50000 raw rows
2026-07-29 21:28:11.616 UTC [INFO    ] QueryExecutor_2 - Current_row_count for query extract-everest-QMFE: 370000
2026-07-29 21:28:12.663 UTC [INFO    ] QueryExecutor_2 - Current_row_count for query extract-everest-QMFE: 380000
2026-07-29 21:28:13.647 UTC [INFO    ] QueryExecutor_2 - Current_row_count for query extract-everest-QMFE: 390000
2026-07-29 21:28:14.710 UTC [INFO    ] QueryExecutor_2 - Current_row_count for query extract-everest-QMFE: 400000
2026-07-29 21:28:15.709 UTC [INFO    ] QueryExecutor_2 - Current_row_count for query extract-everest-QMFE: 410000
2026-07-29 21:28:16.584 UTC [INFO    ] QueryExecutor_2 - Upload queue reached threshold size 50000/50000, triggering upload
2026-07-29 21:28:17.444 UTC [DEBUG   ] ThreadPoolExecutor-0_0 - https://az-phx-001.cognitedata.com:443 "POST /api/v1/projects/bdx-dev/raw/dbs/db_databricks_everest_raw/tables/tb_QMFE/rows?ensureParent=True HTTP/1.1" 200 6
2026-07-29 21:28:17.459 UTC [DEBUG   ] ThreadPoolExecutor-0_0 - HTTP/1.1 POST https://az-phx-001.cognitedata.com/api/v1/projects/bdx-dev/raw/dbs/db_databricks_everest_raw/tables/tb_QMFE/rows?ensureParent=True 200
2026-07-29 21:28:17.756 UTC [DEBUG   ] ThreadPoolExecutor-0_4 - https://az-phx-001.cognitedata.com:443 "POST /api/v1/projects/bdx-dev/raw/dbs/db_databricks_everest_raw/tables/tb_QMFE/rows?ensureParent=True HTTP/1.1" 200 6
2026-07-29 21:28:17.756 UTC [DEBUG   ] ThreadPoolExecutor-0_4 - HTTP/1.1 POST https://az-phx-001.cognitedata.com/api/v1/projects/bdx-dev/raw/dbs/db_databricks_everest_raw/tables/tb_QMFE/rows?ensureParent=True 200
2026-07-29 21:28:17.756 UTC [DEBUG   ] ThreadPoolExecutor-0_2 - https://az-phx-001.cognitedata.com:443 "POST /api/v1/projects/bdx-dev/raw/dbs/db_databricks_everest_raw/tables/tb_QMFE/rows?ensureParent=True HTTP/1.1" 200 6
2026-07-29 21:28:17.772 UTC [DEBUG   ] ThreadPoolExecutor-0_2 - HTTP/1.1 POST https://az-phx-001.cognitedata.com/api/v1/projects/bdx-dev/raw/dbs/db_databricks_everest_raw/tables/tb_QMFE/rows?ensureParent=True 200
2026-07-29 21:28:17.788 UTC [DEBUG   ] ThreadPoolExecutor-0_1 - https://az-phx-001.cognitedata.com:443 "POST /api/v1/projects/bdx-dev/raw/dbs/db_databricks_everest_raw/tables/tb_QMFE/rows?ensureParent=True HTTP/1.1" 200 6
2026-07-29 21:28:17.803 UTC [DEBUG   ] ThreadPoolExecutor-0_3 - https://az-phx-001.cognitedata.com:443 "POST /api/v1/projects/bdx-dev/raw/dbs/db_databricks_everest_raw/tables/tb_QMFE/rows?ensureParent=True HTTP/1.1" 200 6
2026-07-29 21:28:17.834 UTC [DEBUG   ] ThreadPoolExecutor-0_1 - HTTP/1.1 POST https://az-phx-001.cognitedata.com/api/v1/projects/bdx-dev/raw/dbs/db_databricks_everest_raw/tables/tb_QMFE/rows?ensureParent=True 200
2026-07-29 21:28:17.866 UTC [DEBUG   ] ThreadPoolExecutor-0_3 - HTTP/1.1 POST https://az-phx-001.cognitedata.com/api/v1/projects/bdx-dev/raw/dbs/db_databricks_everest_raw/tables/tb_QMFE/rows?ensureParent=True 200
2026-07-29 21:28:17.975 UTC [DEBUG   ] ThreadPoolExecutor-0_0 - https://az-phx-001.cognitedata.com:443 "POST /api/v1/projects/bdx-dev/raw/dbs/db_databricks_everest_raw/tables/tb_QMFE/rows?ensureParent=True HTTP/1.1" 200 6
2026-07-29 21:28:17.975 UTC [DEBUG   ] ThreadPoolExecutor-0_0 - HTTP/1.1 POST https://az-phx-001.cognitedata.com/api/v1/projects/bdx-dev/raw/dbs/db_databricks_everest_raw/tables/tb_QMFE/rows?ensureParent=True 200
2026-07-29 21:28:18.651 UTC [DEBUG   ] ThreadPoolExecutor-0_4 - https://az-phx-001.cognitedata.com:443 "POST /api/v1/projects/bdx-dev/raw/dbs/db_databricks_everest_raw/tables/tb_QMFE/rows?ensureParent=True HTTP/1.1" 200 6
2026-07-29 21:28:18.651 UTC [DEBUG   ] ThreadPoolExecutor-0_4 - HTTP/1.1 POST https://az-phx-001.cognitedata.com/api/v1/projects/bdx-dev/raw/dbs/db_databricks_everest_raw/tables/tb_QMFE/rows?ensureParent=True 200
2026-07-29 21:28:18.682 UTC [DEBUG   ] ThreadPoolExecutor-0_3 - https://az-phx-001.cognitedata.com:443 "POST /api/v1/projects/bdx-dev/raw/dbs/db_databricks_everest_raw/tables/tb_QMFE/rows?ensureParent=True HTTP/1.1" 200 6
2026-07-29 21:28:18.682 UTC [DEBUG   ] ThreadPoolExecutor-0_3 - HTTP/1.1 POST https://az-phx-001.cognitedata.com/api/v1/projects/bdx-dev/raw/dbs/db_databricks_everest_raw/tables/tb_QMFE/rows?ensureParent=True 200
2026-07-29 21:28:18.682 UTC [DEBUG   ] ThreadPoolExecutor-0_2 - https://az-phx-001.cognitedata.com:443 "POST /api/v1/projects/bdx-dev/raw/dbs/db_databricks_everest_raw/tables/tb_QMFE/rows?ensureParent=True HTTP/1.1" 200 6
2026-07-29 21:28:18.682 UTC [DEBUG   ] ThreadPoolExecutor-0_2 - HTTP/1.1 POST https://az-phx-001.cognitedata.com/api/v1/projects/bdx-dev/raw/dbs/db_databricks_everest_raw/tables/tb_QMFE/rows?ensureParent=True 200
2026-07-29 21:28:18.682 UTC [DEBUG   ] ThreadPoolExecutor-0_1 - https://az-phx-001.cognitedata.com:443 "POST /api/v1/projects/bdx-dev/raw/dbs/db_databricks_everest_raw/tables/tb_QMFE/rows?ensureParent=True HTTP/1.1" 200 6
2026-07-29 21:28:18.682 UTC [DEBUG   ] ThreadPoolExecutor-0_1 - HTTP/1.1 POST https://az-phx-001.cognitedata.com/api/v1/projects/bdx-dev/raw/dbs/db_databricks_everest_raw/tables/tb_QMFE/rows?ensureParent=True 200
2026-07-29 21:28:18.682 UTC [INFO    ] QueryExecutor_2 - Uploaded 50000 raw rows
2026-07-29 21:28:18.932 UTC [INFO    ] QueryExecutor_2 - Current_row_count for query extract-everest-QMFE: 420000
2026-07-29 21:28:19.963 UTC [INFO    ] QueryExecutor_2 - Current_row_count for query extract-everest-QMFE: 430000
2026-07-29 21:28:20.948 UTC [INFO    ] QueryExecutor_2 - Current_row_count for query extract-everest-QMFE: 440000
2026-07-29 21:28:21.995 UTC [INFO    ] QueryExecutor_2 - Current_row_count for query extract-everest-QMFE: 450000
2026-07-29 21:28:22.979 UTC [INFO    ] QueryExecutor_2 - Current_row_count for query extract-everest-QMFE: 460000
2026-07-29 21:28:23.760 UTC [INFO    ] QueryExecutor_2 - Upload queue reached threshold size 50000/50000, triggering upload
2026-07-29 21:28:24.807 UTC [DEBUG   ] ThreadPoolExecutor-0_0 - https://az-phx-001.cognitedata.com:443 "POST /api/v1/projects/bdx-dev/raw/dbs/db_databricks_everest_raw/tables/tb_QMFE/rows?ensureParent=True HTTP/1.1" 200 6
2026-07-29 21:28:24.807 UTC [DEBUG   ] ThreadPoolExecutor-0_0 - HTTP/1.1 POST https://az-phx-001.cognitedata.com/api/v1/projects/bdx-dev/raw/dbs/db_databricks_everest_raw/tables/tb_QMFE/rows?ensureParent=True 200
2026-07-29 21:28:25.010 UTC [DEBUG   ] ThreadPoolExecutor-0_4 - https://az-phx-001.cognitedata.com:443 "POST /api/v1/projects/bdx-dev/raw/dbs/db_databricks_everest_raw/tables/tb_QMFE/rows?ensureParent=True HTTP/1.1" 200 6
2026-07-29 21:28:25.026 UTC [DEBUG   ] ThreadPoolExecutor-0_4 - HTTP/1.1 POST https://az-phx-001.cognitedata.com/api/v1/projects/bdx-dev/raw/dbs/db_databricks_everest_raw/tables/tb_QMFE/rows?ensureParent=True 200
2026-07-29 21:28:25.073 UTC [DEBUG   ] ThreadPoolExecutor-0_2 - https://az-phx-001.cognitedata.com:443 "POST /api/v1/projects/bdx-dev/raw/dbs/db_databricks_everest_raw/tables/tb_QMFE/rows?ensureParent=True HTTP/1.1" 200 6
2026-07-29 21:28:25.073 UTC [DEBUG   ] ThreadPoolExecutor-0_3 - https://az-phx-001.cognitedata.com:443 "POST /api/v1/projects/bdx-dev/raw/dbs/db_databricks_everest_raw/tables/tb_QMFE/rows?ensureParent=True HTTP/1.1" 200 6
2026-07-29 21:28:25.073 UTC [DEBUG   ] ThreadPoolExecutor-0_1 - https://az-phx-001.cognitedata.com:443 "POST /api/v1/projects/bdx-dev/raw/dbs/db_databricks_everest_raw/tables/tb_QMFE/rows?ensureParent=True HTTP/1.1" 200 6
2026-07-29 21:28:25.073 UTC [DEBUG   ] ThreadPoolExecutor-0_2 - HTTP/1.1 POST https://az-phx-001.cognitedata.com/api/v1/projects/bdx-dev/raw/dbs/db_databricks_everest_raw/tables/tb_QMFE/rows?ensureParent=True 200
2026-07-29 21:28:25.073 UTC [DEBUG   ] ThreadPoolExecutor-0_3 - HTTP/1.1 POST https://az-phx-001.cognitedata.com/api/v1/projects/bdx-dev/raw/dbs/db_databricks_everest_raw/tables/tb_QMFE/rows?ensureParent=True 200
2026-07-29 21:28:25.073 UTC [DEBUG   ] ThreadPoolExecutor-0_1 - HTTP/1.1 POST https://az-phx-001.cognitedata.com/api/v1/projects/bdx-dev/raw/dbs/db_databricks_everest_raw/tables/tb_QMFE/rows?ensureParent=True 200
2026-07-29 21:28:25.479 UTC [DEBUG   ] ThreadPoolExecutor-0_0 - https://az-phx-001.cognitedata.com:443 "POST /api/v1/projects/bdx-dev/raw/dbs/db_databricks_everest_raw/tables/tb_QMFE/rows?ensureParent=True HTTP/1.1" 200 6
2026-07-29 21:28:25.479 UTC [DEBUG   ] ThreadPoolExecutor-0_0 - HTTP/1.1 POST https://az-phx-001.cognitedata.com/api/v1/projects/bdx-dev/raw/dbs/db_databricks_everest_raw/tables/tb_QMFE/rows?ensureParent=True 200
2026-07-29 21:28:25.901 UTC [DEBUG   ] ThreadPoolExecutor-0_4 - https://az-phx-001.cognitedata.com:443 "POST /api/v1/projects/bdx-dev/raw/dbs/db_databricks_everest_raw/tables/tb_QMFE/rows?ensureParent=True HTTP/1.1" 200 6
2026-07-29 21:28:25.901 UTC [DEBUG   ] ThreadPoolExecutor-0_4 - HTTP/1.1 POST https://az-phx-001.cognitedata.com/api/v1/projects/bdx-dev/raw/dbs/db_databricks_everest_raw/tables/tb_QMFE/rows?ensureParent=True 200
2026-07-29 21:28:25.947 UTC [DEBUG   ] ThreadPoolExecutor-0_2 - https://az-phx-001.cognitedata.com:443 "POST /api/v1/projects/bdx-dev/raw/dbs/db_databricks_everest_raw/tables/tb_QMFE/rows?ensureParent=True HTTP/1.1" 200 6
2026-07-29 21:28:25.947 UTC [DEBUG   ] ThreadPoolExecutor-0_2 - HTTP/1.1 POST https://az-phx-001.cognitedata.com/api/v1/projects/bdx-dev/raw/dbs/db_databricks_everest_raw/tables/tb_QMFE/rows?ensureParent=True 200
2026-07-29 21:28:25.963 UTC [DEBUG   ] ThreadPoolExecutor-0_3 - https://az-phx-001.cognitedata.com:443 "POST /api/v1/projects/bdx-dev/raw/dbs/db_databricks_everest_raw/tables/tb_QMFE/rows?ensureParent=True HTTP/1.1" 200 6
2026-07-29 21:28:25.963 UTC [DEBUG   ] ThreadPoolExecutor-0_3 - HTTP/1.1 POST https://az-phx-001.cognitedata.com/api/v1/projects/bdx-dev/raw/dbs/db_databricks_everest_raw/tables/tb_QMFE/rows?ensureParent=True 200
2026-07-29 21:28:25.979 UTC [DEBUG   ] ThreadPoolExecutor-0_1 - https://az-phx-001.cognitedata.com:443 "POST /api/v1/projects/bdx-dev/raw/dbs/db_databricks_everest_raw/tables/tb_QMFE/rows?ensureParent=True HTTP/1.1" 200 6
2026-07-29 21:28:25.979 UTC [DEBUG   ] ThreadPoolExecutor-0_1 - HTTP/1.1 POST https://az-phx-001.cognitedata.com/api/v1/projects/bdx-dev/raw/dbs/db_databricks_everest_raw/tables/tb_QMFE/rows?ensureParent=True 200
2026-07-29 21:28:25.979 UTC [INFO    ] QueryExecutor_2 - Uploaded 50000 raw rows
2026-07-29 21:28:26.229 UTC [INFO    ] QueryExecutor_2 - Current_row_count for query extract-everest-QMFE: 470000
2026-07-29 21:28:27.213 UTC [INFO    ] QueryExecutor_2 - Current_row_count for query extract-everest-QMFE: 480000
2026-07-29 21:28:28.260 UTC [INFO    ] QueryExecutor_2 - Current_row_count for query extract-everest-QMFE: 490000
2026-07-29 21:28:29.244 UTC [INFO    ] QueryExecutor_2 - Current_row_count for query extract-everest-QMFE: 500000
2026-07-29 21:28:30.291 UTC [INFO    ] QueryExecutor_2 - Current_row_count for query extract-everest-QMFE: 510000
2026-07-29 21:28:31.072 UTC [INFO    ] QueryExecutor_2 - Upload queue reached threshold size 50000/50000, triggering upload
2026-07-29 21:28:32.244 UTC [DEBUG   ] ThreadPoolExecutor-0_0 - https://az-phx-001.cognitedata.com:443 "POST /api/v1/projects/bdx-dev/raw/dbs/db_databricks_everest_raw/tables/tb_QMFE/rows?ensureParent=True HTTP/1.1" 200 6
2026-07-29 21:28:32.244 UTC [DEBUG   ] ThreadPoolExecutor-0_0 - HTTP/1.1 POST https://az-phx-001.cognitedata.com/api/v1/projects/bdx-dev/raw/dbs/db_databricks_everest_raw/tables/tb_QMFE/rows?ensureParent=True 200
2026-07-29 21:28:32.338 UTC [DEBUG   ] ThreadPoolExecutor-0_1 - https://az-phx-001.cognitedata.com:443 "POST /api/v1/projects/bdx-dev/raw/dbs/db_databricks_everest_raw/tables/tb_QMFE/rows?ensureParent=True HTTP/1.1" 200 6
2026-07-29 21:28:32.338 UTC [DEBUG   ] ThreadPoolExecutor-0_1 - HTTP/1.1 POST https://az-phx-001.cognitedata.com/api/v1/projects/bdx-dev/raw/dbs/db_databricks_everest_raw/tables/tb_QMFE/rows?ensureParent=True 200
2026-07-29 21:28:32.385 UTC [DEBUG   ] ThreadPoolExecutor-0_2 - https://az-phx-001.cognitedata.com:443 "POST /api/v1/projects/bdx-dev/raw/dbs/db_databricks_everest_raw/tables/tb_QMFE/rows?ensureParent=True HTTP/1.1" 200 6
2026-07-29 21:28:32.400 UTC [DEBUG   ] ThreadPoolExecutor-0_3 - https://az-phx-001.cognitedata.com:443 "POST /api/v1/projects/bdx-dev/raw/dbs/db_databricks_everest_raw/tables/tb_QMFE/rows?ensureParent=True HTTP/1.1" 200 6
2026-07-29 21:28:32.400 UTC [DEBUG   ] ThreadPoolExecutor-0_2 - HTTP/1.1 POST https://az-phx-001.cognitedata.com/api/v1/projects/bdx-dev/raw/dbs/db_databricks_everest_raw/tables/tb_QMFE/rows?ensureParent=True 200
2026-07-29 21:28:32.400 UTC [DEBUG   ] ThreadPoolExecutor-0_4 - https://az-phx-001.cognitedata.com:443 "POST /api/v1/projects/bdx-dev/raw/dbs/db_databricks_everest_raw/tables/tb_QMFE/rows?ensureParent=True HTTP/1.1" 200 6
2026-07-29 21:28:32.400 UTC [DEBUG   ] ThreadPoolExecutor-0_3 - HTTP/1.1 POST https://az-phx-001.cognitedata.com/api/v1/projects/bdx-dev/raw/dbs/db_databricks_everest_raw/tables/tb_QMFE/rows?ensureParent=True 200
2026-07-29 21:28:32.447 UTC [DEBUG   ] ThreadPoolExecutor-0_4 - HTTP/1.1 POST https://az-phx-001.cognitedata.com/api/v1/projects/bdx-dev/raw/dbs/db_databricks_everest_raw/tables/tb_QMFE/rows?ensureParent=True 200
2026-07-29 21:28:32.994 UTC [DEBUG   ] ThreadPoolExecutor-0_0 - https://az-phx-001.cognitedata.com:443 "POST /api/v1/projects/bdx-dev/raw/dbs/db_databricks_everest_raw/tables/tb_QMFE/rows?ensureParent=True HTTP/1.1" 200 6
2026-07-29 21:28:32.994 UTC [DEBUG   ] ThreadPoolExecutor-0_0 - HTTP/1.1 POST https://az-phx-001.cognitedata.com/api/v1/projects/bdx-dev/raw/dbs/db_databricks_everest_raw/tables/tb_QMFE/rows?ensureParent=True 200
2026-07-29 21:28:33.213 UTC [DEBUG   ] ThreadPoolExecutor-0_1 - https://az-phx-001.cognitedata.com:443 "POST /api/v1/projects/bdx-dev/raw/dbs/db_databricks_everest_raw/tables/tb_QMFE/rows?ensureParent=True HTTP/1.1" 200 6
2026-07-29 21:28:33.213 UTC [DEBUG   ] ThreadPoolExecutor-0_1 - HTTP/1.1 POST https://az-phx-001.cognitedata.com/api/v1/projects/bdx-dev/raw/dbs/db_databricks_everest_raw/tables/tb_QMFE/rows?ensureParent=True 200
2026-07-29 21:28:33.260 UTC [DEBUG   ] ThreadPoolExecutor-0_2 - https://az-phx-001.cognitedata.com:443 "POST /api/v1/projects/bdx-dev/raw/dbs/db_databricks_everest_raw/tables/tb_QMFE/rows?ensureParent=True HTTP/1.1" 200 6
2026-07-29 21:28:33.260 UTC [DEBUG   ] ThreadPoolExecutor-0_2 - HTTP/1.1 POST https://az-phx-001.cognitedata.com/api/v1/projects/bdx-dev/raw/dbs/db_databricks_everest_raw/tables/tb_QMFE/rows?ensureParent=True 200
2026-07-29 21:28:33.260 UTC [DEBUG   ] ThreadPoolExecutor-0_3 - https://az-phx-001.cognitedata.com:443 "POST /api/v1/projects/bdx-dev/raw/dbs/db_databricks_everest_raw/tables/tb_QMFE/rows?ensureParent=True HTTP/1.1" 200 6
2026-07-29 21:28:33.260 UTC [DEBUG   ] ThreadPoolExecutor-0_3 - HTTP/1.1 POST https://az-phx-001.cognitedata.com/api/v1/projects/bdx-dev/raw/dbs/db_databricks_everest_raw/tables/tb_QMFE/rows?ensureParent=True 200
2026-07-29 21:28:33.275 UTC [DEBUG   ] ThreadPoolExecutor-0_4 - https://az-phx-001.cognitedata.com:443 "POST /api/v1/projects/bdx-dev/raw/dbs/db_databricks_everest_raw/tables/tb_QMFE/rows?ensureParent=True HTTP/1.1" 200 6
2026-07-29 21:28:33.275 UTC [DEBUG   ] ThreadPoolExecutor-0_4 - HTTP/1.1 POST https://az-phx-001.cognitedata.com/api/v1/projects/bdx-dev/raw/dbs/db_databricks_everest_raw/tables/tb_QMFE/rows?ensureParent=True 200
2026-07-29 21:28:33.275 UTC [INFO    ] QueryExecutor_2 - Uploaded 50000 raw rows
2026-07-29 21:28:33.529 UTC [INFO    ] QueryExecutor_2 - Current_row_count for query extract-everest-QMFE: 520000
2026-07-29 21:28:34.404 UTC [INFO    ] QueryExecutor_2 - No more rows for extract-everest-QMFE. 528731 rows extracted in 4.96e+02 seconds
2026-07-29 21:28:34.404 UTC [INFO    ] QueryExecutor_2 - Reporting new success run: No more rows for extract-everest-QMFE. 528731 rows extracted in 4.96e+02 seconds
2026-07-29 21:28:34.451 UTC [DEBUG   ] ThreadPoolExecutor-0_0 - https://az-phx-001.cognitedata.com:443 "POST /api/v1/projects/bdx-dev/extpipes/runs HTTP/1.1" 200 213
2026-07-29 21:28:34.451 UTC [DEBUG   ] ThreadPoolExecutor-0_0 - HTTP/1.1 POST https://az-phx-001.cognitedata.com/api/v1/projects/bdx-dev/extpipes/runs 200
2026-07-29 21:28:34.701 UTC [DEBUG   ] ThreadPoolExecutor-0_4 - https://az-phx-001.cognitedata.com:443 "POST /api/v1/projects/bdx-dev/raw/dbs/db_databricks_everest_raw/tables/tb_QMFE/rows?ensureParent=True HTTP/1.1" 200 6
2026-07-29 21:28:34.701 UTC [DEBUG   ] ThreadPoolExecutor-0_4 - HTTP/1.1 POST https://az-phx-001.cognitedata.com/api/v1/projects/bdx-dev/raw/dbs/db_databricks_everest_raw/tables/tb_QMFE/rows?ensureParent=True 200
2026-07-29 21:28:35.092 UTC [DEBUG   ] ThreadPoolExecutor-0_2 - https://az-phx-001.cognitedata.com:443 "POST /api/v1/projects/bdx-dev/raw/dbs/db_databricks_everest_raw/tables/tb_QMFE/rows?ensureParent=True HTTP/1.1" 200 6
2026-07-29 21:28:35.092 UTC [DEBUG   ] ThreadPoolExecutor-0_2 - HTTP/1.1 POST https://az-phx-001.cognitedata.com/api/v1/projects/bdx-dev/raw/dbs/db_databricks_everest_raw/tables/tb_QMFE/rows?ensureParent=True 200
2026-07-29 21:28:35.123 UTC [DEBUG   ] ThreadPoolExecutor-0_3 - https://az-phx-001.cognitedata.com:443 "POST /api/v1/projects/bdx-dev/raw/dbs/db_databricks_everest_raw/tables/tb_QMFE/rows?ensureParent=True HTTP/1.1" 200 6
2026-07-29 21:28:35.123 UTC [DEBUG   ] ThreadPoolExecutor-0_3 - HTTP/1.1 POST https://az-phx-001.cognitedata.com/api/v1/projects/bdx-dev/raw/dbs/db_databricks_everest_raw/tables/tb_QMFE/rows?ensureParent=True 200
2026-07-29 21:28:35.139 UTC [INFO    ] QueryExecutor_2 - Uploaded 10731 raw rows
2026-07-29 21:28:36.232 UTC [INFO    ] MainThread - Reporting new failure run: RuntimeError: Some queries finished with errors: extract-everest-MHIO, extract-everest-PMCO, extract-everest-QAMR
2026-07-29 21:28:36.389 UTC [DEBUG   ] ConfigReloader - Loading local config file
2026-07-29 21:28:36.451 UTC [DEBUG   ] ThreadPoolExecutor-0_0 - https://az-phx-001.cognitedata.com:443 "POST /api/v1/projects/bdx-dev/extpipes/runs HTTP/1.1" 200 246
2026-07-29 21:28:36.483 UTC [DEBUG   ] ThreadPoolExecutor-0_0 - HTTP/1.1 POST https://az-phx-001.cognitedata.com/api/v1/projects/bdx-dev/extpipes/runs 200
